OriginalIndex,BalabanIndex_div_PathComplexityIndex,RingCount_div_PMI_Ratio1,Max_EState_div_BalabanIndex,BalabanIndex_div_ZagrebIndex,Largest_ring_size_div_BalabanIndex,TotalPathCount_div_Largest_ring_size,SSSR_count_div_AtomInformationContent,Fused_ring_count_div_PMI_Ratio1,PMI2_div_Largest_ring_size,SSSR_count_div_SpherocityIndex,SSSR_count_div_partial_charge_max,BalabanIndex_div_partial_charge_max,RingCount_div_FractionCSP3,ZagrebIndex_div_Chi0,TPSA_div_BalabanIndex,MolarRefractivity_div_TotalPathCount,GraphDistanceDistributionEntropy_div_TotalPathCount,PMI2_div_Fused_ring_count,SSSR_count_div_BondInformationContent,Fused_ring_count_div_FragmentComplexityScore,AtomInformationContent_div_BalabanIndex,TotalPathCount_div_RadiusOfGyration,GraphDistanceDistributionEntropy_div_BertzCTIndex,Fused_ring_count_div_InertialShapeFactor,StereocenterCount_div_BalabanIndex,BalabanIndex_div_Asphericity,RadiusOfGyration_div_Largest_ring_size,ZagrebIndex_div_CovalentRadiusSum,MolarRefractivity_div_BertzCTIndex,PMI1_div_Largest_ring_size,BalabanIndex_div_HBA,RingCount_div_Fused_ring_count,Fused_ring_count_div_FractionCSP3,Largest_ring_size_div_PMI_Ratio1,Chi4_div_FractionCSP3,PMI1_div_WienerIndex,SSSR_count_div_DoubleBondCount,RingCount_div_SSSR_count,Chi4_div_RadiusOfGyration,Fused_ring_count_div_Bridged_ring_count,HBD_div_BalabanIndex,BalabanIndex_div_TopologicalRadius,TopologicalDiameter_div_BertzCTIndex,HeteroatomCount_div_Largest_ring_size,WienerIndex_div_RingCount,Chi2_div_Chi4,Chi4_div_Bridged_ring_count,Fused_ring_count_div_BondInformationContent,TotalPathCount_div_FractionCSP3,StereocenterCount_div_PMI_Ratio1,partial_charge_max_div_BertzCTIndex,PMI1_div_Bridged_ring_count,Fused_ring_count_div_DoubleBondCount,SSSR_count_div_Min_EState,Asphericity_div_Largest_ring_size,PathComplexityIndex_div_Largest_ring_size,WienerIndex_div_RotatableBonds,RingCount_div_RotatableBonds,Bridged_ring_count_div_Fused_ring_count,RotatableBonds_div_WienerIndex,StereocenterCount_div_Fused_ring_count,BondInformationContent_div_BalabanIndex,Avg_EState_div_PathComplexityIndex,RingCount_div_Asphericity,PMI_Ratio1_div_BertzCTIndex,Max_EState_div_Largest_ring_size,BalabanIndex_div_BondInformationContent,WienerIndex_div_PMI3,SSSR_count_div_ZagrebIndex,TPSA_div_Fused_ring_count,RotatableBonds_div_BertzCTIndex,Asphericity_div_Bridged_ring_count,RotatableBonds_div_Chi4,HBD_div_Fused_ring_count,Min_EState_div_BalabanIndex,Fused_ring_count_div_Min_EState,BertzCTIndex_div_Max_EState,LogP_div_Chi4,FragmentComplexityScore_div_TotalPathCount,FractionCSP3_div_Chi3
15,0.0,0.0,0.0,0.3813116307194417,0.0,0.0,0.0,0.0,0.2673103216120671,0.0,0.0,0.0,0.0,0.0,0.0,0.0,0.3002684379148779,0.0,0.0,0.0,0.0,0.0,0.0,0.0,0.0,0.0,0.0,0.0,0.0,0.0,0.0,0.0,0.0,0.0,0.22060938620470472,0.0,0.0,0.0,0.2324965928925375,0.0,0.0,0.38100791817788626,0.0,0.0,0.0,0.0,0.0,0.0,0.0,0.0,0.0,0.0,0.0,0.0,0.0,0.0,0.0,0.0,0.0,0.0,0.304452216568419,0.0,0.0,0.0,0.0,0.0,0.0,0.0,0.2843337225357658,0.0,0.0,0.0,0.0,0.0,0.22067126351976818,0.0,0.0,0.0,0.3929614217186806,0.0
26,0.0,0.0,0.0,0.0,0.0,0.0,0.0,0.0,0.0,0.0,0.0,0.28145037050445243,0.0,0.0,0.0,0.0,0.2558208059258007,0.0,0.0,0.0,0.3040694349840749,0.0,0.0,0.0,0.0,0.0,0.0,0.0,0.0,0.3479115183301403,0.0,0.0,0.0,0.0,0.2311132056063011,0.0,0.0,0.0,0.0,0.0,0.35542929062440587,0.2875547646213231,0.0,0.0,0.0,0.0,0.0,0.0,0.0,0.0,0.0,0.0,0.0,0.0,0.0,0.0,0.0,0.0,0.0,0.0,0.0,0.0,0.0,0.0,0.0,0.0,0.3578865705617322,0.0,0.0,0.0,0.0,0.0,0.0,0.0,0.0,0.0,0.0,0.27797108921195945,0.3392427952758715,0.0
27,0.0,0.3198281515526573,0.2688818517135043,0.2963748333699723,0.0,0.0,0.3357545795092237,0.0,0.0,0.0,0.0,0.0,0.0,0.0,0.0,0.0,0.3010723700741368,0.0,0.0,0.0,0.0,0.0,0.0,0.0,0.0,0.0,0.0,0.0,0.0,0.0,0.0,0.0,0.0,0.0,0.2940850122825533,0.0,0.0,0.0,0.0,0.0,0.0,0.0,0.0,0.0,0.0,0.0,0.0,0.0,0.0,0.0,0.0,0.0,0.0,0.0,0.0,0.0,0.0,0.0,0.0,0.35687642689057525,0.0,0.0,0.3398488622155049,0.0,0.0,0.0,0.0,0.3092741389612428,0.0,0.0,0.0,0.0,0.0,0.0,0.0,0.0,0.0,0.0,0.2968424531482314,0.0
28,0.0,-0.1551376254181062,-0.13824353491204286,0.0,0.0,0.0,0.0,-0.2007667886066787,0.0,0.0,0.0,0.0,0.0,0.0,0.0,0.0,0.0,0.0,0.0,0.0,0.0,0.0,0.0,0.0,0.0,-0.09935276400327098,0.0,0.0,0.0,0.0,0.0,0.0,0.0,-0.1809316402739906,0.0,-0.14609975995753977,0.0,0.0,0.0,0.0,0.0,0.0,0.0,-0.14829417951317894,0.0,0.0,0.0,0.0,0.0,0.0,0.0,0.0,0.0,0.0,-0.1841126852652569,0.0,0.0,0.0,0.0,0.0,0.0,-0.173763761849878,0.0,0.0,0.0,0.0,-0.14017086908891396,0.0,0.0,0.0,0.0,0.0,0.0,0.0,0.0,0.0,0.0,0.0,0.0,0.0
34,0.0,0.0,0.08253460107730383,0.0,0.0,0.0,0.0,0.0,0.0,0.0,0.0,0.0,0.0,0.08513149324464679,0.0,0.08832053255549287,0.0,0.0,0.0,0.0,0.0,0.0,0.0,0.0,0.0,0.0,0.0,0.09342320080407156,0.0,0.0,0.0,0.0,0.0,0.0,0.0,0.07468978108528512,0.0,0.0,0.0,0.08469488488800378,0.0,0.0,0.0,0.0,0.0638674941918882,0.0,0.0,0.0,0.0,0.0,0.0,0.0,0.0,0.0,0.0,0.0,0.0,0.0,0.0,0.0,0.0,0.0,0.0,0.0,0.0,0.0,0.0,0.0,0.0,0.0,0.0,0.0,0.08762852188579959,0.0,0.09813656272787813,0.0,0.08257507520283235,0.0,0.0,0.0
44,0.0,0.0,0.0,0.0,0.0,0.0,0.0,-0.08041994208751517,0.0,0.0,0.0,0.0,0.0,0.0,0.0,0.0,0.0,0.0,0.0,0.0,0.0,-0.07436507731714952,0.0,0.0,0.0,-0.07568110928214455,0.0,0.0,0.0,0.0,0.0,0.0,0.0,0.0,0.0,-0.08075964792337008,0.0,0.0,0.0,0.0,0.0,0.0,0.0,0.0,0.0,0.0,0.0,0.0,0.0,0.0,0.0,0.0,0.0,0.0,-0.08248769891455245,0.0,0.0,0.0,0.0,0.0,0.0,-0.0577904889172476,0.0,0.0,0.0,0.0,0.0,0.0,0.0,0.0,-0.06623068838439389,-0.06445402173756057,-0.06421344786751275,0.0,0.0,0.0,0.0,-0.07735833386533904,0.0,0.0
51,0.0,0.0,0.0,0.0,0.0,0.24036946261210934,0.0,0.0,0.0,0.0,0.0,0.0,0.0,0.0,0.0,0.0,0.0,0.0,0.0,0.0,0.24938367469630396,0.0,0.0,0.0,0.0,0.0,0.0,0.0,0.0,0.0,0.0,0.0,0.24311780951782438,0.0,0.0,0.0,0.0,0.2353320945949562,0.17270888247372357,0.0,0.0,0.0,0.25432174433995053,0.0,0.0,0.0,0.0,0.0,0.0,0.0,0.0,0.0,0.0,0.0,0.0,0.0,0.0,0.23840917492266858,0.0,0.0,0.0,0.0,0.0,0.0,0.0,0.23616463887627173,0.0,0.0,0.17395962306922996,0.0,0.0,0.0,0.0,0.0,0.0,0.0,0.0,0.22700104261955129,0.0,0.0
52,0.0,0.0,0.0,0.0,0.1511168302720993,0.0,0.0,0.0,0.0,0.0,0.1754332136951598,0.0,0.0,0.0,0.0,0.0,0.0,0.0,0.0,0.0,0.0,0.0,0.0,0.0,0.0,0.0,0.17342513158665662,0.21999765418889805,0.0,0.0,0.0,0.0,0.0,0.0,0.0,0.0,0.0,0.17587682580295544,0.0,0.0,0.0,0.0,0.0,0.0,0.0,0.0,0.0,0.0,0.0,0.0,0.1857036374255518,0.0,0.0,0.0,0.188235463909528,0.0,0.0,0.0,0.0,0.0,0.0,0.0,0.0,0.0,0.0,0.0,0.0,0.0,0.0,0.0,0.0,0.0,0.17659213107165514,0.0,0.21260532610718694,0.0,0.0,0.2103866128930101,0.0,0.0
66,0.0,0.0,0.30077332230863485,0.44667430073516373,0.0,0.0,0.0,0.0,0.0,0.0,0.0,0.0,0.0,0.0,0.0,0.0,0.0,0.0,0.0,0.0,0.0,0.0,0.3137402129893335,0.0,0.0,0.0,0.0,0.0,0.0,0.0,0.0,0.0,0.0,0.0,0.0,0.362833276916457,0.0,0.0,0.0,0.0,0.0,0.36217085282556705,0.0,0.0,0.0,0.0,0.0,0.0,0.0,0.0,0.4418898846539067,0.0,0.0,0.0,0.0,0.0,0.0,0.0,0.0,0.34892480888914573,0.0,0.0,0.0,0.0,0.4470027294340203,0.0,0.0,0.0,0.0,0.0,0.0,0.0,0.0,0.0,0.0,0.0,0.0,0.0,0.49624732071012345,0.36183000930967146
67,0.0,0.0,0.0,0.0,0.0,0.0,0.0,0.0,0.0,0.0,0.0,0.4435650472850476,0.0,0.3645006344409449,0.0,0.0,0.40053808732513135,0.0,0.0,0.0,0.0,0.0,0.4278110302992436,0.0,0.0,0.0,0.0,0.0,0.3980879309515981,0.0,0.0,0.0,0.0,0.0,0.0,0.0,0.0,0.0,0.0,0.0,0.0,0.0,0.2659918354251531,0.0,0.0,0.0,0.0,0.0,0.0,0.0,0.0,0.0,0.0,0.0,0.0,0.0,0.0,0.0,0.0,0.583778433511042,0.0,0.0,0.0,0.0,0.4360119200582849,0.0,0.0,0.0,0.0,0.0,0.2923517606994017,0.0,0.0,0.0,0.0,0.0,0.0,0.0,0.3992038352885224,0.0
69,0.0,0.0,-0.05936712839961543,0.0,0.0,0.0,0.0,0.0,0.0,0.0,0.0,0.0,0.0,0.0,0.0,0.0,0.0,0.0,0.0,0.0,-0.043337886698248576,0.0,0.0,0.0,0.0,0.0,0.0,-0.03372926939199635,0.0,0.0,0.0,0.0,0.0,-0.031304037517967336,0.0,-0.03113728861621598,0.0,0.0,0.0,0.0,0.0,-0.032317162619787454,0.0,0.0,0.0,0.0,0.0,0.0,0.0,-0.03626955064273529,0.0,0.0,0.0,0.0,0.0,0.0,0.0,0.0,0.0,-0.03662820864430071,0.0,-0.04218568528375939,0.0,0.0,-0.03412798291762255,0.0,0.0,0.0,0.0,0.0,0.0,0.0,0.0,0.0,0.0,0.0,0.0,0.0,0.0,0.0
71,0.0,-0.28093683574893713,0.0,0.0,0.0,-0.23625552302133215,0.0,0.0,0.0,0.0,0.0,0.0,0.0,0.0,-0.23836351963739055,0.0,0.0,-0.21411017442757763,0.0,0.0,-0.1907129017321163,0.0,0.0,0.0,0.0,0.0,0.0,0.0,0.0,0.0,0.0,-0.2410412649922211,0.0,-0.26356284669919516,0.0,0.0,0.0,0.0,0.0,0.0,0.0,0.0,0.0,0.0,0.0,0.0,0.0,0.0,0.0,0.0,0.0,-0.1820523766760184,0.0,0.0,0.0,-0.22072865954837093,0.0,0.0,0.0,0.0,0.0,0.0,0.0,0.0,0.0,0.0,0.0,0.0,0.0,0.0,0.0,-0.3150827934959901,0.0,0.0,0.0,0.0,0.0,0.0,0.0,0.0
75,-0.059094786568191206,-0.12116813458831585,0.0,-0.07838250799492151,-0.07200947564694098,0.0,0.0,0.0,0.0,0.0,0.0,0.0,0.0,0.0,0.0,0.0,0.0,0.0,0.0,0.0,0.0,0.0,0.0,0.0,0.0,0.0,-0.0712826909129829,0.0,0.0,0.0,0.0,0.0,0.0,-0.09523540530494409,0.0,-0.09823229685056889,0.0,0.0,0.0,0.0,0.0,-0.07787465680672395,0.0,0.0,0.0,0.0,0.0,0.0,0.0,0.0,0.0,0.0,0.0,0.0,-0.10787889710581013,0.0,0.0,0.0,0.0,0.0,0.0,-0.0967603453100017,0.0,0.0,0.0,0.0,0.0,0.0,0.0,0.0,0.0,0.0,0.0,0.0,0.0,0.0,0.0,0.0,0.0,0.0
90,0.0,0.0,0.0,0.0,0.0,0.0,0.0,0.0,0.0,0.0,0.0,0.0,0.0,0.0,0.0,0.0,0.01915844270410071,0.0,0.0,0.0,0.0,0.0,0.01481468088907155,0.0,0.0,0.0,0.0,0.0,0.0,0.0,0.0,0.0,0.0,0.0,0.004082063562039125,0.0,0.0,0.0,0.0,0.0,0.007592875935070773,0.0,0.0,0.0,0.0,0.0,0.0,0.0,0.0,0.003794029461228643,0.01300538575407618,0.0,0.017343159871476253,0.0,0.0,0.0,0.0,0.0,0.0,0.03827767001069729,0.0,0.0,0.0,0.0,0.0,0.0,0.0,0.0,0.0,0.0,0.0,0.0,0.0,0.0,0.01583198346646832,0.0,0.0,0.0,0.026983699488418347,0.0
109,0.0,0.0,-0.06787009150789267,0.0,-0.07140938340141142,-0.06862631972110228,0.0,0.0,0.0,0.0,0.0,0.0,0.0,0.0,0.0,0.0,0.0,0.0,0.0,0.0,-0.07542580907735888,0.0,-0.06612056902060293,0.0,0.0,0.0,0.0,0.0,0.0,0.0,0.0,0.0,0.0,0.0,0.0,0.0,-0.05832823060934244,0.0,0.0,0.0,0.0,-0.06817254776569215,0.0,0.0,0.0,0.0,0.0,0.0,0.0,0.0,0.0,0.0,0.0,0.0,0.0,0.0,0.0,-0.08756535914540552,0.0,-0.06261196685513361,0.0,-0.1408125935524249,0.0,0.0,0.0,0.0,0.0,0.0,0.0,0.0,0.0,0.0,0.0,0.0,0.0,0.0,0.0,0.0,0.0,0.0
110,-0.16332913421755113,-0.194340458579821,-0.20008129042003656,0.0,0.0,0.0,0.0,-0.239529616749734,0.0,0.0,0.0,0.0,0.0,0.0,0.0,0.0,0.0,0.0,0.0,0.0,-0.20524468013592223,0.0,0.0,0.0,0.0,0.0,-0.18894167209567017,-0.2108718266158471,0.0,0.0,0.0,0.0,0.0,0.0,0.0,0.0,0.0,0.0,0.0,0.0,0.0,0.0,0.0,0.0,0.0,0.0,0.0,0.0,0.0,0.0,0.0,0.0,0.0,0.0,0.0,0.0,0.0,0.0,0.0,0.0,0.0,-0.2273632520902595,0.0,0.0,-0.17304262872428622,0.0,0.0,0.0,0.0,0.0,0.0,0.0,0.0,0.0,-0.25964363651797956,0.0,0.0,0.0,0.0,0.0
121,0.0,0.0,0.0,0.0,0.0,0.0,-0.06605694244087473,0.0,0.0,0.0,0.0,0.0,0.0,-0.08324228423165539,0.0,0.0,0.0,0.0,0.0,-0.07123772558981452,0.0,0.0,0.0,0.0,0.0,0.0,0.0,0.0,0.0,0.0,0.0,0.0,0.0,0.0,0.0,0.0,0.0,0.0,-0.06203201857344363,0.0,0.0,0.0,0.0,0.0,0.0,0.0,0.0,0.0,0.0,0.0,0.0,0.0,0.0,0.0,0.0,0.0,-0.05388885769230086,-0.08258605158795991,0.0,-0.06116510189902316,0.0,0.0,-0.06360150687706567,0.0,0.0,0.0,0.0,0.0,0.0,0.0,-0.04450463029794882,0.0,-0.054067050244667,0.0,0.0,0.0,0.0,0.0,0.0,0.0
124,0.0,0.0,-0.07477360779164348,0.0,0.0,0.0,0.0,0.0,0.0,0.0,0.0,-0.057132659055934905,0.0,0.0,0.0,0.0,0.0,0.0,0.01129635748799095,0.0,0.0,0.0,0.0,0.0323789810300496,0.0,0.0,0.0,0.0,0.0,0.03639260236918214,0.0,0.0,0.0,0.0,0.0,0.0,0.0,0.0,0.0,0.0,0.0,0.0,0.0,0.01192505932060118,0.0,0.01625287011736716,0.0,0.0,0.0,0.0,0.0,0.0,0.0,0.0,0.0,0.0,0.0,0.0,0.0,0.0,0.026315093682289275,0.0,0.0,0.0,0.0,0.0,0.0,0.044611576379875464,0.0,0.0,0.0,0.019291535337525076,0.0,0.0,0.0,0.0,0.0,0.0,0.0,0.0
128,0.0,0.0,-0.038315133913373496,0.0,-0.04036679914970137,0.0,0.0,0.0,0.0,0.0,0.0,0.0,0.0,0.0,0.0,0.0,0.0,0.0,0.0,0.0,-0.06854702288358497,0.0,0.0,0.0,0.0,0.0,0.0,0.0,0.0,0.0,-0.03220794010000824,0.0,0.0,0.0,0.0,0.0,0.0,-0.045965139041042685,0.0,0.0,-0.02726490475597129,-0.04932678975750276,0.0,0.0,0.0,0.0,0.0,0.0,0.0,0.0,0.0,0.0,0.0,0.0,0.0,0.0,0.0,0.0,0.0,0.0,0.0,0.0,0.0,0.0,0.0,0.0,0.0,0.0,0.0,0.0,0.0,0.0,0.0,-0.03902198116502019,-0.024130161193615385,0.0,0.0,-0.03257064082035437,0.0,0.0
129,0.0,0.0,-0.04001082218835102,-0.05666873063834123,-0.09861482408528088,0.0,0.0,0.0,0.0,0.0,0.0,0.0,0.0,0.0,0.0,-0.04351210986713318,0.0,0.0,0.0,0.0,-0.04533344070855442,0.0,-0.04252805542385285,0.0,0.0,0.0,0.0,-0.039158083061573784,0.0,0.0,0.0,0.0,0.0,0.0,0.0,0.0,0.0,0.0,0.0,0.0,0.0,-0.04396463001355855,0.0,0.0,0.0,0.0,0.0,0.0,0.0,0.0,0.0,0.0,0.0,0.0,0.0,0.0,0.0,0.0,0.0,0.0,0.0,0.0,0.0,0.0,-0.0351698545026432,0.0,0.0,0.0,0.0,0.0,-0.047025101516747284,0.0,0.0,0.0,0.0,0.0,0.0,0.0,0.0,0.0
142,0.0,0.0,-0.12802620058471814,0.0,0.0,0.0,0.0,0.0,0.0,0.0,0.0,0.0,-0.2032191898477872,0.0,0.0,0.0,0.0,0.0,0.0,0.0,-0.09883138393022393,0.0,-0.12502829210402944,0.0,0.0,0.0,0.0,0.0,0.0,0.0,0.0,-0.10930826116568271,0.0,0.0,-0.17138642639140209,0.0,-0.10497050304395857,0.0,0.0,0.0,0.0,0.0,0.0,0.0,0.0,0.0,0.0,-0.10839079644968397,-0.1399802874917937,0.0,0.0,0.0,0.0,0.0,0.0,0.0,0.0,0.0,0.0,0.0,0.0,0.0,0.0,0.0,0.0,0.0,0.0,0.0,0.0,0.0,0.0,-0.115988921504294,0.0,0.0,0.0,0.0,0.0,0.0,0.0,0.0
143,0.0,0.0,0.0,0.0,0.0,0.0,0.0,0.014025789042343466,0.0,0.0,0.0,0.0,0.0,0.0,0.0,0.0,0.0,0.0,0.0,0.0,0.0,0.0,0.0,0.0,0.0,0.0,0.0,0.0,0.0,0.0,0.0,0.0,0.016677308689241124,0.0,0.0,0.01790025609146379,0.0,0.0,0.0,0.0,0.010295755157934568,-0.04190130565849583,0.0,0.0,0.0,0.0,0.0,0.0,0.0,0.0,0.0,0.0,0.021790972896308037,0.0,0.014701414374064307,0.0,0.0,0.0,0.0,0.0,0.0,0.0,0.0,0.0,0.0,0.0,0.0,0.0,0.0,0.0,0.0,0.021883513171810955,0.0,0.0,0.020252652119773645,0.0,0.0,0.0,-0.040504483318831656,0.0
151,0.0,-0.013237381498684553,0.0,0.0,0.0,0.0,0.0,0.0,0.0,0.0,0.0,0.0,0.0,0.0,0.0,0.0,0.0,0.0,0.0,0.0,0.0,0.0,0.0,0.0,0.0,-0.005094417643583926,-0.006649778306612067,0.0,-0.008111640384631065,0.0,-0.009900960046700213,0.0,0.0,-0.010347781417671608,0.0,-0.016991900156968893,0.0,0.0,0.0,0.0,0.0,0.0,0.0,0.0,0.0,0.0,0.0,0.0,0.0,0.0,0.0,0.0,0.0,0.0,-0.038464821492605245,0.0,0.0,0.0,0.0,0.0,0.0,0.0,0.0,0.0,-0.011657063045566624,0.0,0.0,0.0,0.0,0.0,-0.012493042465327429,0.0,0.0,0.0,0.0,0.0,0.0,0.0,0.0,0.0
156,0.0,0.0,0.017643548407315898,0.0,0.0,0.0,0.016917353815187025,0.0,0.0,0.0,0.0,0.0,0.0,0.0,0.014427991302908609,0.0,0.018134832417451167,0.0,0.0,0.0,-0.03062061714886942,0.0,0.0,0.0,0.0,0.0,0.0,0.0,0.0,0.0,0.0,0.0,0.0,0.0,0.020378662046963057,0.0,0.0,0.0,0.0,0.0,0.0,0.0,0.0,0.0,0.0,0.0,0.0,0.0,0.0,0.0,0.0,0.0,0.0,0.0,-0.03256416336006368,0.0,0.0,0.0,0.0,0.03708208704652462,0.0,0.0,0.0,0.0,0.0,0.0,0.0,0.0,-0.025217683389857318,0.0,0.0,0.0,0.0,0.0,-0.05547091233910488,0.0,0.0,0.0,0.0,0.0
170,0.0,-0.21289859414524526,-0.2645612540212264,0.0,0.0,0.0,0.0,0.0,0.0,0.0,-0.18575711329543268,0.0,0.0,-0.18146744222508515,0.0,0.0,0.0,0.0,0.0,0.0,-0.16668615416111787,0.0,0.0,0.0,0.0,0.0,0.0,0.0,0.0,0.0,0.0,0.0,0.0,0.0,-0.15603024557342182,0.0,0.0,0.0,0.0,0.0,0.0,-0.17005811732073955,0.0,0.0,0.0,0.0,0.0,0.0,0.0,0.0,0.0,0.0,0.0,0.0,0.0,0.0,0.0,0.0,0.0,0.0,0.0,-0.194787257431716,0.0,0.0,0.0,0.0,0.0,0.0,-0.16307758440207598,0.0,0.0,0.0,0.0,0.0,0.0,0.0,0.0,0.0,-0.1818078965598393,0.0
171,0.0,-0.1731776682202598,0.0,0.0,0.0,0.0,0.0,0.0,0.0,0.0,0.0,0.0,-0.12802766409311073,0.0,0.0,0.0,0.0,0.0,0.0,0.0,-0.19382410373815737,0.0,0.0,0.0,0.0,0.0,0.0,0.0,0.0,0.0,0.0,0.0,0.0,0.0,0.0,-0.13091434387072706,0.0,0.0,0.0,0.0,0.0,-0.17022081353647228,0.0,0.0,0.0,0.0,0.0,0.0,0.0,0.0,0.0,0.0,0.0,-0.13084561087996738,-0.16271494931184924,0.0,0.0,0.0,0.0,0.0,0.0,-0.1904837325200034,0.0,0.0,-0.15370337644849885,0.0,-0.12094718897151657,0.0,0.0,0.0,0.0,0.0,0.0,0.0,0.0,0.0,0.0,0.0,0.0,0.0
178,0.0,0.0,-0.1045501114787814,0.0,-0.11141590633549735,-0.09596927796797462,0.0,0.0,0.0,0.0,0.0,0.0,0.0,0.0,0.0,0.0,-0.09983753701988048,0.0,0.0,0.0,0.0,0.0,-0.09955971955265874,0.0,0.0,0.0,-0.13739046520331888,0.0,-0.10814358739304447,0.0,0.0,0.0,0.0,0.0,0.0,0.0,0.0,0.0,0.0,0.0,0.0,0.0,0.0,0.0,0.0,0.0,0.0,0.0,0.0,0.0,0.0,0.0,0.0,0.0,-0.12344682039063132,0.0,0.0,0.0,0.0,0.0,0.0,-0.14925233520138506,0.0,0.0,0.0,0.0,0.0,-0.10741551576460129,0.0,0.0,0.0,0.0,0.0,0.0,0.0,0.0,0.0,0.0,0.0,0.0
183,0.0,0.0,0.0,0.0,0.0,0.008972486933111892,0.0,0.0,0.0,0.0,0.0,0.0,0.0,0.0,0.005821971761892433,0.0,0.011962097597123618,0.0,0.0,0.0,0.0,0.0,0.0,0.0,0.0,0.0,0.0,0.0,0.0,0.0,0.0,0.0,0.0,0.0,0.008685284463759537,0.0,0.008170405948192726,0.0,0.016810877048513476,0.0,0.0,0.0,0.0,0.0,0.0,0.0,0.0,0.0,0.0,0.0,0.0,0.0,0.0,0.0,-0.05058519051478995,0.0,0.0,0.0,0.0,0.0,0.0,0.0,0.0,0.0,0.0,0.0,0.0,0.0,0.0,0.0,0.0,0.0,0.0,0.0,0.014763117427745777,0.0,0.010140535374436101,0.0,0.016136022835355493,0.0
184,0.0,0.0,0.0,0.0,0.0,0.0,0.0,0.0,0.04070101599118744,0.0,0.0,0.0,0.0,0.0,0.0,0.0,0.052777311908945454,0.0,0.0,0.0,0.0,0.0,0.059596486654308355,0.0,0.0,0.0,0.0,0.0,0.054513942144403076,0.0,0.0,0.0,0.0,0.0,0.04756797009110387,0.0,0.0,0.0,0.0,0.0,0.0,0.0,0.041470105806835605,0.0,0.0,0.0,0.0,0.0,0.0,0.0,0.053917597922065685,0.0,0.0,0.0,0.0,0.0,0.0,0.0,0.0,0.0,0.0,0.0,0.0,0.0,0.03042157108157284,0.0,0.0,0.0,0.0,0.0,0.0,0.0,0.0,0.0,0.04544504781370121,0.0,0.0,0.0,0.0,0.07845143154376785
186,0.0,-0.37345117127869165,-0.2390935556994521,-0.2554425026149952,0.0,0.0,0.0,-0.39434145149790567,0.0,0.0,0.0,0.0,0.0,0.0,0.0,0.0,0.0,0.0,0.0,0.0,-0.20314695314274406,0.0,0.0,0.0,0.0,0.0,0.0,0.0,0.0,0.0,0.0,0.0,0.0,-0.1843000581627665,0.0,0.0,0.0,0.0,0.0,0.0,0.0,0.0,0.0,0.0,0.0,0.0,0.0,0.0,0.0,0.0,0.0,-0.230680837435869,0.0,0.0,-0.20499233321465413,0.0,0.0,0.0,-0.2168261688954809,0.0,0.0,0.0,0.0,0.0,0.0,0.0,0.0,0.0,0.0,0.0,0.0,-0.17493983349313152,0.0,0.0,0.0,0.0,0.0,0.0,0.0,0.0
191,0.0,0.0,-0.19111289238744725,0.0,-0.1188166336662928,0.0,-0.13409658014832831,0.0,0.0,0.0,-0.14254164894559213,0.0,0.0,-0.12504117018508334,0.0,0.0,0.0,0.0,0.0,0.0,0.0,0.0,0.0,0.0,0.0,0.0,0.0,0.0,0.0,0.0,0.0,0.0,0.0,0.0,0.0,0.0,-0.13645544795414508,0.0,0.0,0.0,0.0,0.0,0.0,0.0,0.0,0.0,0.0,0.0,0.0,0.0,0.0,0.0,0.0,0.0,0.0,0.0,-0.1439957218015762,0.0,0.0,0.0,0.0,-0.14471532286759492,-0.12037360175127755,0.0,0.0,0.0,0.0,0.0,-0.14692527879225697,0.0,0.0,0.0,0.0,0.0,0.0,0.0,0.0,0.0,0.0,0.0
198,0.0,0.03786280590390277,0.02681967586900313,0.0,0.0,0.0,0.0,0.027339800934983137,0.0,0.0,0.0,0.0,0.027870112920231397,0.03533657264770837,0.0,0.0,0.0,0.0,0.0,0.0,0.0,0.0,0.0,0.0,0.0,0.0,0.0,0.0,0.0,0.0,0.0,0.0,0.0,0.0,0.0,0.0,0.0,0.0,0.030787240527257637,0.0,0.0,0.03104721222982412,0.0,0.0,0.0,0.0,0.0,0.0,0.0,0.0293740862031851,0.0,0.0,0.0,0.0,0.0,0.0,0.0,0.0,0.0,0.0,0.0,0.0,0.0,0.0,0.0,0.0,0.0,0.0,0.0,0.023090452143840853,0.0,0.0,0.0,0.0,0.03440160559924701,0.0,0.0,0.0,0.0,0.0
220,0.0,-0.12591139572728782,0.0,0.0,0.0,0.0,0.0,-0.14032448933293576,0.0,0.0,0.0,0.0,0.0,0.0,0.0,0.0,-0.1446613865694564,0.0,-0.1670746020471304,0.0,0.0,0.0,0.0,0.0,0.0,0.0,0.0,0.0,0.0,0.0,0.0,0.0,0.0,0.0,0.0,0.0,0.0,0.0,0.0,0.0,0.0,0.0,0.0,-0.11795043239146569,0.0,-0.10525002858614751,0.0,-0.13959174097248406,0.0,-0.16739421479571817,0.0,0.0,0.0,0.0,-0.1071544977456065,0.0,0.0,0.0,0.0,0.0,-0.16911688818151982,0.0,0.0,0.0,0.0,0.0,0.0,0.0,0.0,0.0,0.0,0.0,0.0,0.0,0.0,0.0,0.0,0.0,0.0,0.0
223,0.0,0.0,-0.19612547575566291,0.0,-0.13077365938157479,0.0,0.0,0.0,0.0,0.0,-0.11939529569088465,0.0,0.0,0.0,0.0,0.0,0.0,0.0,0.0,0.0,0.0,0.0,0.0,0.0,0.0,0.0,0.0,0.0,0.0,0.0,0.0,-0.13594456023671078,0.0,0.0,0.0,0.0,0.0,0.0,0.0,0.0,0.0,-0.1673242697424259,0.0,0.0,0.0,0.0,0.0,0.0,0.0,0.0,0.0,0.0,0.0,0.0,-0.14126615230634876,0.0,0.0,0.0,0.0,0.0,0.0,-0.15618222579301416,0.0,0.0,0.0,0.0,0.0,0.0,-0.14197345554073384,0.0,0.0,-0.13127619209010985,0.0,0.0,0.0,0.0,0.0,0.0,0.0,-0.1285388566837778
228,0.0,-0.21380280606481913,-0.22870437248658215,0.0,0.0,0.0,-0.16407997400506286,0.0,0.0,0.0,0.0,0.0,0.0,0.0,-0.202985351312761,0.0,0.0,0.0,0.0,0.0,0.0,0.0,-0.20239082780760986,0.0,-0.23373287407752993,0.0,-0.22391707582004644,0.0,0.0,0.0,0.0,0.0,0.0,0.0,0.0,0.0,0.0,0.0,0.0,0.0,-0.17914491452775416,0.0,0.0,0.0,0.0,0.0,0.0,0.0,0.0,-0.22602092846684158,0.0,0.0,-0.20160489195691045,0.0,0.0,0.0,0.0,0.0,0.0,0.0,0.0,0.0,0.0,0.0,0.0,0.0,0.0,0.0,0.0,0.0,0.0,0.0,0.0,0.0,0.0,0.0,0.0,0.0,0.0,0.0
237,0.0,0.0,0.0,0.0,0.0,0.0,0.0,0.0,0.0,0.0,0.0,0.0,0.0,0.0,0.0,0.0,0.0,0.0,-0.09512606991170486,0.0,0.0,-0.0888338952275095,0.0,0.0,0.0,0.0,0.0,0.0,0.0,0.0,0.0,0.0,0.0,0.0,0.0,0.0,-0.10165628778479804,0.0,0.0,-0.08559984005833171,0.0,0.0,-0.08510727711950916,0.0,0.0,0.0,0.0,0.0,0.0,0.0,-0.13990156811577417,0.0,-0.11863262290341908,0.0,0.0,0.0,0.0,0.0,0.0,0.0,0.0,0.0,0.0,0.0,-0.10436168230081003,0.0,0.0,0.0,0.0,0.0,0.0,0.0,0.0,-0.09179585955100988,0.0,-0.08999816406602962,0.0,0.0,0.0,0.0
240,-0.02744877307006325,-0.06093240159789393,-0.032348336904649194,0.0,0.0,0.0,0.0,0.0,0.0,0.0,0.0,0.0,0.0,0.0,0.0,-0.023734825689156636,0.0,0.0,0.0,0.0,-0.0927146174704263,0.0,0.0,0.0,-0.04856574265377249,0.0,0.0,0.0,0.0,0.0,0.0,-0.027820985027019234,0.0,0.0,0.0,0.0,-0.030273805244179948,0.0,0.0,0.0,0.0,0.0,0.0,0.0,0.0,0.0,0.0,0.0,0.0,-0.04379347153655384,0.0,0.0,0.0,0.0,0.0,0.0,0.0,0.0,0.0,0.0,0.0,0.0,0.0,0.0,0.0,0.0,0.0,0.0,0.0,0.0,0.0,0.0,0.0,0.0,-0.16793073649054155,0.0,0.0,0.0,0.0,0.0
242,0.0,-0.07739026127709622,0.0,-0.08585186992943283,0.0,0.0,0.0,0.0,0.0,0.0,0.0,-0.08015123099569302,0.0,0.0,0.0,0.0,-0.07314394958918376,0.0,0.0,-0.10768290095100318,0.0,0.0,0.0,0.0,0.0,-0.06905351281954492,0.0,0.0,0.0,0.0,0.0,0.0,0.0,0.0,0.0,-0.07068997645292274,0.0,0.0,-0.088514054709733,0.0,0.0,0.0,0.0,0.0,0.0,0.0,0.0,0.0,0.0,0.0,0.0,0.0,0.0,0.0,-0.14068548111282295,0.0,0.0,0.0,0.0,0.0,0.0,0.0,0.0,0.0,0.0,0.0,0.0,0.0,0.0,0.0,0.0,0.0,-0.08193670447825828,0.0,0.0,0.0,0.0,0.0,0.0,0.0
243,0.0,0.0,0.0,0.0,-0.10570209354853442,0.0,0.0,0.0,0.0,0.0,0.0,0.0,0.0,0.0,0.0,0.0,0.0,0.0,0.0,0.0,0.0,0.0,0.0,0.0,0.0,0.0,0.0,0.0,0.0,0.0,0.0,0.0,0.0,-0.020338849682629237,0.0,0.0,0.0,0.0,0.0,0.0,-0.0360113980833063,0.0,0.0,0.0,0.0,0.0,0.0,0.0,0.0,0.0,0.0,0.0,0.0,0.0,0.0,-0.020633995156143004,0.0,0.0,0.0,-0.02021451270014126,0.0,0.0,0.0,0.0,0.0,-0.01673431504234695,0.0,0.0,0.0,0.0,-0.022151705405377226,0.0,-0.01901168799524,-0.06948985554494685,0.0,0.0,0.0,-0.013116373571315065,0.0,0.0
256,0.0,0.0,0.0,0.0,-0.2176800302925732,0.0,-0.18005521302499033,0.0,0.0,0.0,-0.20530295604261165,0.0,0.0,-0.16751533382939557,0.0,-0.1667675435260747,0.0,0.0,0.0,-0.18180783561393438,0.0,0.0,-0.18788578724636196,0.0,0.0,0.0,0.0,0.0,0.0,0.0,0.0,0.0,-0.1551572330274678,0.0,0.0,0.0,0.0,0.0,0.0,0.0,0.0,0.0,0.0,0.0,0.0,0.0,0.0,0.0,0.0,0.0,0.0,0.0,0.0,0.0,0.0,0.0,0.0,-0.16637551667339753,0.0,0.0,0.0,0.0,0.0,0.0,0.0,0.0,0.0,0.0,0.0,0.0,0.0,0.0,0.0,0.0,0.0,0.0,-0.13533813264232808,0.0,0.0,0.0
268,0.0,0.0,-0.1638384492286681,-0.206331312198083,0.0,0.0,0.0,0.0,0.0,0.0,0.0,0.0,0.0,0.0,0.0,0.0,0.0,0.0,0.0,0.0,-0.24318466139830164,0.0,0.0,0.0,0.0,0.0,0.0,0.0,0.0,0.0,0.0,0.0,0.0,0.0,0.0,-0.1684187213104489,0.0,0.0,0.0,0.0,0.0,-0.20012966149496608,0.0,-0.1846716561927361,0.0,0.0,0.0,0.0,-0.17157821805377507,0.0,0.0,0.0,0.0,0.0,-0.21574275245184915,0.0,0.0,0.0,0.0,0.0,0.0,-0.24443285927933944,0.0,0.0,0.0,0.0,0.0,0.0,0.0,0.0,0.0,0.0,0.0,0.0,0.0,0.0,-0.15321390935184187,0.0,0.0,0.0
272,0.0,0.0,0.09153172895236687,0.0,0.0,0.0,0.0,0.0,0.0,0.0,0.0,0.0,0.0,0.0,0.06724668544354215,0.0,0.061056403363480956,0.0,0.0,0.0,0.05919352533405309,0.0,0.0,0.0,0.06438569025931744,0.0,0.0,0.0,0.0,0.0,0.0,0.0,0.0,0.0,0.0,0.0,0.0,0.0,0.0,0.0,0.0,0.0,0.0,0.0,0.0,0.0,0.0,0.0,0.0,0.0,0.0,0.0,0.0,0.0,0.0,0.0,0.0,0.0,0.0,0.0971434299707044,0.0,0.0,0.0,0.0,0.0,0.07378036024512838,0.0,0.0,0.0,0.0,0.0,0.0,0.0,0.0,0.0741220102113315,0.0,0.0,0.08232195013125018,0.06418428138461252,0.0
273,-0.17533313125804817,-0.33137435852263286,0.0,0.0,0.0,0.0,0.0,-0.344091890946078,0.0,0.0,0.0,0.0,0.0,0.0,0.0,0.0,-0.23550071207761314,0.0,0.0,0.0,0.0,0.0,0.0,0.0,0.0,0.0,0.0,0.0,-0.260552149359848,0.0,0.0,0.0,-0.24064464516646292,-0.1913619761779119,0.0,0.0,0.0,0.0,0.0,0.0,0.0,-0.20022896778697816,0.0,0.0,0.0,0.0,0.0,0.0,0.0,0.0,0.0,0.0,0.0,0.0,-0.2561019655227138,0.0,0.0,0.0,0.0,0.0,0.0,-0.2458748292627628,0.0,0.0,0.0,0.0,0.0,0.0,0.0,0.0,0.0,0.0,0.0,0.0,0.0,0.0,0.0,0.0,0.0,0.0
275,0.0,-0.11850509826918362,-0.11006382381596416,0.0,0.0,-0.13855449216683735,0.0,-0.11069050275367287,0.0,0.0,0.0,0.0,0.0,0.0,0.0,0.0,-0.11103246140468728,0.0,0.0,0.0,0.0,0.0,0.0,0.0,0.0,0.0,-0.10394429779609303,0.0,0.0,0.0,0.0,0.0,0.0,-0.11779739750814532,0.0,-0.1356074034178181,0.0,0.0,0.0,0.0,0.0,0.0,0.0,0.0,0.0,0.0,0.0,0.0,0.0,0.0,0.0,0.0,0.0,0.0,-0.2032368138869276,0.0,0.0,0.0,0.0,0.0,0.0,0.0,0.0,0.0,0.0,0.0,0.0,0.0,0.0,0.0,0.0,0.0,0.0,0.0,0.0,0.0,-0.08563646293550894,0.0,0.0,0.0
279,0.0,-0.2443847532990788,-0.15759039796367966,0.0,0.0,0.0,0.0,0.0,0.0,0.0,0.0,0.0,0.0,-0.12732339866420564,0.0,0.0,0.0,0.0,0.0,0.0,-0.17281893958749506,0.0,0.0,0.0,0.0,0.0,0.0,0.0,0.0,0.0,0.0,-0.15410760929275016,0.0,0.0,0.0,0.0,-0.16097217935221614,0.0,0.0,0.0,0.0,-0.14713988855153023,-0.14451993836181404,0.0,0.0,0.0,0.0,0.0,0.0,0.0,0.0,0.0,0.0,0.0,-0.16656554589707087,0.0,0.0,0.0,0.0,0.0,0.0,0.0,0.0,0.0,0.0,0.0,0.0,0.0,0.0,0.0,0.0,-0.14673529031394578,0.0,0.0,0.0,0.0,0.0,0.0,0.0,0.0
284,0.0,-0.12476090117629099,0.0,0.0,0.0,0.0,0.0,0.0,0.0,0.0,0.0,0.0,0.0,0.0,0.0,0.0,0.0,0.0,0.0,0.0,-0.1617191085913464,0.0,0.0,0.0,0.0,0.0,0.0,-0.10705600335275539,0.0,0.0,0.0,-0.09848470789711294,0.0,0.0,0.0,-0.1038447963769935,0.0,0.0,0.0,0.0,0.0,-0.10018170882312881,0.0,0.0,0.0,0.0,0.0,0.0,0.0,0.0,0.0,0.0,0.0,0.0,-0.1351605032922947,0.0,0.0,0.0,0.0,0.0,0.0,-0.1512781692399962,0.0,0.0,0.0,0.0,0.0,0.0,0.0,0.0,0.0,-0.09843745243236865,-0.09285243140651057,0.0,0.0,0.0,0.0,0.0,0.0,0.0
287,0.0,0.0,0.15572283803586998,0.11190972150862911,0.0,0.0,0.0,0.0,0.0,0.0,0.0,0.0,0.0,0.0,0.0,0.0,0.0,0.0,0.0,0.0,0.0,0.0,0.0,0.0,0.18638466440836102,0.0,0.0,0.0,0.0,0.0,0.0,0.0,0.0,0.0,0.0,0.17489007228408487,0.0,0.0,0.0,0.1694919509561437,0.0,0.1836114245112059,0.0,0.0,0.0,0.0,0.0,0.0,0.0,0.0,0.0,0.0,0.0,0.0,0.14269680279247754,0.0,0.0,0.0,0.0,0.0,0.0,0.0,0.14164968868473626,0.0,0.11919126078522474,0.0,0.0,0.0,0.0,0.0,0.0,0.0,0.0,0.0,0.0,0.0,0.0,0.1298462153500155,0.0,0.0
296,0.0,0.0,-0.06628691294054789,0.0,0.0,0.0,0.0,0.0,0.0,0.0,0.0,-0.08661954031962832,-0.08996216179054037,0.0,0.0,0.0,0.0,0.0,0.0,0.0,-0.10125549178907274,0.0,0.0,0.0,0.0,0.0,0.0,0.0,0.0,0.0,0.0,0.0,0.0,0.0,0.0,0.0,0.0,0.0,0.0,0.0,0.0,0.0,0.0,0.0,0.0,0.0,0.0,0.0,-0.09800256616507448,0.0,0.0,0.0,0.0,0.0,-0.09260441970170055,0.0,0.0,0.0,0.0,0.0,0.0,0.0,0.0,0.0,-0.08740136163652595,0.0,0.0,-0.07835487139723019,0.0,0.0,0.0,0.0,0.0,0.0,-0.08367529516762856,0.0,0.0,0.0,0.0,-0.07082555731593863
297,0.0,0.0,0.0,0.0,0.0,0.0,0.0,0.0,0.0,0.0,0.0,0.0,0.0,0.0,0.0,0.0,-0.0970859394374346,0.0,0.0,0.0,0.0,0.0,0.0,0.0,-0.11354096481380056,0.0,-0.12931201739087403,0.0,0.0,0.0,0.0,0.0,0.0,0.0,0.0,0.0,0.0,-0.14608088596446586,0.0,0.0,0.0,0.0,0.0,-0.141107282950392,0.0,0.0,0.0,0.0,0.0,0.0,0.0,0.0,0.0,0.0,-0.1346750671711182,-0.11120443452804474,0.0,0.0,0.0,0.0,0.0,0.0,0.0,0.0,0.0,0.0,0.0,0.0,-0.10908005328196395,0.0,0.0,-0.1166717352286276,0.0,0.0,0.0,0.0,0.0,-0.16847771304433737,0.0,0.0
300,0.0,0.01923329903328982,0.01934966106298483,0.0,0.0,0.0,0.0,0.0,0.0,0.0,0.02550400464736549,0.0,0.0,0.01572416852653937,0.0,0.0,0.014494604997991878,0.0,0.0,0.0,0.01123585387306305,0.0,0.0,0.0,0.0,0.0,0.0,0.0,0.0,0.0,0.0,0.0,0.0,0.0,0.013833738869561818,0.0,0.0,0.0,0.0,0.0,0.0,0.0,0.0,0.0,0.0,0.0,0.0,0.0,0.0,0.0,0.0,0.0,0.0,0.0,0.0,0.0,0.0,0.0,0.0,0.03490519032260094,0.0,0.024364572790819897,0.0,0.0,0.0,0.0,0.0,0.0,0.0,0.0,0.0,0.0,0.0,0.01498393694932269,0.0,0.0,0.0,0.0,0.0,0.0
307,0.0,0.0,-0.10246716137397369,-0.07706514424826721,-0.06606361792457671,0.0,0.0,0.0,0.0,0.0,0.0,0.0,0.0,-0.07180462181845935,0.0,0.0,0.0,0.0,0.0,0.0,-0.13828091341813356,0.0,0.0,0.0,0.0,0.0,0.0,-0.06992174725922917,0.0,0.0,0.0,0.0,0.0,0.0,0.0,-0.08238350235856752,0.0,0.0,0.0,0.0,0.0,-0.10596800532157047,0.0,0.0,0.0,0.0,0.0,0.0,0.0,-0.08617357396455924,0.0,0.0,0.0,0.0,0.0,0.0,0.0,0.0,0.0,0.0,0.0,-0.11750702123256496,0.0,0.0,0.0,0.0,0.0,0.0,0.0,0.0,0.0,0.0,0.0,0.0,0.0,0.0,0.0,0.0,0.0,0.0
310,0.0,0.0,0.0,0.11645751960215396,0.0,0.0,0.0,0.0,0.0,0.0,0.0,0.0,0.0,0.0,0.0,0.0,0.0,0.0,0.0,0.14058739696657874,0.0,0.0,0.0,0.0,0.0,0.0,0.13227397513497782,0.0,0.0,0.0,0.1264955581868177,0.0,0.0,0.0,0.0,0.15675507028805974,0.0,0.0,0.0,0.0,0.0,0.15693385357169592,0.0,0.0,0.0,0.0,0.0,0.0,0.0,0.0,0.10143227847355274,0.0,0.0,0.0,0.0,0.0,0.0,0.0,0.0,0.13900126743471652,0.0,0.0,0.0,0.0,0.15587273927548942,0.1051451833032491,0.0,0.0,0.0,0.0,0.0,0.0,0.0,0.0,0.0,0.0,0.0,0.0,0.0,0.0
312,0.0,0.0,0.0,0.0,0.0,0.0,0.0,0.0,0.0,0.0,0.0,0.0,0.0,0.0,0.0,0.0,0.0,-0.04188012345515613,0.0,0.0,0.0,0.0,-0.03794922703658394,0.0,0.0,0.0,-0.038020783630315746,-0.03573628631834382,0.0,0.0,0.0,0.0,0.0,0.0,0.0,0.0,0.0,0.0,0.0,0.0,0.0,-0.04124120978889211,0.0,0.0,0.0,0.0,0.0,0.0,0.0,0.0,0.0,0.0,0.0,0.0,-0.06506942447924896,0.0,0.0,0.0,0.0,0.0,0.0,-0.046131915239068205,0.0,0.0,0.0,0.0,0.0,0.0,0.0,0.0,-0.03091574023107581,-0.03621770657648001,0.0,0.0,0.0,0.0,0.0,0.0,0.0,-0.028017210854201446
314,0.0,0.0,-0.05576146757151674,0.0,0.0,0.0,0.0,0.0,0.0,0.0,-0.058920436696690434,-0.04807304633115757,0.0,0.0,0.0,-0.05163141392480047,0.0,0.0,0.0,0.0,-0.07596302397028355,0.0,0.0,0.0,0.0,0.0,0.0,0.0,0.0,0.0,0.0,-0.04411509702168404,0.0,0.0,0.0,0.0,0.0,0.0,0.0,-0.047657815211135324,0.0,0.0,0.0,0.0,0.0,0.0,0.0,0.0,0.0,0.0,-0.047044920828719805,0.0,0.0,0.0,0.0,0.0,0.0,0.0,0.0,0.0,0.0,0.0,0.0,0.0,0.0,0.0,0.0,0.0,-0.06271275502067672,0.0,0.0,0.0,0.0,0.0,0.0,0.0,0.0,-0.06089882755876563,0.0,0.0
320,0.0,0.0,0.0,0.0,0.0,0.2784078350309193,0.0,0.17089183600547786,0.21672937529887681,0.0,0.20370952429611114,0.0,0.0,0.0,0.2695015804975838,0.0,0.0,0.0,0.0,0.0,0.0,0.0,0.0,0.0,0.0,0.0,0.0,0.0,0.0,0.0,0.0,0.17398908183103687,0.0,0.0,0.0,0.1802773320173705,0.0,0.25113640425712014,0.0,0.0,0.0,0.0,0.0,0.0,0.0,0.0,0.0,0.0,0.0,0.0,0.0,0.0,0.0,0.0,0.0,0.0,0.1901442596162287,0.0,0.0,0.0,0.0,0.0,0.0,0.0,0.0,0.0,0.0,0.0,0.0,0.0,0.0,0.0,0.2053128030223182,0.0,0.0,0.0,0.0,0.0,0.0,0.0
322,-0.2228544806100135,-0.2382901268500355,0.0,0.0,0.0,0.0,0.0,-0.2086566281973142,0.0,0.0,0.0,0.0,0.0,0.0,0.0,0.0,0.0,0.0,0.0,0.0,-0.21460221961266204,0.0,0.0,0.0,0.0,0.0,-0.19164623944308928,0.0,0.0,0.0,0.0,0.0,0.0,0.0,0.0,0.0,0.0,0.0,-0.17107346798852086,0.0,0.0,0.0,0.0,0.0,0.0,0.0,0.0,0.0,0.0,0.0,0.0,0.0,0.0,0.0,-0.20469628914020874,0.0,0.0,0.0,0.0,0.0,0.0,-0.18361195604816843,0.0,0.0,0.0,0.0,0.0,0.0,0.0,0.0,0.0,0.0,0.0,0.0,-0.20633087344721038,0.0,0.0,-0.20618335218676093,0.0,0.0
324,0.0,0.0,0.0,0.0,0.0,0.0,0.0,0.0,0.0,0.0,0.0,0.0,-0.043355463434040675,0.0,0.0,0.0,0.0,0.0,0.0,0.0,-0.03778348991284904,0.0,0.0,0.0,0.0,0.0,0.0,-0.0353223232153595,0.0,0.0,0.0,0.0,0.0,0.0,0.0,0.0,0.0,0.0,0.0,0.0,0.0,0.0,0.0,0.0,0.0,0.0,0.0,0.0,-0.04056919604349813,0.0,0.0,0.0,0.0,0.0,-0.07595413345451227,0.0,0.0,0.0,0.0,0.0,0.0,0.0,0.0,0.0,-0.03441400449192323,0.0,0.0,-0.04339617386835033,-0.03472678086373247,0.0,0.0,0.0,0.0,0.0,-0.03303353293898285,-0.030270860614914408,0.0,0.0,0.0,0.0
325,0.0,-0.08232487499389862,-0.09009279107853602,0.0,0.0,0.0,-0.08628211626790203,0.0,0.0,0.0,0.0,0.0,0.0,0.0,0.0,0.0,0.0,0.0,0.0,0.0,-0.09766898337794087,0.0,0.0,0.0,-0.08092840287656278,0.0,-0.09985016062788671,0.0,0.0,0.0,0.0,-0.07851152844592335,0.0,0.0,0.0,0.0,0.0,0.0,0.0,0.0,0.0,0.0,0.0,0.0,0.0,0.0,0.0,0.0,0.0,0.0,0.0,0.0,0.0,0.0,0.0,0.0,0.0,0.0,0.0,0.0,0.0,-0.09138335953679676,0.0,0.0,0.0,0.0,0.0,0.0,0.0,0.0,-0.08470999168670693,0.0,0.0,0.0,0.0,0.0,0.0,0.0,-0.09822461713374148,0.0
326,0.0,0.0,0.01773750749641577,0.0,0.011038727625309901,0.0,0.0,0.0,0.0,0.0,0.014707069108686474,0.0,0.0,0.0,0.0,0.0,0.0,0.0,0.0,0.0,0.018747850982444067,0.0,0.0,0.0,0.0,0.0,0.0,0.007894267060773274,0.0,0.0,0.0,0.0,0.0,0.0,0.0,0.0,0.005653025663781092,0.0,0.0,0.0,0.010836613365286707,0.0,0.0,0.0,0.0,0.0,0.0,0.0,0.0,0.0,0.0,0.0,0.0,0.0,0.0,0.0,0.0,0.0,0.0,0.04006865147054226,0.0,0.012190320433991882,0.0,0.0,0.0,0.0,0.0,0.0,0.0,0.0,0.0,0.0,0.0,0.0,0.0,0.0,0.0,0.010023173592872546,0.0,0.0
327,0.0,-0.22126915606925363,0.0,0.0,0.0,0.0,0.0,-0.23100392379671292,0.0,0.0,0.0,0.0,-0.1795916873833485,0.0,0.0,0.0,0.0,0.0,0.0,-0.1240599882752634,0.0,0.0,0.0,0.0,0.0,0.0,0.0,0.0,-0.09048718263559596,0.0,0.0,0.0,-0.2177378239664523,0.0,-0.14092027523612352,-0.12910654633070076,0.0,0.0,0.0,0.0,0.0,0.0,0.0,0.0,0.0,0.0,0.0,0.0,-0.15313140549323215,0.0,0.0,0.0,0.0,0.0,-0.15073631192732048,0.0,0.0,0.0,0.0,0.0,0.0,0.0,0.0,0.0,0.0,0.0,0.0,0.0,0.0,0.0,0.0,0.0,0.0,0.0,0.0,0.0,0.0,0.0,0.0,0.0
336,0.0,-0.10143871152289559,-0.11930494487485283,0.0,0.0,0.0,0.0,0.0,0.0,0.0,0.0,0.0,0.0,0.0,0.0,0.0,0.0,0.0,0.0,0.0,-0.11533411990299873,0.0,0.0,0.0,0.0,0.0,0.0,0.0,0.0,0.0,0.0,-0.08367521519646191,0.0,0.0,0.0,0.0,0.0,0.0,0.0,0.0,0.0,-0.08658054395534287,0.0,0.0,0.0,0.0,0.0,0.0,0.0,0.0,0.0,0.0,0.0,0.0,-0.12435682184607734,0.0,0.0,0.0,0.0,0.0,0.0,-0.12636090410690898,0.0,-0.10009689046493465,0.0,0.0,0.0,-0.10984468716046605,0.0,0.0,0.0,-0.1317006254668212,0.0,0.0,0.0,0.0,0.0,0.0,0.0,0.0
339,0.0,0.0,0.0,0.0,0.0,0.0,0.0,0.0,0.0,0.0,0.0,0.0,-0.03897610267925348,0.0,0.0,0.0,0.0,0.0,0.0,0.0,0.0,0.0,0.0,0.0,0.0,0.0,0.0,0.0,0.0,0.0,-0.016043010348557353,-0.04512446826440836,0.0,0.0,-0.041371626571622175,0.0,0.0,-0.026521421870977703,0.0,0.0,0.0,-0.019873552416966284,0.0,0.0,0.0,0.0,-0.017530146510457867,0.0,-0.02658113815089997,0.0,0.0,-0.014702754216265025,0.0,0.0,0.0,0.0,0.0,0.0,0.0,0.0,0.0,0.0,0.0,0.0,0.0,0.0,0.0,0.0,0.0,0.0,0.0,0.0,0.0,0.0,0.0,0.0,0.0,0.0,0.0,-0.01786062970098031
343,0.0,0.3037121667544403,0.0,0.2901813410263672,0.0,0.0,0.0,0.0,0.0,0.0,0.0,0.0,0.0,0.0,0.0,0.0,0.0,0.0,0.0,0.0,0.30462536065928836,0.0,0.0,0.0,0.0,0.0,0.0,0.29491564041130713,0.0,0.0,0.0,0.0,0.0,0.0,0.0,0.0,0.0,0.0,0.0,0.0,0.0,0.3311570417458735,0.0,0.0,0.0,0.0,0.0,0.0,0.0,0.0,0.0,0.0,0.0,0.0,0.0,0.0,0.0,0.0,0.0,0.3098127629907085,0.0,0.0,0.0,0.0,0.26952529794589075,0.0,0.0,0.0,0.0,0.0,0.27922313738921817,0.32065017861471706,0.0,0.0,0.0,0.0,0.0,0.0,0.3341865826430267,0.0
344,-0.09367759963312197,0.0,-0.10030800559464816,0.0,0.0,0.0,0.0,0.0,0.0,-0.10211590340377401,0.0,0.0,-0.09858955062695034,0.0,0.0,0.0,0.0,0.0,0.0,0.0,-0.08485748915659475,0.0,0.0,0.0,0.0,0.0,0.0,0.0,0.0,0.0,0.0,0.0,0.0,0.0,-0.10422091835693059,0.0,0.0,0.0,0.0,0.0,0.0,0.0,0.0,0.0,0.0,0.0,0.0,0.0,0.0,0.0,0.0,0.0,0.0,0.0,0.0,0.0,0.0,0.0,0.0,0.0,0.0,-0.07722189688004229,0.0,0.0,0.0,0.0,0.0,0.0,-0.09012644289713191,0.0,0.0,0.0,0.0,0.0,0.0,0.0,-0.07868016769357868,0.0,0.0,-0.0889130141317712
348,0.0,0.0,0.0,0.0,0.0,0.0,0.0,0.0,0.0,0.0,0.0,0.0,0.0,0.0,0.0,0.0,0.0,0.0,0.0,0.0,-0.03079698037943494,0.0,0.0,0.0,0.0,0.0,0.0,0.0,0.0,0.0,0.0,0.0,0.0,0.0,0.0,0.0726103567855056,0.0,0.0,0.0,0.0,0.0,0.0,-0.025201624188365586,-0.029215278006318852,0.0,-0.014780013719815587,0.0,0.0,0.0,0.0,0.0,0.0,0.0,0.0,0.03915999208671209,0.0,0.0,0.0,0.0,0.0,0.0,0.0,0.0,0.0,0.05279110001817094,0.0,0.0,0.0,0.0,0.0,-0.01549603649047021,0.0,-0.016318203441941976,0.0,0.0,0.0,0.0,-0.05324120830007896,0.0,0.0
351,0.0,0.0,0.0,0.0,0.0,0.0,0.0,-0.09411170989421747,0.0,0.0,0.0,0.0,-0.12262294985569305,-0.11229654775610332,0.0,-0.1029088659286006,0.0,0.0,0.0,-0.09917015070591527,0.0,0.0,0.0,0.0,0.0,0.0,0.0,0.0,0.0,0.0,0.0,0.0,-0.1107096043411971,0.0,0.0,0.0,-0.11334540869002327,0.0,0.0,0.0,0.0,0.0,0.0,0.0,0.0,0.0,0.0,0.0,-0.11113696829595753,0.0,0.0,0.0,0.0,0.0,0.0,0.0,0.0,0.0,0.0,0.0,0.0,-0.14001242805783218,0.0,0.0,0.0,0.0,0.0,0.0,-0.1088968180081404,0.0,0.0,0.0,0.0,0.0,0.0,0.0,0.0,0.0,0.0,0.0
363,0.0,0.0,0.0,0.0,0.0,0.0,0.0,0.0,0.0,0.0,0.0,0.0,0.0,-0.06393520772479093,0.0,-0.07080453033772216,0.0,0.0,-0.06446505102509983,0.0,0.0,0.0,0.0,0.0,0.0,-0.06512251723054797,0.0,0.0,0.0,0.0,0.0,0.0,0.0,0.0,0.0,0.0,0.0,0.0,0.0,0.0,0.0,0.0,-0.06726781846518776,0.0,0.0,0.0,0.0,-0.0845272206492094,0.0,0.0,0.0,0.0,0.0,0.0,-0.06589467175190517,-0.06721200580061015,0.0,0.0,0.0,0.0,0.0,0.0,0.0,0.0,0.0,-0.06241339106298854,0.0,0.0,0.0,0.0,0.0,0.0,0.0,0.0,0.0,0.0,0.0,0.0,0.0,-0.07595755335591063
366,0.0,0.0,0.0,0.27431545840171084,0.0,0.0,0.0,0.0,0.2571275155146417,0.0,0.0,0.0,0.0,0.0,0.20886333912071597,0.0,0.0,0.0,0.0,0.0,0.0,0.0,0.0,0.0,0.0,0.0,0.0,0.0,0.0,0.0,0.26906970411152253,0.0,0.0,0.0,0.0,0.22608907084841218,0.0,0.0,0.0,0.0,0.0,0.2934608004344693,0.0,0.0,0.0,0.0,0.0,0.0,0.0,0.0,0.0,0.0,0.0,0.0,0.0,0.0,0.0,0.0,0.0,0.0,0.0,0.0,0.0,0.0,0.3627127689540336,0.0,0.0,0.22578142471476778,0.0,0.0,0.0,0.0,0.0,0.0,0.0,0.0,0.0,0.0,0.2936497112754116,0.24259676116794968
371,0.0,-0.1605326142771498,0.0,0.0,0.0,0.0,0.0,0.0,0.0,0.0,0.0,0.0,0.0,0.0,0.0,0.0,0.0,0.0,0.0,0.0,-0.17024023648195694,-0.15502884197662434,-0.1426608916152472,0.0,0.0,-0.11812972721154502,0.0,0.0,0.0,0.0,0.0,0.0,0.0,0.0,0.0,-0.19652292264445367,0.0,0.0,0.0,0.0,0.0,0.0,0.0,0.0,0.0,0.0,0.0,0.0,0.0,0.0,0.0,0.0,0.0,0.0,-0.1517287296941944,0.0,0.0,0.0,0.0,0.0,0.0,-0.15860834544689062,0.0,0.0,-0.12013157213320369,0.0,0.0,0.0,0.0,0.0,-0.1491223855775566,0.0,0.0,0.0,0.0,0.0,0.0,0.0,0.0,0.0
375,0.0,0.0,0.0,-0.025234307427861234,0.0,0.0,0.0,0.0,0.0,0.0,0.0,0.0,0.0,-0.022192603173049684,0.0,-0.02270472987990151,0.0,0.0,0.0,0.0,0.0,0.0,-0.02335865808267072,0.0,0.0,0.0,0.0,0.0,0.0,0.0,0.0,-0.026459481354536057,0.0,0.0,0.0,0.0,0.0,0.0,0.0,0.0,0.0,0.0,-0.027800861968009433,0.0,0.0,0.0,-0.018191302397807575,0.0,0.0,0.0,0.0,0.0,0.0,0.0,0.0,0.0,0.0,0.0,0.0,0.0,-0.01936103699304051,0.0,0.0,0.0,0.0,0.0,0.0,-0.04076574172204788,0.0,0.0,0.0,0.0,-0.0389583683763986,0.0,0.0,0.0,0.0,0.0,0.0,0.0
377,0.0,0.0,0.0,0.24664081765358686,0.0,0.0,0.0,0.0,0.0,0.0,0.0,0.24598789553844194,0.0,0.0,0.25391267888790414,0.0,0.0,0.0,0.0,0.0,0.0,0.0,0.0,0.0,0.0,0.0,0.2665025666046475,0.0,0.0,0.0,0.21837701190846706,0.0,0.0,0.0,0.0,0.24718260477154352,0.0,0.0,0.0,0.0,0.0,0.20918399342961316,0.0,0.0,0.0,0.0,0.0,0.0,0.0,0.0,0.0,0.0,0.0,0.0,0.21420972299735297,0.0,0.0,0.0,0.0,0.0,0.0,0.0,0.0,0.0,0.18437351222011925,0.0,0.0,0.0,0.0,0.0,0.0,0.0,0.0,0.0,0.0,0.0,0.0,0.0,0.32443655067775856,0.0
378,0.0,0.0,0.0,0.0,0.0,0.0,0.0,0.0,0.0,0.0,0.0,0.0,0.0,-0.13880415887763592,0.0,0.0,0.0,0.0,0.0,0.0,0.0,0.0,0.0,0.0,0.0,0.0,0.0,0.0,0.0,0.0,0.0,0.0,0.0,-0.13645498133868306,0.0,-0.1335296525431282,-0.12155360517469302,0.0,0.0,0.0,0.0,-0.13467336285878878,-0.12769028282724773,0.0,0.0,0.0,0.0,0.0,0.0,0.0,0.0,0.0,-0.1434972992931729,0.0,-0.1664106699905635,0.0,0.0,0.0,0.0,0.0,0.0,0.0,0.0,0.0,0.0,0.0,0.0,0.0,0.0,0.0,0.0,0.0,0.0,0.0,0.0,0.0,-0.1345407846428721,0.0,-0.1555185698736826,0.0
380,0.0,0.0,0.0664785623465718,0.0,0.0,0.0,0.0,0.0,0.0,0.0,0.0,0.08594077272474597,0.0,0.0,0.0,0.0,0.0,0.0,0.0,0.0,0.048408813241106824,0.0,0.0,0.0,0.03736592942750877,0.041877384901535475,0.0,0.0,0.0,0.0,0.0,0.0,0.0,0.0,0.0,0.0537492918769335,0.0,0.0,0.0,0.0,0.0,0.03673917293671855,0.0,0.0,0.0,0.0,0.0,0.0,0.0,0.0,0.0,0.0,0.0,0.0,0.042306966933586244,0.0,0.0,0.0,0.0,0.0,0.0,0.0,0.0,0.0,0.04198915478568137,0.0,0.0,0.0,0.0,0.0,0.0,0.0,0.0,0.0,0.0,0.0,0.0,0.04643684636374699,0.0,0.0
387,-0.017589521537412563,0.0,-0.03374442788060085,0.0,0.0,0.0,0.0,0.0,0.0,0.0,0.0,0.0,0.0,0.0,0.0,0.0,0.0,0.0,0.0,0.0,0.0,0.0,-0.023205500098659407,0.0,0.0,0.0,0.0,0.0,0.0,0.0,-0.02424967439400965,0.0,0.0,0.0,0.0,0.0,-0.024916250834869307,0.0,0.0,0.0,0.0,-0.018533563322275338,-0.021220235097580795,0.0,0.0,0.0,0.0,0.0,0.0,0.0,-0.01645960010047054,0.0,-0.015089834752125664,0.0,0.0,0.0,0.0,0.0,0.0,0.0,0.0,0.0,0.0,0.0,0.0,0.0,-0.024506739103631648,0.0,0.0,0.0,0.0,0.0,0.0,0.0,0.0,0.0,0.0,0.0,0.0,0.0
397,0.0,-0.07881334812381316,-0.022757661345878567,0.0,0.0,0.0,0.0,-0.02276956598103668,0.0,0.0,0.0,0.0,0.0,0.0,0.0,0.0,0.0,0.0,0.0,0.0,0.0,0.0,0.0,0.0,0.0,0.0,0.0,0.0,0.0,0.0,0.0,-0.04101274620031684,0.0,-0.04938120011399551,0.0,0.0,0.0,0.0,0.0,0.0,0.0,0.0,0.0,0.0,0.0,0.0,0.0,0.0,0.0,-0.0304130535179977,0.0,0.0,0.0,0.0,-0.038355508308872945,0.0,0.0,0.0,0.0,0.0,0.0,-0.030013648934591738,0.0,0.0,-0.02141179465854187,0.0,0.0,0.0,0.0,0.0,0.0,-0.02926400002242823,0.0,0.0,0.0,0.0,0.0,0.0,0.0,0.0
421,0.0,0.0,0.0,0.0,0.20518212136573563,0.0,0.0,0.0,0.0,0.0,0.0,0.0,0.0,0.0,0.0,0.218742813511402,0.0,0.0,0.0,0.0,0.0,0.0,0.0,0.0,0.0,0.0,0.20816470962683423,0.0,0.0,0.0,0.0,0.0,0.0,0.0,0.0,0.0,0.0,0.24803469869523212,0.0,0.0,0.0,0.0,0.0,0.0,0.0,0.25454745991666355,0.0,0.0,0.0,0.0,0.0,0.0,0.0,0.0,0.0,0.0,0.0,0.0,0.0,0.2050677674088262,0.0,0.0,0.0,0.0,0.0,0.23390538874999417,0.0,0.20789959516606202,0.2195396301124708,0.0,0.0,0.0,0.2518646286379257,0.0,0.0,0.0,0.0,0.0,0.0,0.0
422,0.0,0.0,0.0,0.36659443843574185,0.0,0.0,0.0,0.0,0.0,0.0,0.0,0.35266816127415856,0.0,0.0,0.0,0.0,0.3881565939965076,0.0,0.0,0.0,0.0,0.2714965116249709,0.30317355584999295,0.0,0.0,0.0,0.0,0.0,0.0,0.0,0.0,0.0,0.0,0.0,0.0,0.24850516463137273,0.0,0.0,0.0,0.0,0.0,0.3271003652168255,0.0,0.0,0.0,0.0,0.0,0.0,0.0,0.0,0.0,0.0,0.0,0.0,0.0,0.0,0.0,0.0,0.0,0.3617553830910558,0.0,0.0,0.0,0.0,0.0,0.0,0.0,0.0,0.0,0.0,0.0,0.0,0.0,0.0,0.0,0.0,0.0,0.3017415851771082,0.39690851889797923,0.0
425,0.0,0.0,-0.039448174050793525,-0.031166915819262356,-0.025959992456036085,0.0,0.0,0.0,0.0,0.0,-0.038645514048696004,0.0,0.0,-0.03296446271542089,0.0,0.0,0.0,0.0,0.0,0.0,0.0,0.0,0.0,0.0,0.0,0.0,0.0,-0.031060563519407315,0.0,0.0,0.0,0.0,0.0,0.0,0.0,0.0,0.0,0.0,0.0,0.0,0.0,0.0,0.0,0.0,0.0,0.0,0.0,0.0,0.0,0.0,0.0,0.0,0.0,0.0,0.0,0.0,0.0,-0.03292313327990933,0.0,0.0,0.0,-0.04915933619208334,0.0,0.0,0.0,0.0,0.0,0.0,-0.03855691371542572,0.0,0.0,0.0,-0.024885614367532664,0.0,0.0,0.0,0.0,0.0,0.0,0.0
430,0.0,-0.03467799364696999,-0.03315410801485429,-0.0263575080007174,0.0,0.0,0.0,0.0,0.0,0.0,0.0,0.0,0.0,-0.021118549454861302,0.0,0.0,0.0,0.0,0.0,0.0,0.0,0.0,0.0,0.0,0.0,0.0,0.0,0.0,0.0,0.0,-0.029943264632751623,0.0,0.0,0.0,0.0,0.0,0.0,-0.024778822921773094,-0.03183073149140633,0.0,0.0,-0.024479376885960046,0.0,0.0,0.0,0.0,0.0,0.0,0.0,0.0,0.0,0.0,0.0,0.0,-0.06244979578214422,0.0,0.0,0.0,0.0,0.0,0.0,0.0,0.0,0.0,0.0,0.0,0.0,0.0,0.0,0.0,0.0,0.0,0.0,0.0,0.0,0.0,0.0,-0.027875073951710648,0.0,0.0
437,0.0,0.0,0.0,0.0,0.0,0.0,0.0,0.0,0.0,0.0,0.0,0.0,0.0,0.0,0.0,0.0,0.17072141836892274,0.0,0.0,0.0,0.0,0.0,0.22316230566473613,0.0,0.18013247318492748,0.0,0.0,0.0,0.19544730319255532,0.0,0.16753144661917307,0.0,0.0,0.0,0.0,0.0,0.0,0.0,0.0,0.0,0.0,0.0,0.18525928750861642,0.0,0.0,0.0,0.0,0.0,0.0,0.0,0.17490477509295457,0.0,0.0,0.0,0.0,0.0,0.0,0.0,0.0,0.22440683461850278,0.0,0.0,0.0,0.0,0.0,0.0,0.0,0.0,0.0,0.0,0.0,0.0,0.0,0.0,0.0,0.17145133518084477,0.0,0.0,0.21074361238213438,0.0
443,0.0,-0.029125514369690443,0.0,-0.030056344100218665,0.0,0.0,0.0,0.0,0.0,0.0,0.0,0.0,0.0,0.0,0.0,0.0,0.0,0.0,0.0,0.0,0.0,0.0,0.0,0.0,0.0,-0.019525378951712857,-0.029861751583995497,0.0,0.0,0.0,0.0,0.0,0.0,0.0,0.0,-0.04711211285199521,0.0,0.0,0.0,0.0,0.0,-0.04761730913324256,0.0,0.0,0.0,0.0,0.0,0.0,0.0,0.0,0.0,0.0,0.0,0.0,-0.044977331355465534,0.0,0.0,0.0,0.0,0.0,0.0,0.0,0.0,0.0,-0.0520789139416036,-0.029506023747248197,0.0,0.0,0.0,0.0,-0.02757468570519224,0.0,0.0,0.0,0.0,0.0,0.0,0.0,0.0,0.0
446,0.0,0.0,0.0,0.0,0.0,0.0,-0.1648444550011752,0.0,-0.16314641019117118,0.0,0.0,0.0,0.0,0.0,0.0,0.0,0.0,0.0,-0.12838058413632403,0.0,0.0,0.0,0.0,0.0,0.0,0.0,0.0,0.0,0.0,0.0,0.0,0.0,0.0,0.0,0.0,0.0,0.0,0.0,-0.1485944583470092,0.0,0.0,0.0,0.0,0.0,0.0,0.0,0.0,-0.1429621417311058,0.0,-0.1258539763151965,-0.12604947969386515,0.0,-0.15426468174790076,0.0,0.0,0.0,0.0,0.0,0.0,0.0,-0.13357493736211623,0.0,-0.16189191417501073,0.0,0.0,0.0,0.0,0.0,0.0,0.0,0.0,0.0,0.0,0.0,0.0,0.0,0.0,0.0,0.0,0.0
452,0.0,-0.16067441491449835,0.0,0.0,0.0,0.0,0.0,0.0,0.0,0.0,0.0,-0.12971042064327376,0.0,-0.1450794673140695,0.0,0.0,0.0,0.0,0.0,0.0,0.0,0.0,0.0,0.0,0.0,0.0,0.0,0.0,0.0,0.0,0.0,0.0,0.0,-0.13275862369206243,-0.16828282990095078,-0.14257672985445585,0.0,0.0,0.0,0.0,0.0,0.0,0.0,0.0,0.0,0.0,0.0,0.0,0.0,0.0,0.0,0.0,0.0,0.0,-0.17706317977145428,0.0,0.0,0.0,0.0,0.0,0.0,-0.1385463440976408,0.0,0.0,0.0,0.0,0.0,0.0,0.0,0.0,0.0,-0.17105840311301979,0.0,0.0,0.0,0.0,0.0,0.0,-0.12350513056578205,0.0
463,-0.11563960960525164,-0.19314626747773916,0.0,0.0,0.0,0.0,0.0,-0.11745566473355487,-0.08063225133203313,0.0,0.0,-0.1190057420371736,0.0,0.0,0.0,0.0,0.0,0.0,0.0,0.0,0.0,0.0,0.0,0.0,0.0,0.0,0.0,0.0,0.0,0.0,0.0,0.0,0.0,-0.10012660422679595,0.0,-0.1299902221887531,0.0,0.0,0.0,0.0,0.0,0.0,0.0,0.0,0.0,0.0,0.0,0.0,0.0,0.0,0.0,0.0,0.0,-0.09587439454356961,-0.1617808559867478,0.0,0.0,0.0,0.0,0.0,0.0,-0.09965042115810463,0.0,0.0,0.0,0.0,0.0,0.0,0.0,0.0,0.0,0.0,0.0,0.0,0.0,0.0,0.0,0.0,0.0,0.0
464,0.0,0.0,0.0,0.2772315666843829,0.0,0.0,0.0,0.0,0.0,0.0,0.0,0.0,0.0,0.1748482021053368,0.0,0.0,0.25378255896373575,0.0,0.0,0.0,0.0,0.0,0.0,0.0,0.0,0.0,0.0,0.0,0.0,0.0,0.0,0.0,0.2077236348232515,0.0,0.0,0.20871170670183056,0.0,0.0,0.0,0.0,0.0,0.3277117244131425,0.0,0.0,0.0,0.0,0.0,0.0,0.0,0.0,0.0,0.0,0.0,0.20780762814878398,0.0,0.0,0.0,0.0,0.0,0.0,0.0,0.0,0.0,0.0,0.0,0.0,0.21649908516038704,0.0,0.0,0.0,0.0,0.0,0.0,0.0,0.0,0.0,0.0,0.22300350370045763,0.302458823391539,0.0
470,0.0,-0.10204671107442101,0.0,0.0,0.0,0.0,0.0,0.0,0.0,0.0,0.0,0.0,0.0,0.0,0.0,0.0,0.0,0.0,0.0,0.0,-0.15110552178208717,0.0,0.0,0.0,0.0,0.0,0.0,0.0,0.0,0.0,0.0,0.0,0.0,-0.13278985129425128,0.0,-0.13497845690731108,0.0,0.0,0.0,0.0,0.0,0.0,0.0,0.0,0.0,0.0,0.0,0.0,0.0,0.0,0.0,0.0,0.0,0.0,-0.16800730628498342,0.0,0.0,0.0,0.0,0.0,0.0,-0.12821831362369868,0.0,0.0,0.0,0.0,0.0,-0.09746035439386769,-0.11762414877919203,0.0,0.0,-0.15444068203380912,0.0,0.0,-0.19720173678121372,0.0,0.0,0.0,0.0,0.0
471,0.0,0.0,0.11903028661388282,0.0,0.0,0.0,0.0,0.0,0.0,0.0,0.11677723518038509,0.0,0.0,0.0,0.0,0.0,0.0,0.0,0.0,0.0,0.0,0.0,0.0,0.0,0.0,0.0,0.1008575450601923,0.10790694892328492,0.0,0.1591597429272386,0.0,0.0,0.0,0.0,0.0,0.12055237264251692,0.0,0.0,0.0,0.0,0.0,0.0,0.0,0.0,0.12261288435017166,0.0,0.0,0.0,0.0,0.0,0.0,0.0,0.0,0.0,0.0,0.0,0.0,0.0,0.0,0.0,0.0,0.0,0.0,0.0,0.0,0.0,0.0,0.0,0.0,0.0,0.11473393082796784,0.0,0.11367676318891387,0.0,0.12647181977139818,0.0,0.0,0.0,0.0,0.0
477,0.0,-0.13409465124949205,0.0,0.0,-0.148130049530225,0.0,0.0,0.0,0.0,0.0,0.0,0.0,-0.13429886907939273,-0.1326895931007926,0.0,0.0,0.0,0.0,0.0,0.0,-0.14623340312651026,0.0,0.0,0.0,0.0,0.0,0.0,0.0,0.0,0.0,0.0,0.0,0.0,0.0,0.0,0.0,0.0,0.0,0.0,0.0,0.0,-0.1423069871071268,0.0,0.0,0.0,0.0,0.0,0.0,0.0,0.0,0.0,0.0,0.0,0.0,-0.13577553817942697,0.0,0.0,0.0,0.0,0.0,0.0,-0.14595114320721997,0.0,0.0,0.0,0.0,0.0,0.0,-0.14805718855583216,0.0,0.0,0.0,0.0,0.0,0.0,0.0,-0.1508519257724867,0.0,0.0,0.0
478,0.0,0.0,-0.09642056031559013,0.0,0.0,0.0,-0.08513470692060468,0.0,0.0,0.0,0.0,0.0,-0.0925180415496204,0.0,0.0,0.0,0.0,0.0,0.0,0.0,0.0,0.0,0.0,0.0,0.0,0.0,0.0,-0.10839812370203947,-0.10463328418640223,0.0,0.0,0.0,0.0,0.0,0.0,0.0,0.0,0.0,0.0,-0.10682438677374237,0.0,0.0,0.0,0.0,0.0,0.0,0.0,0.0,0.0,0.0,0.0,0.0,0.0,0.0,0.0,0.0,0.0,0.0,0.0,-0.09918374491580095,0.0,-0.0725813623831013,0.0,0.0,0.0,-0.09922509500163539,0.0,0.0,-0.11318885547858082,0.0,0.0,0.0,0.0,0.0,0.0,0.0,0.0,0.0,0.0,0.0
479,0.0,0.0,0.08346436932941814,0.0,0.0,0.0,0.0,0.0,0.0,0.0,0.0,0.0,0.0,0.0,0.0850770726786393,0.0,0.07038853901505959,0.0,0.0,0.0,0.07411516239676409,0.0,0.0,0.0,0.0,0.0,0.0,0.0,0.0,0.0,0.07170969249777381,0.0519638804387856,0.0,0.0,0.0,0.0,0.06387570116156245,0.0,0.0,0.0,0.0,0.08955993016982707,0.0,0.0,0.0,0.0,0.0,0.0,0.0,0.0,0.0,0.0,0.0,0.0,0.0,0.0,0.0,0.0,0.07879997759377938,0.0,0.0,0.066543384159011,0.0,0.0,0.0,0.0,0.0,0.0,0.0,0.0,0.0,0.0,0.0,0.0,0.0,0.0,0.0,0.0,0.0,0.0
491,0.19059829691011548,0.0,0.22706510336605742,0.0,0.0,0.0,0.0,0.0,0.0,0.0,0.0,0.0,0.0,0.0,0.0,0.0,0.0,0.0,0.0,0.0,0.0,0.0,0.0,0.0,0.0,0.0,0.0,0.0,0.0,0.0,0.0,0.23522589329382354,0.0,0.0,0.0,0.21672026022404214,0.0,0.0,0.0,0.0,0.0,0.0,0.0,0.0,0.0,0.0,0.0,0.0,0.0,0.0,0.0,0.0,0.0,0.0,0.24354223277192197,0.0,0.0,0.0,0.0,0.0,0.0,0.3732033592974405,0.0,0.0,0.0,0.0,0.0,0.19056081039244815,0.0,0.0,0.18893088390038804,0.0,0.303807360563236,0.0,0.1862199707808535,0.0,0.0,0.0,0.0,0.0
494,0.0,0.0,0.0,0.0,0.0,0.0,0.0,0.0,0.03126913851108749,0.0,0.0,0.0,0.0,0.0,0.0,0.0,0.0,0.0,0.0,0.0,0.0,0.0,0.0,0.0,0.0,0.0,0.0,0.0231999783500046,0.0,0.20055063519377497,0.0,0.0,0.0,0.0,0.0,0.0,0.0,0.0,0.0,0.0,-0.06713232848742208,0.0,0.0,0.0,-0.07514640440447493,0.0,0.0,0.0,0.0,0.0,-0.05280738105406808,0.0,0.0,0.0,0.0,0.0,0.0,0.020683422310583375,0.0,0.0,0.0,0.016479985610173248,0.0,0.0,0.0,0.0,0.0,0.0,0.0,0.0,0.04093605481229917,0.0,0.02865678993428599,0.0,0.0,0.0,0.0,0.0,0.0,0.0
495,0.0,0.0,0.0,0.0,0.0,0.0,0.0,0.0,0.0,0.0,0.0,0.0,0.0,-0.035944394754395946,0.0,0.0,-0.025816627231326644,0.0,0.0,0.0,0.0,0.0,0.0,0.0,0.0,0.0,0.0,0.0,-0.03256478162517638,0.0,0.0,-0.026365901655726165,0.0,0.0,0.0,0.0,0.0,0.0,0.0,0.0,-0.03602332225907137,-0.036770779712969326,-0.04447309373119587,0.0,0.0,0.0,-0.03060913807344798,0.0,0.0,0.0,0.0,0.0,0.0,0.0,0.0,0.0,0.0,0.0,0.0,0.0,0.0,0.0,0.0,0.0,0.0,0.0,0.0,0.0,0.0,0.0,0.0,0.0,0.0,-0.04780199645759094,0.0,0.0,-0.028435248129192157,0.0,0.0,0.0
497,0.0,-0.0313031912059321,0.0,0.0,0.0,0.0,0.0,0.0,0.0,0.0,0.0,0.0,0.0,0.0,0.0,0.0,0.0,0.0,0.0,0.0,0.0,0.0,0.0,0.0,0.0,0.0,0.0,0.0,0.0,0.0,0.0,0.0,0.0,-0.058408800167242106,0.0,-0.04188186810931633,0.0,0.0,0.0,0.0,0.0,0.0,-0.03810628030776516,0.0,0.0,0.0,0.0,0.0,0.0,0.0,0.0,0.0,0.0,0.0,-0.0765524751907479,0.0,0.0,0.0,0.0,0.0,0.0,0.0,0.0,-0.025169530522808584,-0.02339361644057074,-0.027496107031142497,0.0,0.0,0.0,0.0,0.0,-0.024484101149870208,0.0,0.0,0.0,0.0,0.0,-0.06323018252380634,0.0,0.0
501,0.0,0.0,0.0,0.11428284877734154,0.0,0.0,0.0,0.0,0.0,0.0,0.08864072099947695,0.0,0.09507779156884211,0.0,0.0,0.0,0.10474142832105524,0.0,0.0,0.0,0.0,0.0,0.0,0.0,0.0,0.0,0.0,0.0,0.0,0.0,0.0,0.0,0.0,0.0,0.0,0.0,0.0,0.0,0.08703482702045225,0.0,0.11938857910449152,0.0,0.0,0.0,0.0,0.0,0.0,0.0,0.0,0.0,0.0,0.0,0.0,0.0,0.0,0.0,0.0,0.0,0.0,0.1368051197639632,0.0,0.0,0.0,0.0,0.0,0.0,0.0,0.0,0.0,0.0,0.0,0.0,0.0,0.0936488316566711,0.0,0.0,0.0,0.10244358393716077,0.12543474069777738,0.0
505,0.0,0.0,0.15879328570248546,0.16138352869106098,0.15731675044623036,0.0,0.0,0.0,0.0,0.0,0.0,0.0,0.0,0.0,0.0,0.0,0.0,0.0,0.0,0.0,0.0,0.0,0.0,0.0,0.0,0.15411865145944187,0.0,0.0,0.0,0.0,0.0,0.14327121544166727,0.0,0.0,0.0,0.20627452728067236,0.0,0.0,0.0,0.0,0.0,0.14761778757996133,0.0,0.0,0.0,0.0,0.0,0.0,0.0,0.0,0.0,0.0,0.0,0.0,0.0,0.0,0.0,0.0,0.0,0.0,0.0,0.0,0.0,0.0,0.16156213458724267,0.0,0.0,0.0,0.0,0.0,0.0,0.0,0.0,0.0,0.0,0.0,0.0,0.0,0.1422454896606844,0.17108594681431244
506,0.057277543247153236,0.058858000177598464,0.07295449601572593,0.0,0.0,0.0,0.0,0.0,0.0,0.0,0.0,0.0,0.0,0.049456343460965335,0.0,0.0,0.0,0.0,0.0,0.0,0.06265852009775273,0.0,0.0,0.0,0.0,0.0,0.0,0.0,0.0,0.0,0.0,0.06507859417942084,0.0,0.0,0.0,0.06458906574750961,0.0,0.0,0.0,0.0,0.059541815858324805,0.051089908663121575,0.0,0.0,0.0,0.0,0.0,0.0,0.0,0.0,0.0,0.0,0.0,0.0,0.0,0.0,0.0,0.0,0.0,0.0,0.0,0.0,0.0,0.0,0.0,0.0,0.0,0.0,0.0,0.0,0.0,0.0,0.0,0.0570641931074865,0.0,0.0,0.0,0.0,0.0,0.0
507,0.0,0.04999643976463253,0.04803076382392613,0.0,0.0,0.0,0.0,0.03877175971659197,0.0,0.0,0.0,0.0,0.0,0.0,0.0,0.0,0.0,0.0,0.0,0.0,0.036158007411849546,0.0,0.0,0.0,0.0,0.0,0.0,0.0,0.0,0.0,0.0,0.0,0.0,0.0,0.0,0.05229637639662964,0.0,0.0,0.0,0.0,0.049614959100829414,0.06175137450926593,0.0,0.0,0.0,0.0,0.0,0.0,0.0,0.0,0.0,0.0,0.0,0.0,0.04848452377594625,0.0,0.0,0.0,0.0,0.0,0.0,0.0,0.0,0.0,0.0,0.0,0.0,0.0,0.0,0.0,0.0,0.031603772749501415,0.0,0.04459297466597611,0.0,0.0,0.0,0.0,0.0,0.0
534,0.0,-0.17600642431762262,0.0,0.0,0.0,0.0,-0.14573492295345541,-0.1328250847917234,0.0,0.0,0.0,0.0,0.0,0.0,0.0,0.0,0.0,0.0,0.0,0.0,0.0,0.0,0.0,0.0,0.0,0.0,-0.15570895669029572,0.0,0.0,0.0,0.0,0.0,0.0,0.0,0.0,-0.14398203854996777,-0.1871680801728173,0.0,0.0,0.0,0.0,0.0,0.0,0.0,0.0,0.0,0.0,0.0,0.0,0.0,0.0,0.0,0.0,0.0,-0.16121131228314498,-0.14418219145351996,0.0,0.0,0.0,0.0,0.0,-0.17511887035533982,0.0,0.0,0.0,0.0,0.0,0.0,0.0,0.0,0.0,0.0,-0.16017994989167048,0.0,0.0,0.0,0.0,0.0,0.0,0.0
546,0.0,0.0,0.0,0.0,0.0,0.0,0.0,0.0,0.0,0.0,0.0,0.0,0.0,0.0,0.0,0.0,0.0,0.0,0.0,0.0,0.0,0.0,0.0,0.0,0.0,0.0,0.0,0.0,0.0,0.0,0.0,-0.04071614875764667,0.0,0.0,0.0,-0.03685301058538964,0.0,0.0,0.0,0.0,0.0,0.0,0.0,0.0,0.0,0.0,-0.03599009447744674,0.0,0.0,0.0,0.0,0.0,0.0,0.0,-0.05326826511305381,0.0,0.0,0.0,0.0,0.0,-0.05005772304987729,0.0,0.0,0.0,0.0,0.0,0.0,-0.035623083472599,0.0,-0.0352383489986505,0.0,-0.05043397545309655,-0.03181689040895053,-0.0669480293186661,0.0,0.0,0.0,0.0,0.0,0.0
