CNP_ID,n_conformations,n_conformations_with_bonds_of_interest,total_interactions,total_hydrogen_bond_interactions,total_hydrogen_bond_interactions_of_interest,total_hydrophobic_interactions,total_hydrophobic_interactions_of_interest,conf_1_h_bonds_of_interest,conf_1_h_bond_count,conf_1_h_bond_distances,conf_1_hydrophobic_bonds_of_interest,conf_1_hydrophobic_count,conf_1_hydrophobic_distances,conf_2_h_bonds_of_interest,conf_2_h_bond_count,conf_2_h_bond_distances,conf_2_hydrophobic_bonds_of_interest,conf_2_hydrophobic_count,conf_2_hydrophobic_distances,conf_3_h_bonds_of_interest,conf_3_h_bond_count,conf_3_h_bond_distances,conf_3_hydrophobic_bonds_of_interest,conf_3_hydrophobic_count,conf_3_hydrophobic_distances,conf_4_h_bonds_of_interest,conf_4_h_bond_count,conf_4_h_bond_distances,conf_4_hydrophobic_bonds_of_interest,conf_4_hydrophobic_count,conf_4_hydrophobic_distances,conf_5_h_bonds_of_interest,conf_5_h_bond_count,conf_5_h_bond_distances,conf_5_hydrophobic_bonds_of_interest,conf_5_hydrophobic_count,conf_5_hydrophobic_distances,conf_6_h_bonds_of_interest,conf_6_h_bond_count,conf_6_h_bond_distances,conf_6_hydrophobic_bonds_of_interest,conf_6_hydrophobic_count,conf_6_hydrophobic_distances,conf_7_h_bonds_of_interest,conf_7_h_bond_count,conf_7_h_bond_distances,conf_7_hydrophobic_bonds_of_interest,conf_7_hydrophobic_count,conf_7_hydrophobic_distances,conf_8_h_bonds_of_interest,conf_8_h_bond_count,conf_8_h_bond_distances,conf_8_hydrophobic_bonds_of_interest,conf_8_hydrophobic_count,conf_8_hydrophobic_distances,conf_9_h_bonds_of_interest,conf_9_h_bond_count,conf_9_h_bond_distances,conf_9_hydrophobic_bonds_of_interest,conf_9_hydrophobic_count,conf_9_hydrophobic_distances
CNP0108955.3,9,3,131,41,1,90,4,,0,,VAL467 | VAL467 | ALA556,3,3.85 | 3.65 | 3.85,,0,,,0,,,0,,,0,,,0,,,0,,VAL467,1,3.30,,0,,,0,,VAL467,1,3.33,,0,,,0,,,0,,,0,,,0,,,0,
CNP0108955.4,9,6,144,55,0,89,19,,0,,ARG415 | ARG415 | VAL467 | VAL467 | GLY509,5,3.74 | 3.46 | 3.67 | 3.65 | 3.86,,0,,,0,,,0,,GLY605,1,3.76,,0,,VAL467,1,3.72,,0,,GLY603 | GLY603 | GLY462 | GLY462,4,3.73 | 3.53 | 3.65 | 3.79,,0,,GLY603 | GLY603 | ALA556 | ALA556 | ALA556 | ARG415 | ARG415,7,3.67 | 3.16 | 3.84 | 3.25 | 3.44 | 3.74 | 3.53,,0,,,0,,,0,,GLY605,1,3.46,,0,,,0,
CNP0108955.5,9,5,153,52,3,101,42,,0,,ALA556 | GLY509 | GLY509 | GLY603 | GLY603 | ALA556 | ALA556 | ALA556,8,3.77 | 3.57 | 3.34 | 3.87 | 3.64 | 3.77 | 3.68 | 3.81,GLY509,1,3.09,GLY462 | GLY462 | ALA556 | GLY509,4,3.40 | 3.36 | 3.81 | 3.89,GLY509,1,2.98,GLY462 | GLY462 | VAL467 | ALA556 | ALA556 | ALA556 | GLY509 | GLY509,8,3.35 | 3.42 | 3.78 | 3.83 | 3.61 | 3.55 | 3.80 | 3.74,SER508,1,3.23,GLY605 | ALA556 | ALA556 | GLY509 | TYR572 | GLY462 | GLY462 | GLY603 | ALA556 | GLY462 | ARG415 | ARG415 | ALA556 | ARG415 | GLY509 | GLY462 | ALA556 | ARG415 | GLY462 | ARG415 | ARG415,21,3.88 | 3.52 | 3.03 | 3.53 | 3.49 | 3.74 | 3.40 | 2.93 | 3.77 | 3.80 | 3.64 | 3.89 | 3.83 | 3.71 | 3.21 | 3.09 | 3.47 | 3.89 | 3.71 | 3.36 | 3.73,,0,,,0,,,0,,,0,,,0,,VAL467,1,3.67,,0,,,0,,,0,,,0,
CNP0108955.6,9,5,136,46,0,90,17,,0,,ARG415 | ALA556,2,3.87 | 3.63,,0,,GLY603 | ALA556 | ARG415 | ARG415 | ARG415 | ARG415 | GLY603,7,3.23 | 3.87 | 3.76 | 3.85 | 3.78 | 3.52 | 3.87,,0,,ALA556 | GLY509 | GLY603 | ALA556 | ALA556,5,3.58 | 3.86 | 3.72 | 3.88 | 3.54,,0,,,0,,,0,,,0,,,0,,,0,,,0,,VAL467,1,3.72,,0,,ALA556 | ALA556,2,3.77 | 3.72,,0,,,0,
CNP0109837.1,9,9,187,26,5,161,108,SER508 | ARG483,2,3.26 | 3.16,ARG415 | PHE478 | ILE461 | ILE461 | ARG415 | ARG415 | ALA556 | ALA556 | GLY509 | GLY462 | GLY509 | GLY509 | GLY462,13,3.76 | 3.65 | 3.76 | 3.44 | 3.15 | 3.63 | 3.62 | 3.87 | 2.60 | 3.39 | 3.76 | 3.60 | 3.27,,0,,TYR334 | TYR334 | GLY462 | ALA556 | GLY603 | ALA556 | GLY603 | ALA556 | ARG415 | ALA556 | ALA556 | GLY603 | GLY603,13,3.89 | 3.77 | 3.75 | 3.07 | 3.53 | 3.67 | 3.74 | 3.80 | 3.87 | 3.57 | 3.60 | 3.84 | 3.72,SER508 | SER508,2,3.29 | 3.20,GLY603 | GLY603 | GLY603 | GLY509 | ALA556 | ALA556 | GLY509 | GLY509 | GLY462 | GLY462 | ARG415 | GLY509 | ALA556 | ALA556 | ARG415 | ARG415 | ARG415,17,3.45 | 3.26 | 3.00 | 3.51 | 3.78 | 3.59 | 3.72 | 2.68 | 3.56 | 2.97 | 3.87 | 3.84 | 3.68 | 3.62 | 3.87 | 3.01 | 3.45,,0,,GLY509 | GLY462 | GLY509 | GLY603 | ALA556 | ARG415 | GLY603 | ALA556 | GLY603 | GLY603 | GLY603 | ARG415 | GLY603,13,3.65 | 3.83 | 3.86 | 3.63 | 3.88 | 3.85 | 3.68 | 2.99 | 3.51 | 2.94 | 3.76 | 3.80 | 3.83,,0,,GLY509 | GLY509 | TYR334 | TYR334 | TYR334 | ARG415 | ARG415 | ALA556 | ARG415 | ARG415 | ALA556 | ALA556 | ARG415 | ALA556 | GLY603,15,3.58 | 3.24 | 3.54 | 3.63 | 3.79 | 3.86 | 3.80 | 3.40 | 3.44 | 3.05 | 3.11 | 3.73 | 3.45 | 3.56 | 3.55,,0,,GLY462 | GLY462 | ARG415 | ARG415 | GLY509 | GLY462 | GLY462 | ARG415 | ALA556 | ALA556 | GLY509 | GLY603 | ALA556 | ALA556 | ALA556,15,3.68 | 3.35 | 3.77 | 3.89 | 3.58 | 3.38 | 2.89 | 3.70 | 3.45 | 3.48 | 3.74 | 3.26 | 2.97 | 3.72 | 3.86,ARG415,1,3.01,GLY462 | GLY462 | ARG415 | ARG415 | GLY509 | GLY462 | GLY462 | TYR572 | ARG415 | GLY462 | ALA556 | GLY603 | ALA556 | ALA556 | ALA556 | ALA556,16,3.82 | 3.51 | 3.48 | 3.69 | 3.85 | 3.46 | 3.09 | 3.88 | 3.65 | 3.88 | 3.78 | 3.51 | 3.46 | 2.91 | 3.70 | 3.87,,0,,GLY462 | GLY603,2,3.79 | 3.79,,0,,VAL467 | VAL467 | GLY462 | GLY462,4,3.43 | 3.60 | 3.74 | 3.75
CNP0109945.1,9,8,131,39,3,92,28,,0,,ALA556,1,3.59,,0,,GLY605 | VAL467,2,3.67 | 3.70,VAL467 | VAL467,2,2.69 | 3.07,GLY462 | GLY462,2,3.86 | 3.83,GLY509,1,3.13,,0,,,0,,GLY509,1,3.76,,0,,GLY509,1,3.74,,0,,GLY509 | GLY462,2,3.83 | 3.77,,0,,GLY509 | GLY509 | GLY462 | ARG415 | GLY462 | ARG415 | ARG415 | ARG415 | GLY509 | GLY462 | TYR572 | TYR572 | ALA556 | ARG415 | GLY603 | ARG415 | ALA556 | ALA556 | TYR334,19,3.57 | 3.46 | 3.80 | 3.74 | 3.66 | 3.75 | 3.49 | 3.39 | 3.88 | 3.47 | 3.89 | 3.77 | 3.74 | 3.73 | 3.64 | 3.74 | 3.71 | 3.56 | 3.83,,0,,,0,
CNP0109978.3,9,6,177,81,2,96,20,GLY509,1,3.08,ALA556 | GLY603 | GLY509 | ALA556 | GLY509 | GLY509,6,3.70 | 3.89 | 3.84 | 3.64 | 3.80 | 3.87,,0,,ARG415 | GLY603,2,3.76 | 3.70,,0,,,0,,,0,,ARG415 | VAL467 | VAL467,3,3.71 | 3.47 | 3.88,,0,,,0,,,0,,,0,,GLY509,1,2.82,VAL467 | VAL467,2,3.89 | 3.83,,0,,VAL467,1,3.75,,0,,ASN469 | ASN469 | VAL467 | VAL467 | VAL467 | VAL467,6,3.84 | 3.69 | 3.79 | 3.54 | 3.49 | 3.75
CNP0110279.1,9,8,266,65,4,201,72,GLY509,1,3.04,GLY509 | GLY462 | ARG415 | ARG415 | ARG415 | GLY462 | ARG415 | ARG415 | ARG415 | GLY603 | ALA556 | ALA556,12,3.14 | 3.63 | 3.82 | 3.76 | 3.65 | 3.47 | 3.90 | 3.65 | 3.36 | 3.60 | 3.42 | 3.75,GLY509,1,3.14,GLY509 | GLY462 | ARG415 | ARG415 | ARG415 | GLY462 | ARG415 | ARG415 | GLY603 | ALA556 | ALA556,11,3.09 | 3.65 | 3.88 | 3.80 | 3.68 | 3.50 | 3.66 | 3.36 | 3.64 | 3.54 | 3.89,,0,,GLY509 | GLY509 | GLY462 | GLY603 | ARG415 | GLY462 | ALA556 | ALA556 | ARG415 | ARG415 | ARG415,11,3.66 | 3.61 | 3.81 | 3.52 | 3.80 | 3.69 | 3.35 | 3.24 | 3.68 | 3.77 | 3.32,,0,,ALA556 | ALA556 | GLY509 | GLY462 | ARG415 | ARG415 | ARG415 | ARG415 | TYR334 | GLY603 | GLY603 | GLY603 | ARG415 | ALA556 | ARG415 | ARG415 | ARG415 | ARG415 | ALA556 | ARG415 | GLY603,21,3.71 | 3.16 | 3.88 | 3.02 | 3.54 | 3.11 | 3.12 | 3.85 | 3.72 | 3.68 | 3.54 | 3.66 | 3.84 | 3.72 | 3.73 | 3.31 | 2.57 | 3.66 | 3.39 | 3.63 | 3.64,VAL467 | VAL467,2,3.04 | 2.95,,0,,,0,,GLY509 | GLY509 | GLY462 | GLY605,4,3.80 | 3.46 | 3.48 | 3.85,,0,,GLY509 | GLY509 | GLY462 | VAL467 | VAL467 | VAL467 | VAL467 | GLY605,8,3.78 | 3.56 | 3.60 | 3.84 | 3.87 | 3.62 | 3.68 | 3.87,,0,,GLY509 | GLY462 | VAL467 | VAL467 | GLY605,5,3.58 | 3.50 | 3.86 | 3.86 | 3.87,,0,,,0,
CNP0110279.3,9,7,183,45,4,138,35,VAL467,1,3.07,ARG415,1,3.84,VAL467 | VAL467,2,2.89 | 2.70,ALA556 | ARG415 | ALA556 | ARG415 | ARG415 | ALA556 | ALA556,7,3.82 | 3.85 | 3.88 | 3.90 | 3.50 | 3.70 | 3.34,,0,,VAL467,1,3.55,,0,,GLY509 | GLY509 | GLY462 | GLY462,4,3.85 | 3.10 | 3.81 | 3.69,,0,,GLY605,1,3.89,,0,,VAL467 | GLY462 | GLY462 | ARG415 | ARG415 | ARG415 | ALA556 | ALA556 | ALA556 | GLY509 | GLY603 | ALA556 | GLY509 | GLY462 | ALA556 | ARG415 | ARG415,17,3.80 | 3.72 | 3.28 | 3.71 | 3.06 | 3.28 | 3.31 | 3.67 | 3.51 | 3.23 | 3.84 | 3.61 | 3.76 | 3.79 | 3.89 | 3.71 | 3.50,,0,,,0,,,0,,,0,,ASN469,1,2.97,GLY509 | GLY509 | GLY462 | GLY462,4,3.68 | 2.85 | 3.80 | 3.64
CNP0110784.1,9,8,204,82,2,122,37,,0,,GLY603 | GLY603 | ALA556 | ALA556,4,3.76 | 3.33 | 3.61 | 3.72,,0,,GLY603 | GLY603 | ALA556 | ALA556,4,3.88 | 3.45 | 3.41 | 3.60,ASN469,1,2.98,GLY603 | GLY603 | ALA556 | ALA556,4,3.87 | 3.42 | 3.43 | 3.59,,0,,GLY462 | GLY462,2,3.30 | 3.48,GLY462,1,3.25,ALA556 | ALA556 | GLY509 | GLY462 | ALA556 | GLY509 | GLY509 | GLY462 | GLY462 | GLY462 | GLY462 | ARG415 | ARG415 | ARG415 | GLY605,15,3.19 | 3.45 | 3.35 | 3.81 | 3.63 | 3.80 | 3.79 | 3.69 | 3.40 | 3.86 | 3.49 | 3.20 | 3.44 | 3.83 | 3.66,,0,,,0,,,0,,GLY605,1,3.78,,0,,GLY603 | GLY603 | ALA556 | ALA556 | GLY605,5,3.81 | 3.35 | 3.60 | 3.68 | 3.87,,0,,VAL467 | VAL467,2,3.74 | 3.41
CNP0111592.1,9,5,178,73,6,105,48,SER555 | SER508,2,2.98 | 3.02,ARG415 | ALA556 | GLY603 | GLY603 | ALA556 | ALA556 | GLY509 | ARG415 | ARG415 | ARG415 | ARG415 | ALA556 | GLY509 | ARG415,14,3.85 | 3.80 | 3.69 | 3.52 | 3.40 | 3.24 | 3.82 | 3.53 | 3.70 | 3.48 | 3.76 | 3.56 | 3.75 | 3.81,SER555 | ARG415,2,3.18 | 3.09,ALA556 | GLY462 | ARG415 | ARG415 | GLY509 | GLY462 | GLY509 | GLY509 | GLY462 | GLY603 | ALA556 | ALA556,12,3.54 | 3.75 | 3.42 | 3.62 | 3.23 | 3.34 | 3.87 | 3.13 | 3.81 | 3.83 | 3.52 | 3.89,SER602,1,3.21,GLY603 | TYR334 | ARG415 | GLY603 | ARG415 | ARG415 | ARG415 | ARG415 | ALA556 | ALA556 | ALA556 | ALA556 | GLY509 | GLY603 | GLY603 | GLY509 | GLY509,17,3.82 | 3.66 | 3.59 | 3.75 | 3.54 | 3.81 | 3.68 | 3.32 | 3.45 | 3.69 | 3.72 | 3.51 | 3.72 | 3.15 | 3.78 | 3.75 | 3.66,,0,,,0,,,0,,,0,,,0,,GLY462 | ALA556 | ALA556 | ALA556 | GLY509,5,3.79 | 3.69 | 3.57 | 2.97 | 3.74,,0,,,0,,,0,,,0,,VAL467,1,2.70,,0,
CNP0111955.0,9,8,203,49,5,154,60,GLY509,1,2.69,GLY605,1,3.59,GLY462,1,3.12,GLY509 | GLY509 | GLY462 | GLY462 | GLY462,5,3.85 | 3.66 | 3.84 | 3.70 | 3.86,,0,,GLY603 | ALA556 | GLY509 | GLY462 | GLY462 | ALA556 | ALA556 | VAL467,8,3.70 | 3.61 | 3.88 | 3.86 | 3.69 | 3.70 | 3.47 | 3.66,,0,,GLY509 | GLY462 | ALA556 | ARG415 | GLY509 | GLY462 | ALA556 | ALA556 | GLY603 | GLY603 | ALA556 | ALA556,12,3.79 | 3.69 | 3.87 | 3.87 | 3.25 | 3.87 | 3.84 | 3.89 | 3.67 | 3.21 | 3.67 | 3.75,GLY509,1,2.80,GLY509 | GLY605,2,3.87 | 3.71,,0,,ALA556 | ARG415 | ALA556 | ALA556 | GLY509 | ALA556 | ARG415 | ALA556 | ALA556 | GLY462 | ARG415 | ARG415 | GLY603 | GLY603,14,3.74 | 3.88 | 3.84 | 3.78 | 2.99 | 3.63 | 3.75 | 3.67 | 3.83 | 3.65 | 3.58 | 3.78 | 3.61 | 3.89,,0,,ALA556 | ARG415 | ALA556 | ALA556 | GLY509 | GLY509 | GLY462,7,3.83 | 3.56 | 3.81 | 3.90 | 3.75 | 3.30 | 3.81,,0,,,0,,VAL467 | VAL467,2,2.89 | 2.80,VAL467 | VAL467 | ARG415 | ARG415 | ARG415 | GLY509 | ALA556 | GLY605 | GLY509 | GLY509 | GLY462,11,3.77 | 3.68 | 3.50 | 3.89 | 3.78 | 3.88 | 3.86 | 3.85 | 3.72 | 3.29 | 3.79
CNP0114877.1,9,8,244,130,5,114,14,,0,,ALA556 | ALA556 | GLY509,3,3.68 | 3.85 | 3.76,VAL467,1,3.26,ALA556 | ALA556 | ALA556,3,3.80 | 3.66 | 3.62,,0,,,0,,VAL467 | VAL467,2,2.98 | 2.93,,0,,,0,,ALA556,1,3.88,,0,,ASN469 | VAL467 | VAL467 | VAL467 | VAL467,5,3.59 | 3.67 | 3.66 | 3.80 | 3.77,,0,,ASN469,1,3.85,,0,,VAL467,1,3.83,VAL467 | VAL467,2,3.03 | 2.92,,0,
CNP0115315.1,9,9,201,61,6,140,53,VAL467 | VAL467,2,3.30 | 3.35,ARG415 | GLY603 | ALA556 | GLY509 | ALA556 | GLY509 | GLY509,7,3.57 | 3.32 | 3.73 | 3.76 | 3.48 | 3.67 | 3.74,VAL467,1,3.13,ARG415 | GLY603 | ALA556 | ALA556 | ALA556 | GLY509 | GLY509,7,3.50 | 3.13 | 3.68 | 3.89 | 3.37 | 3.58 | 3.52,,0,,GLY603 | ALA556 | GLY603 | ALA556 | GLY509 | ALA556 | GLY509 | VAL467,8,3.79 | 3.77 | 3.09 | 3.76 | 3.84 | 3.63 | 3.80 | 3.75,,0,,VAL467 | VAL467 | VAL467 | GLY603 | GLY603,5,3.84 | 3.86 | 3.70 | 3.64 | 3.34,GLY509,1,2.81,GLY509,1,3.66,ASN469,1,3.25,VAL467 | VAL467 | VAL467,3,3.47 | 3.67 | 3.24,,0,,ALA556 | ARG415 | GLY603 | ALA556 | GLY509 | ALA556 | ALA556 | ALA556 | GLY509 | GLY509,10,3.88 | 3.45 | 3.52 | 3.58 | 3.57 | 3.86 | 3.80 | 3.30 | 3.58 | 3.62,,0,,ARG415 | ARG415 | GLY462 | ARG415 | ARG415 | ARG415 | ALA556 | ALA556 | ALA556 | ARG415 | ARG415,11,3.69 | 3.67 | 3.26 | 3.81 | 3.87 | 3.56 | 3.68 | 3.63 | 3.19 | 3.64 | 3.32,GLY509,1,2.79,GLY509,1,3.61
CNP0115791.1,9,7,211,39,6,172,73,VAL467 | VAL467,2,3.14 | 3.04,VAL467 | VAL467 | VAL467 | VAL467 | ALA556 | GLY509 | ALA556 | GLY462 | GLY462 | GLY509 | ALA556 | ALA556 | ARG415 | GLY462 | ARG415 | ARG415 | ARG415 | ARG415 | ARG415 | ALA556 | ALA556,21,3.82 | 3.79 | 3.87 | 3.67 | 3.82 | 3.62 | 3.81 | 3.83 | 3.56 | 3.65 | 3.45 | 3.36 | 3.78 | 3.87 | 3.79 | 3.45 | 3.81 | 3.87 | 3.27 | 3.59 | 3.26,,0,,ALA556 | ALA556 | GLY509 | GLY462 | GLY462 | ALA556 | GLY509 | ALA556 | ALA556 | ARG415 | ARG415 | ARG415 | ARG415 | ARG415 | ALA556 | ALA556,16,3.90 | 3.70 | 3.51 | 3.90 | 3.55 | 3.88 | 3.69 | 3.39 | 3.37 | 3.69 | 3.63 | 3.29 | 3.75 | 3.38 | 3.60 | 3.32,,0,,ALA556 | GLY509 | ALA556 | GLY462 | GLY462 | GLY509 | ALA556 | ALA556 | ARG415 | GLY462 | ARG415 | ARG415 | ARG415 | ARG415 | ALA556 | ALA556,16,3.81 | 3.55 | 3.85 | 3.88 | 3.59 | 3.69 | 3.46 | 3.38 | 3.76 | 3.89 | 3.71 | 3.35 | 3.71 | 3.31 | 3.66 | 3.30,,0,,ALA556 | GLY509,2,3.81 | 3.62,,0,,,0,,,0,,GLY509 | GLY509 | VAL467,3,3.89 | 3.82 | 3.57,,0,,,0,,ARG483 | ARG483 | ARG415,3,3.10 | 3.27 | 2.96,SER508 | ARG415 | ARG415 | GLY603 | GLY603 | ALA556 | ALA556 | GLY603 | ALA556 | ALA556 | ARG415 | ARG415 | ALA556 | GLY603,14,3.82 | 3.41 | 3.66 | 3.86 | 3.53 | 3.45 | 3.75 | 3.85 | 3.72 | 3.51 | 3.43 | 3.48 | 3.69 | 3.76,VAL467,1,2.83,GLY509,1,3.58
CNP0115974.1,9,7,185,107,4,78,21,,0,,GLY603 | GLY603 | GLY462,3,3.69 | 3.49 | 3.84,,0,,GLY603 | GLY603 | GLY462 | GLY462,4,3.73 | 3.53 | 3.63 | 3.75,VAL467 | GLY509,2,3.27 | 3.14,VAL467 | ALA556 | ALA556 | GLY509 | GLY509,5,3.42 | 3.74 | 3.27 | 3.34 | 3.52,GLY462,1,3.19,GLY509 | GLY509 | GLY462,3,3.89 | 3.50 | 3.56,GLY462,1,3.26,VAL467 | GLY509 | GLY509 | GLY462,4,3.57 | 3.84 | 3.49 | 3.65,,0,,,0,,,0,,GLY605,1,3.62,,0,,,0,,,0,,GLY605,1,3.84
CNP0116318.1,9,8,199,85,6,114,46,GLY462,1,3.04,GLY509 | GLY509,2,3.60 | 3.48,GLY462,1,3.06,VAL467 | GLY509 | GLY509 | GLY605,4,3.83 | 3.59 | 3.42 | 3.63,,0,,ALA556 | GLY509 | GLY462 | ALA556 | ARG415 | ARG415 | ALA556 | GLY509 | ARG415 | ARG415 | GLY462,11,3.55 | 3.65 | 3.60 | 3.71 | 3.61 | 3.68 | 3.46 | 3.64 | 3.77 | 3.32 | 3.80,,0,,GLY509 | GLY509 | GLY462 | GLY462,4,3.78 | 3.58 | 3.86 | 3.85,,0,,GLY509 | GLY509,2,3.80 | 3.63,VAL467,1,3.31,GLY509 | ALA556 | ARG415 | GLY509 | GLY462 | GLY462 | ALA556 | ARG415 | GLY605 | GLY605 | VAL467,11,3.76 | 3.78 | 3.84 | 3.50 | 3.85 | 3.07 | 3.88 | 3.61 | 3.79 | 3.49 | 3.71,VAL467 | VAL467 | VAL467,3,3.10 | 2.76 | 3.14,GLY509 | ALA556 | ARG415 | GLY509 | GLY462 | ALA556 | GLY509 | ARG415 | ARG415 | GLY605,10,3.76 | 3.47 | 3.88 | 3.34 | 3.34 | 3.67 | 3.74 | 3.89 | 3.38 | 3.63,,0,,GLY509 | GLY509,2,3.86 | 3.65,,0,,,0,
CNP0116318.2,9,9,230,110,3,120,49,GLY509,1,3.24,ALA556 | GLY509 | GLY509,3,3.61 | 3.76 | 3.85,GLY509,1,2.80,ARG415,1,3.88,,0,,GLY603 | GLY603 | GLY462 | ALA556 | GLY605,5,3.81 | 3.72 | 3.70 | 3.83 | 3.87,,0,,VAL467,1,3.72,GLY509,1,2.99,VAL467,1,3.85,,0,,GLY603 | ALA556 | ALA556 | ALA556,4,3.85 | 3.59 | 3.61 | 3.86,,0,,ALA556 | ARG415 | GLY509 | GLY462 | GLY603 | ALA556 | ALA556 | ALA556 | ALA556 | GLY509 | GLY509 | GLY462 | GLY462,13,3.63 | 3.68 | 3.77 | 3.66 | 3.79 | 3.45 | 3.84 | 3.86 | 3.86 | 3.74 | 3.19 | 3.62 | 3.81,,0,,ALA556 | ARG415 | GLY509 | GLY462 | ARG415 | ARG415 | ALA556 | ALA556 | ARG415 | ARG415,10,3.60 | 3.74 | 3.76 | 3.73 | 3.61 | 3.82 | 3.61 | 3.31 | 3.77 | 3.35,,0,,ALA556 | ARG415 | ALA556 | GLY509 | ARG415 | GLY603 | GLY462 | GLY462 | ARG415 | ARG415 | ARG415,11,3.67 | 3.66 | 3.74 | 3.55 | 3.59 | 3.55 | 3.83 | 3.35 | 3.82 | 3.45 | 3.49
CNP0116362.0,9,8,199,92,0,107,31,,0,,GLY509 | GLY462 | GLY605,3,3.61 | 3.41 | 3.67,,0,,GLY462 | GLY462 | ARG415 | ARG415 | GLY603 | GLY603,6,3.59 | 3.32 | 3.44 | 3.73 | 3.87 | 3.61,,0,,GLY509 | GLY509 | GLY462 | GLY605,4,3.87 | 3.57 | 3.47 | 3.64,,0,,GLY462 | GLY462 | ARG415 | GLY603,4,3.58 | 3.46 | 3.80 | 3.86,,0,,GLY605 | ALA556 | GLY509,3,3.73 | 3.74 | 3.72,,0,,,0,,,0,,VAL467 | GLY605 | GLY603 | GLY603 | ALA556 | ALA556,6,3.89 | 3.68 | 3.61 | 3.25 | 3.31 | 3.67,,0,,ARG415 | ARG415 | ALA556 | ALA556,4,3.77 | 3.56 | 3.68 | 3.37,,0,,GLY605,1,3.56
CNP0116456.1,9,9,276,78,3,198,103,,0,,ARG380 | ARG415 | ALA556 | ALA556 | TYR334 | TYR334 | TYR334 | ARG415 | GLY603 | ARG415 | ARG415 | GLY603 | ARG415 | ALA556 | ARG415 | ARG415 | GLY603 | ALA556 | ARG415 | ARG415 | ARG415 | ARG415 | GLY462 | ARG415 | ARG415 | GLY603 | GLY603 | GLY509 | ALA556 | GLY509 | GLY509,31,3.71 | 3.51 | 2.70 | 3.56 | 3.87 | 3.62 | 3.59 | 3.78 | 3.76 | 3.50 | 3.82 | 3.52 | 3.83 | 3.65 | 3.86 | 3.81 | 3.85 | 3.44 | 3.02 | 3.01 | 3.57 | 3.86 | 2.97 | 3.71 | 3.69 | 3.82 | 3.68 | 3.83 | 3.68 | 3.54 | 3.29,GLY509,1,2.78,GLY509 | ALA556,2,3.63 | 3.82,,0,,ALA556 | ALA556 | GLY509 | ALA556 | ALA556 | GLY462 | ARG415 | ARG415 | ARG415 | ARG415 | GLY462 | ARG415 | ARG415 | ARG415 | ARG415 | GLY462 | GLY462 | ALA556 | ALA556,19,3.19 | 3.43 | 3.09 | 3.74 | 3.09 | 3.56 | 3.39 | 3.39 | 3.72 | 3.54 | 3.19 | 3.41 | 3.36 | 3.84 | 3.82 | 3.67 | 3.78 | 3.67 | 3.62,,0,,GLY603 | ALA556 | GLY509 | GLY509 | ASN469 | VAL467 | VAL467,7,3.87 | 3.67 | 3.56 | 3.56 | 3.76 | 3.81 | 3.69,GLY509,1,3.00,ALA556 | GLY509 | GLY509 | ALA556 | ALA556,5,3.88 | 3.59 | 3.53 | 3.82 | 3.37,,0,,TYR572 | TYR572 | TYR572 | TYR572 | TYR334 | TYR334 | TYR334 | TYR334 | ARG415 | GLY603 | ARG415 | ARG415 | GLY603 | ALA556 | ALA556 | GLY509 | GLY603 | GLY603 | ALA556 | ALA556 | ALA556 | ALA556 | GLY603 | ARG415 | GLY509 | GLY462,26,3.88 | 3.60 | 3.65 | 3.89 | 3.73 | 3.49 | 3.70 | 3.71 | 3.87 | 3.40 | 3.31 | 3.15 | 3.71 | 3.79 | 3.76 | 2.85 | 3.68 | 2.92 | 3.84 | 3.51 | 3.59 | 3.16 | 3.76 | 3.89 | 3.86 | 3.76,,0,,ALA556 | ALA556 | GLY509 | GLY603 | VAL467,5,3.64 | 3.43 | 3.65 | 3.68 | 3.83,GLY509,1,3.23,GLY509 | GLY509 | ALA556 | VAL467 | VAL467,5,3.49 | 3.67 | 3.80 | 3.81 | 3.77,,0,,ALA556 | ALA556 | GLY509,3,3.35 | 3.39 | 3.59
CNP0116456.2,9,9,235,77,3,158,40,,0,,GLY462 | GLY462,2,3.59 | 3.42,,0,,GLY603 | GLY605,2,3.52 | 3.64,VAL467,1,3.00,ALA556 | ALA556 | ARG415 | GLY509 | GLY462 | ALA556 | ARG415 | GLY462 | ARG415 | ARG415 | ARG415 | ARG415 | ARG415 | GLY462 | GLY462 | ARG415 | ALA556 | ALA556 | ALA556 | ALA556,20,2.98 | 3.57 | 3.77 | 3.48 | 3.87 | 3.45 | 3.84 | 3.05 | 3.61 | 3.52 | 3.63 | 3.47 | 3.80 | 3.53 | 3.34 | 3.69 | 3.89 | 3.72 | 3.52 | 3.17,,0,,GLY603 | GLY603,2,3.71 | 3.48,VAL467,1,3.02,GLY603 | GLY603,2,3.68 | 3.47,,0,,GLY462 | GLY462 | ARG415,3,3.64 | 3.44 | 3.84,,0,,GLY603 | GLY603 | GLY509 | GLY509,4,3.79 | 3.57 | 3.83 | 3.89,ARG415,1,3.08,GLY462 | GLY462 | ARG415,3,3.55 | 3.37 | 3.88,,0,,GLY603 | GLY603,2,3.90 | 3.76
CNP0116817.3,9,8,243,102,10,141,48,VAL467 | VAL467,2,2.72 | 2.70,,0,,,0,,,0,,VAL467,1,2.92,GLY603 | GLY603 | ALA556 | ALA556 | VAL467,5,3.85 | 3.41 | 3.68 | 3.74 | 3.75,,0,,ARG415 | VAL467 | VAL467,3,3.82 | 3.86 | 3.73,,0,,ARG415 | ARG415 | GLY605,3,3.74 | 3.57 | 3.86,GLY509,1,2.97,,0,,VAL467,1,2.76,GLY603 | ARG415 | ARG415 | ALA556 | ALA556 | ARG415 | ALA556 | ALA556 | ALA556,9,3.77 | 3.72 | 3.61 | 3.76 | 3.70 | 3.87 | 3.88 | 3.63 | 3.20,,0,,GLY603 | ARG415 | ARG415 | ALA556 | ALA556 | ARG415 | ALA556 | ALA556 | ALA556,9,3.74 | 3.73 | 3.62 | 3.73 | 3.70 | 3.87 | 3.89 | 3.64 | 3.22,ARG415 | ARG483 | ARG415 | ARG415 | SER508,5,2.80 | 2.95 | 3.23 | 3.17 | 3.01,GLY603 | ALA556 | ALA556 | PHE478 | PHE478 | ALA556 | ALA556 | ARG415 | GLY509 | GLY462 | ALA556 | ARG415 | GLY509 | GLY462 | ARG415 | ALA556 | ALA556 | ARG415 | ARG415,19,3.86 | 3.60 | 3.73 | 3.44 | 3.82 | 3.79 | 3.65 | 3.63 | 3.31 | 3.44 | 3.86 | 3.83 | 3.71 | 3.86 | 3.73 | 3.31 | 3.64 | 3.61 | 3.64
CNP0117528.0,9,8,230,100,7,130,54,GLY462 | GLY509,2,3.19 | 3.07,VAL467 | GLY603 | GLY603 | GLY509 | GLY462 | GLY509 | GLY509 | ALA556,8,3.90 | 3.86 | 3.82 | 3.89 | 3.73 | 3.54 | 3.23 | 3.90,ASN469 | GLY509,2,3.08 | 3.26,VAL467 | VAL467 | GLY603 | GLY603 | GLY509 | GLY509,6,3.75 | 3.75 | 3.69 | 3.69 | 3.65 | 3.48,,0,,GLY605 | GLY509 | GLY462 | GLY603 | GLY603,5,3.30 | 3.71 | 3.87 | 3.83 | 3.78,GLY462 | GLY509,2,3.19 | 3.23,GLY603 | GLY603 | GLY509 | GLY462 | ALA556 | GLY509 | GLY509 | ALA556,8,3.85 | 3.80 | 3.71 | 3.77 | 3.88 | 3.50 | 3.27 | 3.72,,0,,GLY605 | GLY603 | GLY603 | GLY509 | GLY509 | ALA556,6,3.75 | 3.41 | 3.40 | 3.78 | 3.84 | 3.74,,0,,GLY605,1,3.90,,0,,,0,,ALA556,1,3.16,TYR572 | TYR572 | TYR572 | TYR572 | ARG415 | ARG415 | ALA556 | GLY509 | SER508 | GLY509 | ALA556 | GLY509 | GLY462 | ARG415 | ARG415 | ARG415 | ARG415 | ALA556 | ALA556,19,3.80 | 2.86 | 3.37 | 3.07 | 2.75 | 3.63 | 3.83 | 3.09 | 3.71 | 3.78 | 3.50 | 3.76 | 3.16 | 3.59 | 3.01 | 3.82 | 3.69 | 3.49 | 3.80,,0,,GLY605,1,3.90
CNP0119984.3,9,8,203,76,3,127,56,VAL467,1,3.26,GLY462 | GLY462,2,3.86 | 3.60,SER508,1,2.80,GLY509 | ARG415 | ARG415 | ARG415 | ALA556 | ALA556 | ARG415 | GLY462 | GLY462 | VAL467 | VAL467 | ALA556 | ALA556,13,3.38 | 3.83 | 3.47 | 3.54 | 3.51 | 3.79 | 3.77 | 3.63 | 3.78 | 3.85 | 3.44 | 3.68 | 3.36,,0,,GLY603 | ARG415 | ARG415 | ALA556 | ARG415 | ALA556 | GLY603 | GLY603 | ALA556,9,3.79 | 3.42 | 3.76 | 3.49 | 3.88 | 3.66 | 3.66 | 3.31 | 3.52,,0,,ARG415 | GLY605 | VAL467,3,3.75 | 3.88 | 3.84,SER363,1,3.12,SER363 | ALA556 | ALA556 | ARG415 | ARG415 | GLY603 | ALA556 | GLY509 | GLY462 | GLY462 | GLY603 | ALA556,12,3.68 | 3.69 | 3.83 | 3.73 | 3.50 | 3.64 | 3.55 | 3.59 | 3.76 | 3.83 | 3.55 | 3.79,,0,,GLY603 | ARG415 | ARG415 | ALA556 | ALA556 | ALA556 | GLY603 | GLY603 | VAL467 | GLY462 | ALA556,11,3.75 | 3.54 | 3.80 | 3.65 | 3.37 | 3.82 | 3.72 | 3.50 | 3.45 | 3.87 | 3.65,,0,,VAL467 | ASN469,2,3.59 | 3.72,,0,,GLY603 | GLY603 | ALA556 | ALA556,4,3.85 | 3.39 | 3.56 | 3.64,,0,,,0,
CNP0120750.1,9,3,217,91,1,126,4,,0,,,0,,,0,,,0,,,0,,VAL467,1,3.81,,0,,,0,,VAL467,1,3.11,,0,,,0,,,0,,,0,,,0,,,0,,GLY462 | ARG415 | GLY509,3,3.83 | 3.86 | 3.75,,0,,,0,
CNP0121074.2,9,7,182,54,4,128,59,VAL467,1,3.34,ARG415 | GLY509 | GLY509,3,3.42 | 3.87 | 3.89,SER602,1,3.07,SER602 | ALA556 | ARG415 | ARG415 | ARG415 | ALA556 | ALA556 | GLY603 | GLY603 | ALA556 | ARG415 | GLY509 | GLY462 | GLY462 | GLY462,15,3.69 | 3.63 | 3.85 | 3.40 | 3.64 | 3.56 | 3.30 | 3.58 | 3.06 | 3.86 | 3.45 | 3.46 | 3.34 | 3.39 | 3.88,ASN469,1,3.08,VAL467 | ASN469 | ASN469,3,3.65 | 3.83 | 3.84,,0,,GLY603 | ALA556 | ALA556 | ALA556 | ARG415 | ARG415 | ARG415 | ARG415,8,3.69 | 3.62 | 3.89 | 3.81 | 3.53 | 3.77 | 3.68 | 3.69,SER508,1,2.76,ARG415 | ARG415 | ARG415 | ALA556 | ALA556 | ALA556 | ALA556 | GLY603 | GLY603 | ALA556 | ARG415 | GLY509 | GLY462 | GLY462 | GLY509 | GLY462 | GLY462 | GLY462,18,3.42 | 3.53 | 3.77 | 3.48 | 3.61 | 3.64 | 3.30 | 3.79 | 3.44 | 3.72 | 3.45 | 3.77 | 3.62 | 3.70 | 3.45 | 3.15 | 3.36 | 3.89,,0,,GLY509 | GLY462 | ALA556 | ALA556,4,3.16 | 3.79 | 3.85 | 3.56,,0,,,0,,,0,,,0,,,0,,GLY603 | GLY603 | ALA556 | ALA556 | GLY462 | GLY462 | ARG415 | ARG415,8,3.88 | 3.52 | 3.41 | 3.69 | 3.72 | 3.43 | 3.69 | 3.86
CNP0121440.1,9,7,212,52,12,160,75,VAL467,1,3.01,TYR572 | TYR572 | TYR334 | ARG415 | ARG415 | ALA556 | ARG415 | ALA556 | ARG415 | GLY603 | GLY603,11,3.79 | 3.83 | 3.69 | 3.73 | 3.68 | 3.74 | 3.80 | 3.72 | 3.62 | 2.97 | 3.41,,0,,ARG415 | GLY462 | GLY509 | GLY509,4,3.73 | 3.84 | 3.57 | 3.85,VAL467 | VAL467 | VAL467 | SER363,4,2.89 | 2.84 | 3.00 | 2.97,VAL467 | GLY605 | GLY605 | GLY605 | GLY509 | GLY509 | GLY462 | GLY462 | ALA556 | GLY509 | GLY509 | ARG415 | SER363 | GLY603 | ALA556 | GLY509 | ARG415 | ARG415 | ARG415 | ARG415 | GLY603 | ARG415 | ALA556 | ARG415,24,3.52 | 3.81 | 3.67 | 3.87 | 3.58 | 3.22 | 3.20 | 3.85 | 3.85 | 3.88 | 3.78 | 3.84 | 3.87 | 3.61 | 3.90 | 3.80 | 3.78 | 3.36 | 3.77 | 3.72 | 3.85 | 3.62 | 3.55 | 3.86,SER363,1,3.00,GLY509 | GLY509 | GLY462 | ALA556 | ALA556 | ALA556 | SER363 | GLY603 | ALA556 | ALA556 | ARG415 | ARG415 | ARG415 | ARG415 | ALA556 | ARG415,16,3.71 | 3.48 | 3.67 | 3.68 | 3.85 | 3.64 | 3.72 | 3.57 | 3.89 | 3.66 | 3.81 | 3.49 | 3.58 | 3.43 | 3.53 | 3.85,ARG483 | ARG483 | ARG483 | SER508,4,3.02 | 2.78 | 3.13 | 3.11,PHE478 | PHE478 | PHE478 | ARG415 | ARG415 | ARG415 | GLY509 | GLY462 | ALA556 | GLY509 | GLY462 | ALA556 | ALA556 | ARG415 | ARG415 | ALA556 | ALA556,17,3.67 | 3.77 | 3.58 | 3.86 | 3.84 | 3.70 | 3.43 | 3.55 | 3.31 | 3.27 | 3.63 | 3.44 | 3.80 | 3.63 | 3.53 | 3.58 | 3.61,,0,,,0,,ASN469 | ASN469,2,2.99 | 2.86,ALA556,1,3.77,,0,,VAL467 | VAL467,2,3.77 | 3.66,,0,,,0,
CNP0122619.0,9,8,183,73,2,110,26,,0,,ALA556,1,3.88,,0,,GLY509 | GLY509,2,3.70 | 3.52,,0,,GLY509 | GLY509 | GLY462,3,3.83 | 3.66 | 3.88,,0,,GLY509 | GLY509,2,3.73 | 3.84,,0,,,0,,,0,,VAL467 | GLY509 | GLY509,3,3.79 | 3.79 | 3.65,ASN469 | ASN469,2,2.90 | 2.93,ASN469 | VAL467 | VAL467 | GLY603 | GLY509,5,3.44 | 3.80 | 3.50 | 3.85 | 3.67,,0,,VAL467 | GLY509,2,3.65 | 3.76,,0,,ALA556 | GLY603 | GLY603 | ALA556 | ALA556 | ALA556 | ARG415 | ARG415,8,3.47 | 3.78 | 3.54 | 3.71 | 3.89 | 3.54 | 3.89 | 3.51
CNP0123164.1,9,9,164,25,1,139,75,,0,,GLY603 | GLY603 | GLY509 | GLY509,4,3.72 | 3.69 | 3.58 | 3.57,,0,,ALA556 | GLY509 | ARG415 | ARG415 | ARG415 | ALA556 | ARG415 | GLY603 | ALA556 | ALA556 | GLY462 | GLY462,12,3.61 | 3.41 | 3.48 | 3.68 | 3.49 | 3.57 | 3.89 | 3.56 | 3.47 | 3.60 | 3.83 | 3.57,ARG415,1,3.08,ALA556 | ALA556 | ARG415 | ARG415 | ARG415 | ALA556 | ARG415 | ALA556 | GLY509 | GLY462 | ARG415 | ARG415 | GLY603 | ALA556 | ALA556 | GLY509 | GLY462,17,3.17 | 3.78 | 3.89 | 3.84 | 3.67 | 3.81 | 3.77 | 3.18 | 3.71 | 3.43 | 3.41 | 3.89 | 3.72 | 3.67 | 3.79 | 3.86 | 3.78,,0,,GLY603 | ALA556 | GLY509 | ALA556,4,3.68 | 3.48 | 3.46 | 3.85,,0,,TYR572 | ALA556 | ALA556 | ARG415 | ALA556 | GLY509 | GLY462 | ARG415 | ARG415 | GLY509 | GLY509 | GLY462 | ARG415,13,3.72 | 3.59 | 3.77 | 3.88 | 3.07 | 3.67 | 3.49 | 3.87 | 3.55 | 3.88 | 3.47 | 3.61 | 3.78,,0,,ALA556,1,3.77,,0,,ALA556 | ARG415 | ARG415 | ARG415 | GLY603 | GLY509 | ALA556 | VAL467,8,3.86 | 3.70 | 3.88 | 3.56 | 3.84 | 3.30 | 3.32 | 3.61,,0,,GLY462 | ARG415 | ARG415 | ARG415 | ALA556,5,3.42 | 3.68 | 3.71 | 3.51 | 3.90,,0,,ALA556 | GLY509 | GLY462 | GLY462 | ARG415 | GLY509 | GLY509 | GLY462 | ALA556 | GLY509 | GLY603,11,3.42 | 3.49 | 2.95 | 3.58 | 3.83 | 3.74 | 3.33 | 3.88 | 3.65 | 3.56 | 3.68
CNP0123327.1,9,7,179,41,4,138,53,VAL467 | VAL467,2,3.29 | 3.10,,0,,,0,,VAL467 | ALA556 | GLY509 | ARG415 | ARG415 | ALA556 | ARG415 | GLY605 | GLY605 | ALA556 | GLY509 | GLY509 | ALA556 | GLY509 | GLY509,15,3.88 | 3.75 | 3.38 | 3.48 | 3.36 | 3.69 | 3.85 | 3.60 | 3.56 | 3.76 | 3.54 | 3.56 | 3.39 | 3.56 | 3.05,,0,,GLY462 | GLY462,2,3.81 | 3.90,ASN469,1,3.27,ARG415 | ARG415 | ASN469 | ASN469 | ASN469 | VAL467 | VAL467,7,3.80 | 3.71 | 3.84 | 3.73 | 3.79 | 3.79 | 3.45,,0,,TYR572 | TYR572 | TYR334 | TYR334 | GLY462 | ARG415 | ARG415 | ARG415 | GLY509 | ALA556 | ARG415 | ARG415 | ARG415 | ARG415 | GLY603 | ARG415 | GLY603 | ALA556 | ALA556,19,3.77 | 3.74 | 3.66 | 3.61 | 3.48 | 3.80 | 3.21 | 3.35 | 3.85 | 3.21 | 3.45 | 3.61 | 3.42 | 3.48 | 3.83 | 3.82 | 3.15 | 3.09 | 3.60,ASN469,1,3.33,ASN469 | ASN469 | ASN469 | VAL467 | VAL467 | GLY605,6,3.89 | 3.72 | 3.53 | 3.84 | 3.39 | 3.76,,0,,GLY509 | GLY462 | GLY462 | GLY462,4,3.56 | 3.82 | 3.80 | 3.88,,0,,,0,,,0,,,0,
CNP0123327.2,9,8,141,33,3,108,25,,0,,ALA556,1,3.86,VAL467,1,3.33,ALA556 | VAL467,2,3.73 | 3.50,VAL467,1,3.27,GLY603 | ALA556 | ALA556,3,3.71 | 3.79 | 3.57,VAL467,1,3.21,GLY605 | GLY603 | ALA556 | ALA556,4,3.86 | 3.65 | 3.77 | 3.57,,0,,GLY509 | GLY462 | GLY462,3,3.52 | 3.64 | 3.86,,0,,ARG415 | VAL467 | VAL467 | VAL467,4,3.83 | 3.55 | 3.85 | 3.89,,0,,GLY462 | ARG415 | ARG415 | GLY603 | GLY605,5,3.82 | 3.77 | 3.74 | 3.81 | 3.64,,0,,,0,,,0,,GLY603 | ALA556 | ALA556,3,3.81 | 3.78 | 3.72
CNP0123502.1,9,7,184,56,4,128,43,,0,,GLY462 | GLY509 | GLY605,3,3.78 | 3.71 | 3.85,,0,,GLY462 | ARG415 | GLY509 | GLY605,4,3.70 | 3.83 | 3.81 | 3.74,GLY509,1,2.95,ALA556 | GLY509 | GLY509 | ALA556,4,3.57 | 3.81 | 3.68 | 3.88,,0,,GLY605 | VAL467,2,3.75 | 3.79,,0,,,0,,SER555,1,2.85,TYR572 | GLY603 | ALA556 | GLY603 | ALA556 | ALA556 | GLY509 | GLY509 | ARG415 | ARG415 | ALA556 | GLY509 | ALA556,13,3.65 | 3.72 | 3.89 | 3.79 | 3.60 | 3.52 | 3.74 | 3.45 | 3.62 | 3.89 | 3.85 | 3.78 | 3.74,SER555 | ARG415,2,2.97 | 2.94,ARG415 | ARG415 | GLY462 | ARG415 | ARG415 | GLY603 | ALA556 | GLY462 | GLY462 | GLY603 | GLY603 | GLY603 | ALA556 | ALA556 | ALA556 | ALA556,16,3.57 | 3.34 | 3.29 | 3.67 | 3.68 | 3.72 | 3.50 | 3.83 | 3.37 | 3.74 | 3.61 | 3.01 | 3.81 | 3.69 | 3.63 | 3.46,,0,,,0,,,0,,GLY605,1,3.90
CNP0123913.0,9,5,211,49,5,162,31,ASN382,1,2.86,GLY509 | GLY462 | ALA556 | ALA556 | GLY603 | ARG415 | GLY603 | GLY462 | ARG415 | ARG415 | ALA556 | ARG415,12,2.80 | 3.30 | 3.88 | 3.66 | 3.85 | 3.67 | 3.57 | 3.52 | 3.63 | 3.79 | 3.57 | 3.80,,0,,GLY603 | ARG415 | GLY462 | ARG415 | ARG415 | ARG415 | ARG415 | ALA556,8,3.72 | 3.65 | 3.67 | 3.67 | 3.75 | 3.51 | 3.69 | 3.88,VAL467,1,2.83,GLY603 | ARG415 | GLY462 | ARG415 | ARG415 | ARG415 | ARG415 | ALA556,8,3.72 | 3.64 | 3.69 | 3.66 | 3.75 | 3.52 | 3.69 | 3.85,,0,,,0,,,0,,,0,,ASN469 | ASN469 | ASN469,3,2.90 | 3.12 | 3.01,ASN469 | ASN469,2,3.88 | 3.86,,0,,,0,,,0,,GLY605,1,3.87,,0,,,0,
CNP0124185.2,9,8,215,69,3,146,67,,0,,GLY603 | GLY603 | GLY462 | ALA556 | GLY462,5,3.76 | 3.49 | 3.69 | 3.80 | 3.87,,0,,ALA556 | GLY509 | GLY509,3,3.54 | 3.77 | 3.84,,0,,ARG415 | ARG415 | GLY462,3,3.76 | 3.49 | 3.88,,0,,ALA556 | GLY509 | ASN469 | VAL467 | VAL467 | VAL467 | VAL467,7,3.57 | 3.85 | 3.78 | 3.71 | 3.81 | 3.63 | 3.70,,0,,GLY603 | GLY603 | GLY462 | ALA556 | VAL467,5,3.82 | 3.45 | 3.76 | 3.70 | 3.90,,0,,,0,,,0,,ARG415 | GLY509 | GLY605,3,3.80 | 3.74 | 3.78,ARG483,1,2.81,ALA556 | ALA556 | ALA556 | ALA556 | ALA556 | ARG415 | ARG415 | ARG415 | SER363 | TYR334 | TYR334 | TYR334 | ALA556 | GLY603 | ALA556 | ARG415 | GLY462 | ARG415 | ARG415 | ARG415 | GLY603,21,3.41 | 3.10 | 3.76 | 3.72 | 3.22 | 3.05 | 3.35 | 3.87 | 3.48 | 3.48 | 3.35 | 3.39 | 3.73 | 3.78 | 3.75 | 3.84 | 3.66 | 3.74 | 3.85 | 3.36 | 3.77,GLY462 | SER508,2,3.04 | 2.89,GLY509 | GLY462 | GLY462 | ALA556 | ASN382 | ASN382 | TYR334 | TYR334 | TYR334 | TYR334 | TYR334 | TYR334 | TYR572 | TYR572 | TYR572 | GLY509 | ARG415 | ARG415 | GLY509 | GLY462,20,3.76 | 3.29 | 3.72 | 3.77 | 3.75 | 3.33 | 3.74 | 3.43 | 3.60 | 3.62 | 3.25 | 3.89 | 3.40 | 3.49 | 3.76 | 3.30 | 3.79 | 3.61 | 3.38 | 3.57
CNP0125430.0,9,9,286,52,1,234,110,ASN469,1,3.12,VAL467 | ALA556 | ALA556 | GLY603 | ALA556 | GLY509 | GLY509 | GLY462 | GLY462 | ARG415 | ARG415 | GLY462 | GLY462,13,3.67 | 3.47 | 3.76 | 3.83 | 3.51 | 3.75 | 3.80 | 3.90 | 3.57 | 3.41 | 3.48 | 3.64 | 3.79,,0,,GLY603 | ALA556 | ALA556 | GLY603 | ALA556 | GLY509 | GLY462 | ARG415 | ARG415 | GLY462 | GLY462,11,3.83 | 3.60 | 3.63 | 3.81 | 3.58 | 3.88 | 3.54 | 3.41 | 3.52 | 3.57 | 3.76,,0,,ALA556 | ARG415 | GLY509 | GLY462 | ARG415 | GLY462 | GLY462 | ARG415 | ARG415 | GLY603 | GLY603 | GLY603 | GLY603,13,3.50 | 3.78 | 3.62 | 3.63 | 3.84 | 3.69 | 3.36 | 3.38 | 3.62 | 3.77 | 3.16 | 3.72 | 3.73,,0,,GLY603 | ALA556 | ALA556 | GLY603 | ALA556 | GLY509 | GLY462 | ARG415 | ARG415 | GLY462 | GLY462,11,3.88 | 3.54 | 3.67 | 3.80 | 3.55 | 3.86 | 3.55 | 3.40 | 3.48 | 3.59 | 3.76,,0,,GLY509 | ALA556 | ARG415 | GLY509 | GLY462 | GLY462 | GLY462 | ARG415 | ARG415 | GLY603 | GLY603 | GLY603 | GLY603,13,3.81 | 3.59 | 3.70 | 3.47 | 3.67 | 3.79 | 3.53 | 3.42 | 3.72 | 3.76 | 3.22 | 3.77 | 3.84,,0,,GLY603 | ARG415 | ALA556 | GLY603 | ALA556 | ALA556 | ALA556 | GLY605 | ALA556 | GLY509 | GLY462 | GLY462 | GLY509 | GLY462,14,3.73 | 3.66 | 3.63 | 3.40 | 3.73 | 3.43 | 3.61 | 3.89 | 3.87 | 3.77 | 3.63 | 3.43 | 3.65 | 3.82,,0,,GLY509 | ALA556 | ARG415 | GLY509 | GLY462 | GLY462 | GLY462 | ARG415 | GLY603 | GLY603 | GLY603 | GLY603,12,3.47 | 3.58 | 3.74 | 3.28 | 3.35 | 3.76 | 3.62 | 3.60 | 3.88 | 3.32 | 3.79 | 3.83,,0,,ARG415 | GLY509 | GLY603 | ALA556 | ALA556 | GLY605 | GLY509 | GLY462 | GLY462,9,3.56 | 3.84 | 3.81 | 3.64 | 3.88 | 3.68 | 3.88 | 3.54 | 3.71,,0,,ALA556 | ALA556 | GLY509 | ALA556 | ALA556 | GLY509 | GLY509 | GLY462 | GLY462 | ARG415 | ARG415 | GLY462 | GLY462 | VAL467,14,3.33 | 3.69 | 3.74 | 3.85 | 3.58 | 3.67 | 3.75 | 3.88 | 3.59 | 3.45 | 3.51 | 3.71 | 3.86 | 3.68
CNP0125481.0,9,6,148,25,2,123,51,ARG415,1,3.06,ARG415 | GLY509 | ALA556 | ARG415 | GLY603 | ALA556 | ARG415 | ALA556 | GLY603 | GLY509 | GLY509 | GLY462 | GLY462,13,3.70 | 3.51 | 3.50 | 3.81 | 3.76 | 3.80 | 3.80 | 3.78 | 3.59 | 3.85 | 3.06 | 3.49 | 3.29,,0,,GLY509 | ALA556 | ALA556 | ALA556 | ARG415 | GLY509 | ARG415 | ARG415 | GLY509 | GLY462,10,3.82 | 3.58 | 3.88 | 3.55 | 3.82 | 3.76 | 3.62 | 3.56 | 3.17 | 3.58,,0,,GLY462 | ARG415 | ALA556 | GLY603 | ALA556 | ARG415 | ALA556 | ARG415 | ARG415 | GLY509 | GLY462 | ARG415 | ARG415,13,3.69 | 3.68 | 3.63 | 3.85 | 3.61 | 3.89 | 3.90 | 3.62 | 3.45 | 3.42 | 3.66 | 3.77 | 3.76,,0,,TYR572 | TYR572 | TYR572 | TYR572 | TYR334 | TYR334 | ALA556 | ALA556 | ALA556 | ALA556 | GLY509 | ARG415 | ARG415,13,3.83 | 3.80 | 3.81 | 3.68 | 3.60 | 3.70 | 3.46 | 3.57 | 3.56 | 3.75 | 3.88 | 3.51 | 3.87,,0,,,0,,,0,,,0,,,0,,GLY603,1,3.82,,0,,,0,,VAL467,1,3.21,ASN469,1,3.50
CNP0125862.1,9,6,171,68,0,103,22,,0,,GLY603 | GLY603,2,3.73 | 3.53,,0,,GLY509 | ALA556,2,3.33 | 3.84,,0,,GLY509 | GLY462 | GLY605,3,3.37 | 3.85 | 3.73,,0,,GLY462 | GLY462 | ARG415 | ARG415 | ALA556,5,3.61 | 3.23 | 3.55 | 3.69 | 3.89,,0,,VAL467 | GLY509 | GLY462,3,3.89 | 3.55 | 3.88,,0,,GLY603 | GLY603 | GLY462 | GLY462 | ARG415 | ALA556 | ALA556,7,3.78 | 3.14 | 3.39 | 3.46 | 3.86 | 3.88 | 3.61,,0,,,0,,,0,,,0,,,0,,,0,
CNP0125862.2,9,7,231,66,3,165,73,,0,,VAL467 | VAL467 | VAL467,3,3.85 | 3.54 | 3.75,GLY509,1,2.94,ALA556 | GLY509 | GLY509 | GLY509 | GLY509 | GLY605 | GLY605,7,3.87 | 3.67 | 3.66 | 3.84 | 3.84 | 3.86 | 3.76,,0,,GLY509 | GLY509 | GLY462 | GLY605 | GLY605,5,3.63 | 3.38 | 3.76 | 3.79 | 3.65,VAL467,1,3.29,GLY462 | GLY462 | ARG415 | ARG415 | ARG415 | GLY509 | GLY603 | ALA556 | GLY462 | GLY462 | GLY605 | GLY605,12,3.80 | 3.10 | 3.53 | 3.76 | 3.52 | 3.74 | 3.90 | 3.74 | 3.83 | 3.67 | 3.78 | 3.52,,0,,,0,,,0,,TYR334 | ARG415 | TYR572 | TYR572 | TYR572 | ALA556 | ALA556 | ALA556 | ARG415 | ARG415 | ALA556 | GLY509 | ARG415 | ARG415 | ARG415 | ALA556 | GLY509 | GLY603 | GLY603 | ALA556 | GLY509 | GLY509 | GLY462 | GLY462,24,3.61 | 3.02 | 3.62 | 3.76 | 3.60 | 3.66 | 3.57 | 3.87 | 3.70 | 3.70 | 3.83 | 3.08 | 3.55 | 3.11 | 3.79 | 3.66 | 3.79 | 3.86 | 3.66 | 3.73 | 3.60 | 3.33 | 3.68 | 3.83,ARG415,1,3.13,ARG415 | ARG415 | GLY509 | ALA556 | GLY509 | ALA556 | ARG415 | ALA556 | ALA556 | GLY509 | ALA556 | ARG415 | ARG415 | ALA556 | ALA556 | GLY605 | ALA556,17,3.03 | 3.83 | 3.64 | 3.85 | 3.76 | 3.90 | 3.81 | 3.65 | 3.78 | 2.93 | 3.86 | 3.76 | 3.43 | 3.09 | 3.47 | 3.65 | 3.67,,0,,,0,,,0,,ARG415 | GLY509 | GLY509 | ALA556 | ALA556,5,3.76 | 3.72 | 3.67 | 3.69 | 3.30
CNP0126324.1,9,7,148,30,2,118,46,,0,,ARG415 | ALA556 | GLY603 | ALA556 | GLY603 | GLY603 | ALA556 | ALA556 | ALA556 | GLY462 | GLY462,11,3.39 | 3.75 | 3.57 | 3.68 | 3.87 | 3.51 | 3.56 | 3.77 | 3.73 | 3.79 | 3.61,,0,,ALA556 | ARG415 | GLY603 | ARG415 | GLY509 | GLY509 | ARG415 | GLY605,8,3.55 | 3.87 | 3.80 | 3.82 | 3.61 | 3.41 | 3.79 | 3.88,,0,,GLY603 | ALA556 | GLY509 | GLY509 | GLY462 | GLY462,6,3.43 | 3.81 | 3.88 | 3.53 | 3.58 | 3.89,,0,,ALA556,1,3.90,,0,,GLY603 | ALA556 | GLY509 | GLY509 | GLY462 | GLY605,6,3.31 | 3.72 | 3.86 | 3.57 | 3.57 | 3.65,VAL467 | VAL467,2,2.77 | 2.93,VAL467 | GLY509 | GLY509 | GLY462 | GLY603 | ALA556 | ALA556 | GLY509,8,3.49 | 3.86 | 3.57 | 3.56 | 3.81 | 3.83 | 3.77 | 3.55,,0,,GLY603 | ALA556 | GLY509 | GLY509 | GLY462 | GLY462,6,3.42 | 3.76 | 3.79 | 3.47 | 3.63 | 3.81,,0,,,0,,,0,,,0,
CNP0126692.0,9,9,242,101,1,141,52,,0,,VAL467 | VAL467 | VAL467 | GLY603 | ALA556,5,3.79 | 3.79 | 3.84 | 3.73 | 3.84,,0,,GLY603 | ALA556 | ALA556 | GLY509 | ALA556 | ARG415 | ARG415 | ALA556 | ALA556 | GLY603 | GLY603 | ALA556 | ALA556,13,3.52 | 3.67 | 3.74 | 3.30 | 3.39 | 3.67 | 3.21 | 3.65 | 3.81 | 3.67 | 3.38 | 3.48 | 3.85,,0,,GLY603,1,3.75,,0,,GLY603 | GLY603,2,3.87 | 3.69,,0,,GLY603,1,3.67,,0,,GLY603 | GLY603,2,3.65 | 3.66,VAL467,1,2.67,GLY509 | ARG415 | ARG415 | ARG415 | ARG415 | ARG415 | ALA556 | ARG415 | ARG415 | ALA556 | ALA556 | GLY509 | GLY462 | ARG415 | GLY603 | ALA556 | ALA556,17,3.01 | 3.01 | 3.44 | 3.59 | 3.87 | 3.37 | 3.81 | 3.74 | 3.77 | 3.10 | 3.55 | 3.74 | 3.65 | 3.90 | 3.45 | 3.66 | 3.65,,0,,GLY509 | GLY509 | GLY462 | GLY462 | GLY603 | GLY509,6,3.75 | 2.92 | 3.37 | 3.32 | 3.58 | 3.82,,0,,VAL467 | VAL467 | VAL467 | GLY603 | GLY603,5,3.66 | 3.84 | 3.57 | 3.84 | 3.69
CNP0127480.1,9,9,185,42,3,143,63,,0,,TYR572 | GLY509 | GLY462 | ALA556 | ALA556 | ARG415 | GLY462 | ARG415 | ARG415 | ALA556 | GLY462 | ARG415 | ARG415 | GLY605 | GLY509 | GLY462 | GLY462,17,3.50 | 3.60 | 3.57 | 3.71 | 3.72 | 3.57 | 3.59 | 3.73 | 3.76 | 3.65 | 3.84 | 3.82 | 3.82 | 3.81 | 3.59 | 3.74 | 3.82,,0,,TYR572 | TYR572 | TYR334 | TYR334 | TYR334 | TYR334 | ALA556 | ARG415 | ARG415 | ALA556 | ALA556 | ALA556 | GLY509 | ALA556 | GLY509 | ALA556 | GLY509 | GLY509 | GLY462 | GLY462 | ARG415 | ARG415 | GLY603 | GLY603,24,3.73 | 3.73 | 3.88 | 3.76 | 3.38 | 3.78 | 3.86 | 3.86 | 3.83 | 3.19 | 3.69 | 3.51 | 3.76 | 3.73 | 3.77 | 3.65 | 3.73 | 3.12 | 3.71 | 2.75 | 3.81 | 3.64 | 3.87 | 3.48,,0,,GLY509 | VAL467,2,3.67 | 3.58,,0,,GLY509 | GLY462 | VAL467 | VAL467 | VAL467 | VAL467,6,3.61 | 3.88 | 3.48 | 3.83 | 3.89 | 3.67,,0,,GLY603 | GLY605,2,3.68 | 3.52,ASN469 | VAL467,2,3.16 | 3.32,GLY509 | VAL467 | VAL467,3,3.58 | 3.55 | 3.72,ASN469,1,3.06,ASN469 | GLY603 | GLY603 | ALA556,4,3.56 | 3.81 | 3.50 | 3.78,,0,,GLY603 | GLY605,2,3.78 | 3.72,,0,,VAL467 | GLY462 | GLY462,3,3.80 | 3.54 | 3.64
CNP0127480.2,9,9,251,35,3,216,161,GLY509,1,3.32,TYR572 | TYR572 | ALA556 | ALA556 | ARG415 | ARG415 | ARG415 | ARG415 | GLY603 | GLY603 | ARG415 | ARG415 | ARG415 | GLY603 | ALA556 | ALA556 | ALA556 | ALA556,18,3.85 | 3.78 | 3.87 | 3.40 | 3.59 | 3.54 | 3.90 | 3.22 | 3.70 | 3.46 | 3.89 | 3.84 | 3.72 | 3.82 | 3.39 | 3.57 | 2.94 | 3.87,GLY509,1,3.13,TYR572 | TYR572 | TYR572 | ALA556 | ALA556 | ARG415 | ALA556 | ALA556 | ARG415 | ARG415 | ARG415 | ARG415 | GLY603 | GLY603 | ARG415 | ARG415 | ARG415 | ALA556 | ALA556 | ALA556 | ALA556 | GLY509,22,3.42 | 3.89 | 3.77 | 3.63 | 3.81 | 3.63 | 3.12 | 3.21 | 3.51 | 3.49 | 3.65 | 3.09 | 3.86 | 3.54 | 3.75 | 3.69 | 3.65 | 3.33 | 3.65 | 2.92 | 3.79 | 3.82,SER602,1,3.21,TYR334 | TYR572 | TYR572 | SER363 | GLY603 | ALA556 | GLY603 | ALA556 | ARG415 | ARG415 | ARG415 | ARG415 | GLY603 | GLY603 | ARG415 | ARG415 | ARG415 | ALA556 | ALA556 | ALA556 | ALA556 | GLY509,22,3.83 | 3.80 | 3.77 | 3.71 | 3.72 | 3.43 | 3.35 | 3.66 | 3.45 | 3.55 | 3.86 | 3.33 | 3.78 | 3.24 | 3.54 | 3.53 | 3.52 | 3.77 | 3.90 | 3.62 | 3.17 | 3.63,,0,,TYR572 | ALA556 | TYR334 | ALA556 | GLY603 | ALA556 | ARG415 | ARG415 | ARG415 | ARG415 | GLY603 | ALA556 | GLY603 | GLY462 | ARG415 | ARG415 | ARG415 | ALA556 | ALA556 | GLY509 | GLY509,21,3.60 | 3.65 | 3.77 | 3.58 | 3.76 | 3.10 | 3.46 | 3.70 | 3.50 | 3.09 | 3.49 | 3.81 | 3.56 | 3.63 | 3.52 | 3.34 | 3.38 | 3.65 | 3.25 | 3.54 | 3.89,,0,,SER508 | ALA556 | GLY462 | ARG415 | GLY603 | ALA556 | ALA556 | ARG415 | ARG415 | ALA556 | ALA556 | GLY603,12,3.82 | 3.56 | 3.30 | 3.86 | 3.45 | 3.68 | 3.39 | 3.31 | 3.31 | 3.47 | 3.62 | 3.69,,0,,ARG415 | SER508 | GLY509 | ARG415 | ALA556 | ALA556 | GLY509 | ALA556 | ALA556 | GLY462 | ARG415 | ARG415 | GLY462 | GLY462 | ARG415 | ARG415 | ARG415 | ARG415 | ALA556,19,3.66 | 3.89 | 3.86 | 3.50 | 3.47 | 3.77 | 3.69 | 3.15 | 3.66 | 3.04 | 3.77 | 3.79 | 3.89 | 2.98 | 3.52 | 3.18 | 3.83 | 3.40 | 3.88,,0,,VAL467 | VAL467 | TYR572 | ALA556 | GLY509 | GLY462 | ALA556 | ARG415 | ARG415 | ARG415 | ARG415 | GLY605 | GLY509 | GLY462 | GLY509 | GLY462 | GLY462,17,3.89 | 3.78 | 3.48 | 3.71 | 3.45 | 3.84 | 3.87 | 3.73 | 3.79 | 3.81 | 3.69 | 3.82 | 3.43 | 3.67 | 3.03 | 3.54 | 3.30,,0,,GLY603 | ALA556 | GLY509 | GLY462 | GLY462 | ALA556 | ARG415 | GLY509 | GLY462 | ALA556 | GLY462 | GLY605 | GLY509 | GLY462,14,3.81 | 3.44 | 2.86 | 3.83 | 3.21 | 3.83 | 3.47 | 3.69 | 3.46 | 3.80 | 3.76 | 3.82 | 3.59 | 3.81,,0,,TYR572 | ALA556 | GLY509 | GLY462 | ARG415 | ARG415 | ARG415 | ARG415 | GLY605 | GLY605 | GLY509 | GLY509 | GLY462 | GLY509 | GLY462 | GLY462,16,3.44 | 3.74 | 3.40 | 3.69 | 3.63 | 3.67 | 3.76 | 3.69 | 3.89 | 3.74 | 3.90 | 3.48 | 3.76 | 3.04 | 3.54 | 3.35
CNP0127480.3,9,8,218,42,4,176,80,ARG483 | ARG483 | ARG415,3,3.02 | 3.10 | 3.02,PHE478 | PHE478 | ALA556 | GLY509 | GLY462 | ALA556 | GLY509 | GLY462 | ARG415 | ARG415 | GLY603 | ALA556 | ALA556 | GLY509 | GLY509 | ALA556,16,3.82 | 3.26 | 3.72 | 3.70 | 3.14 | 3.29 | 3.65 | 3.61 | 3.67 | 3.84 | 3.85 | 3.65 | 3.07 | 3.70 | 3.62 | 3.87,,0,,GLY509 | GLY462 | GLY603 | ALA556 | ARG415 | ALA556 | ALA556 | ARG415 | ARG415 | ALA556 | ARG415 | ARG415 | ARG415 | GLY603 | ALA556 | ALA556 | GLY603,17,3.68 | 3.83 | 3.64 | 3.85 | 3.84 | 3.67 | 3.82 | 3.75 | 3.88 | 3.86 | 3.68 | 3.55 | 3.39 | 3.69 | 3.62 | 3.79 | 3.67,,0,,GLY462 | GLY462 | ARG415 | ALA556 | ALA556 | ALA556 | GLY605,7,3.66 | 3.47 | 3.69 | 3.86 | 3.53 | 3.32 | 3.67,,0,,VAL467 | VAL467 | VAL467 | GLY462 | GLY462 | ARG415 | ARG415 | GLY603 | GLY603 | ALA556 | ALA556 | ALA556,12,3.72 | 3.87 | 3.48 | 3.70 | 3.44 | 3.57 | 3.82 | 3.68 | 3.67 | 3.61 | 3.64 | 3.31,,0,,GLY603 | GLY603 | ALA556 | ALA556 | GLY509 | GLY462 | GLY462 | GLY462,8,3.83 | 3.51 | 3.63 | 3.87 | 3.80 | 3.60 | 3.85 | 3.63,VAL467,1,2.99,VAL467 | VAL467 | GLY603 | ALA556 | ALA556 | GLY462 | GLY462,7,3.52 | 3.60 | 3.21 | 3.70 | 3.80 | 3.69 | 3.77,,0,,,0,,,0,,GLY603 | GLY462 | GLY462 | GLY605,4,3.86 | 3.52 | 3.66 | 3.89,,0,,GLY462 | GLY462 | ARG415 | ARG415 | GLY603 | GLY603 | ALA556 | ALA556 | ALA556,9,3.69 | 3.41 | 3.62 | 3.84 | 3.77 | 3.65 | 3.65 | 3.60 | 3.33
CNP0127480.4,9,9,264,55,14,209,129,ARG483 | ARG483 | ARG415 | GLY509,4,3.30 | 2.96 | 2.80 | 3.08,PHE478 | GLY462 | ILE461 | ILE461 | ARG415 | ARG415 | ARG415 | ALA556 | GLY509 | ALA556 | ALA556 | GLY462 | GLY462 | ARG415 | ARG415 | ALA556 | GLY509,17,3.43 | 3.83 | 3.54 | 3.86 | 3.75 | 3.66 | 3.61 | 3.68 | 3.69 | 3.49 | 3.87 | 3.72 | 3.39 | 3.52 | 3.72 | 3.89 | 3.81,ARG483 | ARG483 | ARG415 | GLY509,4,3.29 | 2.93 | 2.82 | 3.14,PHE478 | GLY462 | ILE461 | ILE461 | ARG415 | ARG415 | ARG415 | ALA556 | GLY509 | ALA556 | ALA556 | VAL467 | GLY462 | GLY462 | ARG415 | ARG415 | ALA556 | GLY509,18,3.42 | 3.87 | 3.52 | 3.87 | 3.79 | 3.71 | 3.68 | 3.69 | 3.70 | 3.45 | 3.85 | 3.67 | 3.69 | 3.34 | 3.51 | 3.68 | 3.87 | 3.85,ARG483 | ARG415,2,3.09 | 3.14,ARG415 | ARG415 | ARG415 | ALA556 | ALA556 | VAL467 | GLY462 | GLY462 | ARG415 | ARG415 | ALA556,11,3.90 | 3.86 | 3.68 | 3.51 | 3.45 | 3.54 | 3.83 | 3.44 | 3.54 | 3.65 | 3.78,GLY509,1,2.85,TYR572 | TYR572 | TYR334 | TYR334 | TYR334 | TYR334 | ARG415 | ARG415 | GLY603 | ALA556 | GLY603 | ALA556 | GLY603 | ALA556 | GLY462 | ARG415 | ARG415 | ARG415 | ARG415 | ALA556 | ALA556 | ALA556 | GLY509 | GLY509,24,3.72 | 3.64 | 3.59 | 3.80 | 3.73 | 3.69 | 3.69 | 3.58 | 3.47 | 3.53 | 3.66 | 2.78 | 3.31 | 3.81 | 3.41 | 3.81 | 3.39 | 3.58 | 3.27 | 3.52 | 3.32 | 3.62 | 3.77 | 3.47,ARG483 | ARG483 | ARG415,3,3.22 | 2.83 | 2.82,PHE478 | GLY462 | ILE461 | ILE461 | PHE478 | ARG415 | ARG415 | ARG415 | ARG415 | ARG415 | ALA556 | GLY509 | ALA556 | ALA556 | GLY509 | GLY462 | GLY462 | ALA556 | GLY509 | GLY509,20,3.33 | 3.86 | 3.54 | 3.86 | 3.79 | 3.88 | 3.82 | 3.77 | 3.62 | 3.65 | 3.82 | 3.31 | 3.25 | 3.53 | 3.67 | 3.83 | 3.78 | 3.16 | 3.62 | 3.36,,0,,ARG415 | ARG415 | ALA556 | ARG415 | ALA556 | ALA556 | ARG415 | GLY462 | GLY462 | ARG415 | GLY603 | GLY603,12,3.58 | 3.69 | 3.75 | 3.77 | 3.81 | 3.78 | 3.74 | 3.51 | 3.35 | 3.64 | 3.71 | 3.47,,0,,ARG415 | ARG415 | GLY509 | GLY462 | ALA556 | GLY462 | ALA556 | ALA556 | GLY509 | GLY509 | GLY603,11,3.48 | 3.83 | 3.63 | 3.61 | 3.60 | 3.62 | 3.79 | 3.25 | 3.86 | 3.36 | 3.90,,0,,GLY462 | ARG415 | ARG415 | GLY603,4,3.53 | 3.70 | 3.62 | 3.77,,0,,VAL467 | TYR572 | TYR572 | ALA556 | ARG415 | ARG415 | ARG415 | ARG415 | ARG415 | ALA556 | ALA556 | ARG415,12,3.88 | 3.80 | 3.59 | 3.80 | 3.51 | 3.85 | 3.41 | 3.62 | 3.85 | 3.30 | 3.74 | 3.69
CNP0127480.5,9,9,245,42,1,203,113,,0,,TYR572 | SER555 | ARG415 | ARG415 | GLY462 | ARG415 | ARG415 | GLY509 | GLY462 | GLY462 | ARG415 | ARG415 | ARG415 | ALA556,14,3.53 | 3.66 | 3.63 | 3.74 | 3.57 | 3.83 | 3.73 | 3.55 | 3.72 | 3.71 | 3.66 | 3.70 | 3.41 | 3.77,,0,,TYR572 | TYR572 | ALA556 | ARG415 | ARG415 | ALA556 | ARG415 | ARG415 | GLY509 | GLY462 | GLY462 | GLY462 | ARG415 | ARG415 | ARG415 | ARG415 | ALA556,17,3.84 | 3.78 | 3.77 | 3.72 | 3.63 | 3.60 | 3.79 | 3.58 | 3.47 | 3.67 | 3.77 | 3.83 | 3.83 | 3.53 | 3.71 | 3.31 | 3.68,,0,,ARG415 | ARG415 | GLY462 | ARG415 | ARG415 | ARG415 | GLY462 | ARG415 | ARG415 | ARG415,10,3.66 | 3.56 | 3.74 | 3.72 | 3.78 | 3.61 | 3.86 | 3.80 | 3.69 | 3.38,,0,,GLY462 | ARG415 | ALA556 | GLY509 | GLY509 | GLY462 | ARG415 | ARG415 | GLY603 | ALA556 | ALA556 | GLY509 | GLY462,13,3.68 | 3.82 | 3.52 | 3.64 | 3.82 | 3.29 | 3.89 | 3.66 | 3.75 | 3.16 | 3.30 | 3.55 | 3.78,,0,,TYR334 | TYR334 | TYR334 | TYR334 | ALA556 | ARG415 | ARG415 | ALA556 | ARG415 | ARG415 | ARG415 | ARG415 | GLY509 | GLY462 | ARG415 | ARG415 | ARG415 | ARG415 | ALA556,19,3.75 | 3.73 | 3.61 | 3.84 | 3.84 | 3.89 | 3.67 | 3.29 | 3.67 | 3.89 | 3.83 | 3.42 | 3.69 | 3.86 | 3.69 | 3.55 | 3.81 | 3.25 | 3.69,,0,,GLY509 | ALA556 | GLY509 | ARG415 | ARG415 | GLY462,6,3.61 | 3.74 | 3.60 | 3.83 | 3.60 | 3.72,,0,,ALA556 | ALA556 | GLY603 | ALA556 | ALA556 | ARG415 | ARG415 | ALA556 | ARG415 | GLY509 | GLY509 | GLY462 | GLY462 | GLY462 | GLY605,15,3.46 | 3.84 | 3.75 | 3.81 | 3.89 | 3.70 | 3.79 | 3.71 | 3.61 | 3.69 | 3.86 | 3.29 | 3.53 | 3.71 | 3.80,ARG415,1,3.09,PHE478 | GLY462 | ARG415 | GLY462 | ALA556 | ALA556 | GLY509 | GLY509 | VAL467 | GLY509 | GLY462 | ARG415 | ARG415 | ARG415 | GLY603 | ALA556 | ALA556 | ALA556,18,3.71 | 3.63 | 3.49 | 3.78 | 3.44 | 3.80 | 3.35 | 3.34 | 3.44 | 3.58 | 3.67 | 3.26 | 3.37 | 3.24 | 3.64 | 3.57 | 3.48 | 3.90,,0,,ALA556,1,3.59
CNP0128822.1,9,9,233,63,7,170,77,,0,,ALA556 | ARG415 | GLY603 | GLY462 | ALA556 | ALA556 | GLY509,7,3.69 | 3.69 | 3.44 | 3.89 | 3.55 | 3.17 | 3.87,ARG483 | ARG415,2,3.30 | 3.03,ALA556 | GLY509 | ALA556 | ALA556 | GLY509 | ARG415 | ARG415 | ALA556,8,3.85 | 3.89 | 3.61 | 3.89 | 3.69 | 3.88 | 3.33 | 3.38,,0,,GLY603 | ARG415 | ARG415 | GLY603 | ALA556 | ALA556 | GLY509 | GLY509,8,3.83 | 3.71 | 3.85 | 3.74 | 3.76 | 3.24 | 3.70 | 3.68,,0,,ALA556 | ARG415 | GLY603 | GLY462 | ALA556 | ALA556 | GLY509,7,3.76 | 3.73 | 3.64 | 3.74 | 3.64 | 3.28 | 3.80,ALA556,1,3.24,ASN469 | VAL467 | VAL467 | VAL467 | GLY603 | GLY603 | ALA556 | ALA556,8,3.76 | 3.67 | 3.84 | 3.61 | 3.78 | 3.36 | 3.56 | 3.71,,0,,ARG415 | ARG415 | ARG415 | GLY509 | GLY462 | ALA556 | ALA556 | ALA556,8,3.84 | 3.52 | 3.75 | 3.66 | 3.83 | 3.85 | 3.21 | 3.12,ASN469 | VAL467,2,3.03 | 2.97,GLY603 | ALA556 | ARG415 | GLY603 | ALA556 | ALA556 | GLY509 | GLY509,8,3.81 | 3.80 | 3.79 | 3.71 | 3.82 | 3.30 | 3.67 | 3.65,VAL467,1,3.11,GLY509 | GLY462 | ALA556 | GLY509 | GLY462 | ALA556 | ALA556 | ARG415 | ARG415 | ALA556 | ALA556 | GLY509 | GLY509 | GLY509 | VAL467,15,3.75 | 3.72 | 3.48 | 3.13 | 3.59 | 3.72 | 3.77 | 3.79 | 3.41 | 3.76 | 3.70 | 3.88 | 3.78 | 3.87 | 3.74,ASN469,1,3.11,ALA556 | ARG415 | GLY603 | GLY462 | ALA556 | ALA556 | GLY509 | VAL467,8,3.82 | 3.71 | 3.66 | 3.73 | 3.70 | 3.38 | 3.87 | 3.56
CNP0130566.1,9,9,274,36,2,238,145,,0,,GLY603 | GLY509 | GLY509 | ALA556 | ARG415 | ARG415 | ALA556 | ARG415 | ARG415 | ARG415 | ARG415 | GLY603 | GLY603 | ALA556,14,3.72 | 3.61 | 3.78 | 3.73 | 3.82 | 3.68 | 3.65 | 3.82 | 3.78 | 3.76 | 3.72 | 3.89 | 3.58 | 3.87,,0,,GLY603 | GLY509 | GLY509 | ALA556 | ARG415 | ARG415 | GLY603 | ALA556 | ARG415 | ARG415 | ARG415 | ARG415 | GLY603 | GLY603 | ALA556,15,3.67 | 3.66 | 3.82 | 3.70 | 3.84 | 3.69 | 3.85 | 3.63 | 3.86 | 3.80 | 3.81 | 3.75 | 3.82 | 3.50 | 3.77,,0,,ALA556 | ARG415 | ALA556 | ARG415 | ARG415 | ARG415 | ARG415 | GLY462 | ARG415 | ALA556 | ALA556 | GLY509 | GLY462 | ARG415 | ARG415 | ALA556 | ALA556 | GLY605,18,3.77 | 3.74 | 3.65 | 3.88 | 3.74 | 3.48 | 3.82 | 3.75 | 3.72 | 3.44 | 3.54 | 3.56 | 3.69 | 3.35 | 3.66 | 3.70 | 3.54 | 3.73,,0,,TYR572 | TYR572 | TYR572 | TYR572 | TYR572 | TYR572 | TYR572 | ALA556 | GLY509 | GLY462 | GLY603 | ALA556 | ALA556 | GLY509 | GLY603 | ALA556 | ARG415 | ARG415 | ALA556 | ALA556,20,3.81 | 3.62 | 3.73 | 3.74 | 3.75 | 3.88 | 3.65 | 3.47 | 3.39 | 3.69 | 3.63 | 3.54 | 3.89 | 3.86 | 3.63 | 3.81 | 3.60 | 3.18 | 3.75 | 3.56,,0,,TYR334 | TYR572 | TYR572 | TYR334 | ALA556 | GLY603 | ALA556 | ARG415 | ALA556 | ALA556 | ARG415 | ARG415 | GLY462 | GLY462 | GLY462 | GLY462 | ARG415 | ARG415 | ARG415,19,3.69 | 3.74 | 3.72 | 3.54 | 3.89 | 3.46 | 3.55 | 3.50 | 3.62 | 3.32 | 3.25 | 3.68 | 3.76 | 3.74 | 3.76 | 3.21 | 3.75 | 3.62 | 3.55,,0,,GLY603 | ALA556 | ALA556 | ALA556 | ALA556 | ARG415 | ARG415 | GLY603 | ALA556 | ARG415 | ARG415 | ARG415 | GLY603 | GLY603 | ALA556,15,3.86 | 3.77 | 3.85 | 3.79 | 3.68 | 3.82 | 3.72 | 3.76 | 3.64 | 3.70 | 3.89 | 3.83 | 3.73 | 3.45 | 3.66,TYR334,1,3.15,ARG336 | TYR572 | TYR572 | GLY509 | GLY509 | ARG415 | ARG415 | ARG415 | ARG415 | GLY462 | ALA556 | ALA556 | ALA556 | ARG415 | ARG415,15,3.68 | 3.45 | 3.48 | 3.67 | 3.86 | 3.86 | 3.42 | 3.85 | 3.90 | 3.79 | 3.86 | 3.73 | 3.82 | 3.58 | 3.63,SER555,1,2.99,TYR334 | TYR572 | TYR572 | GLY603 | ALA556 | ALA556 | ALA556 | ARG415 | ALA556 | GLY509 | GLY462 | GLY509 | GLY462 | GLY462,14,3.87 | 3.84 | 3.77 | 3.66 | 3.76 | 3.75 | 3.50 | 3.81 | 3.62 | 3.36 | 3.67 | 3.70 | 3.66 | 3.66,,0,,VAL467 | GLY509 | GLY509 | ALA556 | ARG415 | ARG415 | ALA556 | ARG415 | ARG415 | ARG415 | ARG415 | GLY603 | GLY603 | ALA556 | ALA556,15,3.89 | 3.72 | 3.68 | 3.72 | 3.86 | 3.81 | 3.49 | 3.88 | 3.62 | 3.70 | 3.69 | 3.74 | 3.38 | 3.72 | 3.87
