OriginalIndex,ActualScore,PredictedScore,Residual
0,-7.1,-7.5674233,0.4674233436584476
3,-8.9,-8.521145,-0.378855133056641
8,-6.1,-6.0606723,-0.03932771682739222
10,-5.791,-5.9656644,0.1746643867492672
14,-5.4,-5.3002787,-0.09972133636474645
19,-5.88,-5.6182036,-0.26179636001586903
29,-10.2,-10.01755,-0.18244953155517507
31,-8.573,-7.8319793,-0.7410207252502445
33,-7.715,-7.9268713,0.21187129974365249
35,-5.8,-5.720138,-0.07986192703247053
36,-5.9,-5.5043488,-0.39565124511718786
39,-5.5,-5.4928036,-0.0071964263916015625
41,-5.0,-5.216726,0.21672582626342773
47,-7.0,-7.0518208,0.05182075500488281
50,-6.1,-6.8296995,0.7296995162963871
63,-5.6,-5.6619883,0.06198825836181676
70,-10.2,-9.777893,-0.4221069335937493
73,-10.7,-10.009062,-0.6909381866455071
76,-7.8,-7.369801,-0.4301989555358885
79,-9.1,-9.324149,0.2241491317749027
80,-8.8,-8.768795,-0.031204986572266336
88,-7.9,-8.124032,0.2240320205688473
92,-5.6,-5.6498294,0.04982938766479528
93,-8.9,-9.147307,0.24730739593505824
95,-9.7,-9.410972,-0.28902835845947195
96,-9.3,-9.091121,-0.20887928009033274
101,-9.8,-10.033782,0.23378200531005788
103,-10.4,-9.964829,-0.43517055511474645
106,-5.8,-6.3111463,0.5111462593078615
107,-8.8,-9.219237,0.4192373275756829
108,-8.2,-8.110415,-0.08958454132080007
119,-9.2,-9.082824,-0.1171762466430657
123,-11.0,-11.832012,0.8320121765136719
131,-7.2,-8.193929,0.9939287185668944
135,-9.4,-9.551881,0.15188083648681605
144,-7.9,-8.484157,0.5841566085815426
149,-10.2,-10.024402,-0.17559833526611257
169,-10.9,-10.419238,-0.48076190948486364
173,-9.2,-9.233154,0.03315429687500071
177,-9.0,-10.425754,1.4257535934448242
185,-9.2,-9.069405,-0.13059539794921804
200,-8.2,-7.73854,-0.461459827423095
210,-8.184,-8.220977,0.03697682952880932
214,-9.8,-10.056049,0.2560493469238274
216,-8.9,-8.602874,-0.29712619781494176
217,-9.6,-9.952747,0.3527473449707035
218,-9.7,-10.508962,0.8089616775512702
245,-8.2,-7.8855824,-0.31441755294799734
248,-8.7,-8.433783,-0.26621742248535085
251,-7.6,-7.821613,0.22161283493042028
259,-6.8,-6.5471387,-0.2528613090515135
263,-11.4,-10.42589,-0.97411003112793
265,-9.2,-9.469977,0.26997737884521555
267,-7.5,-7.6337886,0.1337885856628418
274,-10.0,-10.230152,0.23015213012695312
286,-9.3,-9.041674,-0.2583263397216804
288,-8.4,-8.880479,0.48047885894775355
290,-6.8,-6.9323277,0.13232774734497088
291,-12.3,-11.716819,-0.5831811904907234
293,-11.3,-10.990176,-0.3098237991333015
295,-9.0,-8.674365,-0.3256349563598633
299,-8.559,-8.375415,-0.18358515167236256
303,-6.3,-6.3227515,0.022751522064209162
304,-9.404,-8.991669,-0.4123312988281249
311,-11.2,-11.027106,-0.17289371490478445
315,-8.5,-8.422164,-0.0778360366821289
316,-9.0,-8.8494625,-0.15053749084472656
318,-6.5,-6.6914597,0.19145965576171875
321,-10.3,-10.352202,0.05220241546630788
330,-10.7,-10.345372,-0.35462779998779226
333,-9.0,-8.862401,-0.13759899139404297
335,-8.1,-8.304129,0.2041286468505863
346,-7.832,-8.769546,0.9375455551147462
349,-10.7,-10.794182,0.09418182373046946
360,-10.6,-10.790021,0.19002094268798864
367,-8.824,-8.491013,-0.33298742675781234
373,-8.8,-8.8236065,0.023606491088866477
379,-5.8,-5.6549716,-0.1450284004211424
381,-9.4,-9.648075,0.24807510375976527
388,-5.6,-5.2356935,-0.364306545257568
398,-8.1,-8.913235,0.8132347106933597
399,-9.7,-8.801168,-0.8988315582275384
407,-5.4,-5.916621,0.5166212081909176
408,-8.4,-8.407136,0.007135963439941051
409,-8.7,-8.608867,-0.09113330841064382
410,-5.8,-6.184384,0.38438386917114276
415,-12.1,-11.109996,-0.9900041580200192
416,-11.7,-11.109996,-0.5900041580200188
424,-11.2,-11.316626,0.11662559509277415
426,-10.7,-11.0168495,0.31684951782226634
427,-9.0,-9.0350065,0.03500652313232422
428,-6.2,-5.9224963,-0.2775036811828615
431,-9.1,-9.010969,-0.08903083801269496
434,-9.3,-8.072673,-1.2273271560668952
439,-9.3,-7.8673925,-1.4326074600219734
440,-7.5,-6.9992523,-0.5007476806640625
450,-9.1,-9.838108,0.738108062744141
457,-10.18,-9.33474,-0.845260314941406
461,-7.926,-7.945566,0.019566177368163906
465,-9.4,-9.182145,-0.21785488128662145
467,-8.185,-8.354335,0.16933483123779247
468,-9.8,-9.840951,0.040950965881346946
469,-6.3,-6.042622,-0.2573779106140135
472,-7.6,-7.089282,-0.5107179641723629
483,-10.5,-9.873957,-0.6260433197021484
486,-7.9,-8.178174,0.2781740188598629
487,-8.952,-9.530439,0.5784393768310547
496,-8.3,-7.9590197,-0.3409803390502937
500,-8.5,-9.004747,0.5047473907470703
510,-8.7,-7.95431,-0.7456900596618645
518,-11.2,-10.935448,-0.26455230712890554
530,-7.9,-7.903586,0.0035859107971187854
532,-10.3,-10.198076,-0.1019237518310554
533,-9.9,-10.183874,0.2838741302490231
542,-7.337,-8.1763735,0.8393734817504885
543,-7.5,-7.410368,-0.08963203430175781
549,-8.8,-9.044712,0.24471206665038991
554,-9.569,-9.644631,0.07563138580322182
562,-7.1,-7.462666,0.3626660346984867
563,-9.8,-9.903351,0.10335083007812429
565,-9.826,-9.45335,-0.37264993286132864
567,-8.6,-10.00843,1.4084295272827152
568,-7.7,-7.368404,-0.331596088409424
573,-9.7,-10.018399,0.3183992385864265
576,-8.1,-8.231596,0.13159599304199254
577,-9.1,-9.503626,0.4036258697509769
582,-10.32,-9.627541,-0.692459411621094
586,-9.9,-9.56817,-0.3318304061889652
590,-7.2,-7.4199157,0.21991567611694318
592,-6.7,-6.4766088,-0.22339124679565447
605,-10.2,-10.259418,0.05941753387451243
608,-5.7,-5.6937394,-0.006260585784912287
620,-10.2,-9.689193,-0.5108072280883782
621,-10.5,-10.330486,-0.16951370239257812
623,-10.2,-9.639945,-0.560054969787597
624,-9.0,-9.278191,0.27819061279296875
633,-8.9,-8.683062,-0.21693840026855504
637,-7.0,-6.526638,-0.4733619689941406
647,-8.4,-8.441159,0.041159248352050426
651,-9.9,-9.866768,-0.033232116699219105
655,-7.0,-7.6288667,0.6288666725158691
668,-9.1,-8.854622,-0.2453781127929684
673,-10.5,-10.632377,0.13237667083740234
676,-12.7,-11.84218,-0.857819747924804
683,-10.6,-10.345711,-0.2542892456054684
694,-9.1,-9.430811,0.3308109283447269
700,-9.0,-8.896453,-0.1035470962524414
704,-7.7,-8.657598,0.9575975418090819
708,-7.9,-8.253073,0.3530727386474606
710,-6.7,-6.957891,0.25789098739624006
713,-12.3,-10.723344,-1.5766561508178718
714,-10.98,-11.935235,0.9552350234985347
718,-8.0,-7.816464,-0.18353605270385742
730,-11.9,-10.101236,-1.7987636566162113
733,-9.6,-9.555104,-0.044895744323730113
735,-4.0,-4.430762,0.43076181411743164
736,-6.4,-8.380522,1.9805217742919918
740,-9.995,-9.563299,-0.4317008209228508
744,-7.4,-7.882877,0.48287687301635707
747,-8.2,-7.7221494,-0.4778506278991692
756,-7.7,-8.689314,0.9893138885498045
758,-7.6,-7.5188212,-0.0811787605285641
761,-9.3,-9.082358,-0.21764163970947337
764,-8.7,-8.724049,0.024048614501953836
765,-8.1,-8.288293,0.1882928848266605
774,-10.3,-10.266732,-0.033267784118653054
777,-8.7,-9.544735,0.8447349548339851
782,-8.6,-8.352602,-0.24739799499511683
788,-8.3,-8.423928,0.12392826080322195
794,-10.88,-10.045736,-0.8342636871337898
795,-10.0,-10.055733,0.05573272705078125
799,-9.9,-9.285908,-0.6140922546386722
819,-10.1,-10.066764,-0.0332361221313473
836,-8.1,-8.045183,-0.05481681823730433
839,-11.2,-10.909409,-0.2905914306640618
850,-10.3,-10.1301365,-0.16986351013183665
852,-6.4,-6.5136156,0.11361560821533168
856,-9.7,-9.653919,-0.046080780029296164
866,-10.4,-9.914177,-0.4858230590820316
868,-7.705,-7.6871758,-0.017824249267578196
881,-6.9,-6.801555,-0.09844484329223668
883,-8.1,-8.316342,0.21634235382080114
895,-10.1,-10.25309,0.1530899047851566
900,-7.2,-7.9373164,0.7373164176940916
902,-9.7,-10.113774,0.41377429962158274
908,-10.1,-10.301841,0.2018407821655277
909,-5.6,-5.5641623,-0.03583774566650355
914,-6.9,-7.345659,0.44565877914428675
916,-6.2,-7.210672,1.0106719017028807
921,-12.1,-11.138814,-0.9611860275268551
927,-9.6,-9.202536,-0.3974643707275387
932,-7.7,-8.067876,0.36787586212158185
937,-9.3,-9.541597,0.2415973663330071
952,-11.1,-10.832646,-0.2673536300659176
957,-9.3,-8.769626,-0.5303743362426765
958,-9.2,-8.520592,-0.6794082641601555
960,-13.3,-11.6455765,-1.6544235229492195
967,-8.2,-8.774391,0.574391174316407
970,-11.1,-11.058968,-0.041032409667968395
971,-11.2,-10.492926,-0.7070743560791009
973,-4.6,-5.303428,0.7034281730651859
993,-9.3,-8.98365,-0.31634979248046946
1002,-10.1,-9.324354,-0.77564582824707
1010,-6.7,-7.343699,0.6436989784240721
1011,-9.394,-8.202964,-1.1910361709594728
1022,-9.1,-9.132827,0.03282680511474645
1026,-6.9,-7.592396,0.6923957824707028
1039,-10.5,-10.885718,0.38571834564208984
1041,-7.1,-7.0127325,-0.0872674942016598
1042,-9.7,-9.312935,-0.38706512451171804
1053,-9.7,-10.324752,0.6247518539428718
1056,-10.6,-10.305716,-0.2942844390869137
1061,-11.6,-10.978928,-0.6210723876953121
1068,-10.4,-10.03611,-0.3638900756835941
1071,-9.0,-8.77588,-0.2241201400756836
1076,-10.5,-10.697102,0.19710159301757812
1078,-10.5,-10.277547,-0.22245311737060547
1082,-8.1,-8.060908,-0.039091682434081676
1084,-11.2,-10.707213,-0.4927865982055657
1087,-8.5,-8.566546,0.06654644012451172
1090,-8.6,-8.136633,-0.4633670806884762
1107,-7.931,-8.65645,0.7254502716064453
1110,-8.6,-8.686113,0.08611335754394567
1111,-7.7,-7.955641,0.2556407928466795
1112,-10.3,-10.242764,-0.05723552703857493
1113,-9.2,-9.098114,-0.10188598632812429
1118,-5.0,-5.5266523,0.5266523361206055
1121,-9.9,-9.696845,-0.2031549453735355
1123,-8.1,-8.18078,0.08078041076660192
1142,-9.3,-9.321335,0.02133483886718679
1145,-10.7,-10.279081,-0.4209186553955071
1147,-5.0,-5.408202,0.4082021713256836
1149,-8.8,-8.916897,0.11689682006835866
1155,-10.5,-11.05665,0.5566501617431641
1156,-9.554,-10.131235,0.5772351226806638
1157,-9.0,-9.467952,0.46795177459716797
1160,-11.5,-11.000641,-0.499359130859375
1166,-10.39,-9.5717,-0.8182999038696295
1175,-12.36,-12.666716,0.30671562194824276
1178,-9.3,-9.461783,0.16178340911865163
1180,-7.5,-8.135827,0.6358270645141602
1183,-7.9,-7.4342923,-0.4657076835632328
1188,-7.8,-8.128872,0.32887191772460955
1190,-10.1,-10.711245,0.6112445831298832
1193,-9.6,-9.097577,-0.5024229049682614
1194,-6.5,-7.458496,0.95849609375
1195,-8.3,-9.653696,1.3536960601806634
1199,-8.8,-9.568905,0.7689048767089837
1201,-7.9,-7.5846415,-0.31535854339599645
1206,-8.8,-8.74132,-0.0586803436279304
1208,-7.139,-6.8392777,-0.29972225570678734
1210,-10.1,-9.958328,-0.14167175292968714
1213,-9.3,-10.082817,0.782817077636718
1217,-9.4,-9.459574,0.05957374572753871
1219,-8.8,-9.210851,0.4108507156372063
1224,-10.0,-9.281071,-0.7189292907714844
1233,-10.7,-9.9863205,-0.7136795043945305
1237,-12.7,-12.321994,-0.37800617218017507
1245,-10.3,-10.9322405,0.6322404861450188
1247,-7.7,-9.086252,1.3862522125244139
1250,-11.9,-11.498818,-0.4011816024780277
1253,-9.7,-8.38188,-1.3181201934814446
1254,-11.2,-9.682318,-1.5176822662353509
1261,-8.8,-8.569487,-0.23051338195800852
1277,-8.0,-7.817569,-0.18243122100830078
1281,-9.0,-9.088737,0.08873653411865234
1282,-8.5,-8.422462,-0.07753753662109375
1284,-11.1,-10.762645,-0.3373552322387692
1285,-10.0,-10.509488,0.5094881057739258
1297,-8.3,-8.849824,0.5498239517211907
1303,-8.9,-9.059952,0.15995178222656214
1320,-9.8,-9.523712,-0.2762878417968757
1330,-8.9,-8.329581,-0.570418739318848
1345,-8.3,-8.683977,0.3839771270751946
1347,-10.3,-10.539677,0.23967666625976491
1350,-8.8,-8.474743,-0.32525711059570384
1351,-8.5,-8.661153,0.16115283966064453
1355,-10.3,-10.267841,-0.032158660888672586
1360,-8.5,-8.881367,0.3813667297363281
1368,-11.2,-11.263015,0.0630147933959968
1369,-8.8,-9.2694235,0.4694234848022454
1373,-8.818,-9.935907,1.117907363891602
1374,-9.4,-9.676782,0.2767816543579098
1383,-12.2,-9.631992,-2.5680076599121087
1393,-7.4,-7.49752,0.09751996994018519
1396,-11.4,-10.769507,-0.6304925918579105
1399,-11.52,-10.91364,-0.6063599777221675
1402,-9.1,-9.436968,0.33696784973144567
1406,-8.5,-8.398997,-0.10100269317626953
1408,-8.7,-9.217436,0.5174358367919929
1413,-7.4,-8.325537,0.9255367279052731
1418,-10.3,-10.694219,0.3942186355590813
1421,-9.55,-10.2239275,0.6739274978637688
1427,-9.4,-10.023343,0.6233430862426754
1432,-8.4,-8.506393,0.10639343261718714
1433,-6.9,-7.4042215,0.5042215347290036
1434,-7.0,-7.8049183,0.8049182891845703
1437,-10.2,-9.556074,-0.6439258575439446
1453,-8.0,-7.7970996,-0.20290040969848633
1454,-9.0,-8.921097,-0.0789031982421875
1457,-6.5,-6.257004,-0.2429962158203125
1458,-6.3,-6.07457,-0.22542982101440412
1459,-10.0,-10.058578,0.058577537536621094
1470,-11.7,-10.42651,-1.273490142822265
1472,-9.6,-9.347891,-0.2521091461181637
1479,-8.8,-8.803965,0.003964614868163352
1486,-9.3,-10.258726,0.9587261199951165
1488,-10.2,-10.792081,0.5920808792114265
1491,-11.1,-9.8537245,-1.2462755203247067
1494,-8.6,-8.954999,0.35499897003173864
1496,-9.3,-8.574244,-0.7257564544677741
1498,-8.2,-8.038663,-0.1613370895385735
1501,-11.0,-10.027564,-0.9724359512329102
1506,-8.1,-8.662772,0.5627721786499027
1509,-9.428,-8.896657,-0.5313430099487313
1511,-12.7,-11.6034155,-1.096584510803222
1512,-10.1,-10.546591,0.4465908050537113
1516,-9.78,-9.956556,0.17655632019043033
1523,-9.0,-9.328253,0.32825279235839844
1530,-11.5,-10.441932,-1.0580682754516602
1533,-11.0,-10.799122,-0.20087814331054688
1536,-9.8,-9.919063,0.11906261444091726
1562,-8.4,-7.9726477,-0.427352333068848
1566,-9.8,-9.663724,-0.13627605438232493
1570,-10.8,-9.874577,-0.9254234313964851
1572,-6.9,-7.6575603,0.7575603485107418
1576,-8.6,-8.56555,-0.03445014953613246
1578,-9.1,-9.778636,0.6786359786987308
1579,-8.0,-8.332286,0.33228588104248047
1584,-9.3,-9.587671,0.28767127990722585
1593,-10.7,-10.452281,-0.24771900177001882
1594,-7.1,-8.429985,1.329985046386719
1595,-10.2,-9.457353,-0.7426473617553704
1597,-8.2,-8.714183,0.5141828536987312
1602,-12.4,-11.71301,-0.6869901657104496
1608,-10.3,-10.318298,0.01829833984374929
1616,-8.9,-8.672105,-0.22789516448974645
1617,-5.213,-5.6020355,0.3890355224609374
1623,-9.2,-8.783766,-0.4162342071533196
1626,-6.4,-6.3936276,-0.006372356414795277
1634,-12.9,-11.137065,-1.7629350662231449
1643,-8.3,-8.548666,0.24866600036621023
1650,-8.4,-8.402614,0.0026136398315426135
1655,-9.7,-9.64425,-0.05575008392333913
1660,-9.9,-8.6229,-1.277099990844727
1662,-11.6,-10.8460045,-0.7539955139160153
1669,-10.7,-10.905579,0.2055786132812507
1670,-11.6,-10.629091,-0.9709087371826168
1671,-10.1,-9.142189,-0.9578109741210934
1683,-9.9,-8.717419,-1.1825813293457035
1688,-8.3,-9.120588,0.820588302612304
1691,-10.2,-9.802889,-0.3971111297607415
1692,-7.699,-7.323859,-0.375140785217285
1701,-5.9,-6.476932,0.5769320487976071
1703,-8.1,-8.462654,0.3626541137695316
1710,-10.85,-10.439,-0.4109998703002926
1713,-6.8,-6.761265,-0.0387351989746092
1718,-7.0,-7.2211876,0.22118759155273438
1720,-8.6,-8.611414,0.011413955688476918
1722,-8.2,-7.5848336,-0.6151663780212395
1730,-7.9,-7.908944,0.008944129943847301
1731,-7.9,-9.471943,1.5719429016113278
1732,-10.3,-10.504864,0.20486373901367116
1740,-8.5,-9.491078,0.9910783767700195
1744,-7.5,-8.002299,0.5022993087768555
1746,-5.7,-5.799319,0.09931879043579084
1747,-11.3,-10.704682,-0.5953176498413093
1758,-10.61,-10.438324,-0.17167602539062443
1766,-7.9,-8.490541,0.5905414581298825
1768,-10.3,-10.198721,-0.10127906799316477
1775,-7.2,-7.4231353,0.22313528060913068
1780,-10.7,-10.608316,-0.09168357849121023
1783,-9.114,-9.565414,0.45141442871093673
1785,-8.8,-9.105563,0.3055631637573235
1786,-8.1,-8.040108,-0.059892272949218395
1791,-8.5,-8.666052,0.16605186462402344
1793,-9.3,-8.992588,-0.3074119567871101
1795,-10.6,-9.934983,-0.6650167465209957
1803,-7.398,-7.1221223,-0.27587771224975555
1805,-7.6,-8.108304,0.5083040237426761
1807,-7.707,-7.5081577,-0.1988422698974608
1825,-7.0,-7.267241,0.2672410011291504
1833,-8.8,-9.077745,0.2777454376220696
1835,-8.4,-8.738131,0.33813056945800746
1839,-9.5,-8.992995,-0.5070047378540039
1844,-8.7,-8.7161,0.016099739074707742
1845,-6.2,-6.877769,0.6777689933776854
1851,-6.966,-7.1324534,0.16645344161987286
1862,-10.1,-10.212981,0.11298122406005895
1864,-8.2,-8.734725,0.5347249984741218
1870,-9.6,-9.413672,-0.1863275527954098
1883,-8.2,-8.060021,-0.13997859954833913
1885,-7.6,-8.264474,0.664473915100098
1889,-9.6,-9.307784,-0.29221591949462855
1891,-7.5,-8.523881,1.023880958557129
1896,-11.0,-9.554763,-1.445237159729004
1904,-10.2,-9.875924,-0.32407588958740163
1905,-6.6,-7.152345,0.552345180511475
1923,-9.0,-9.284421,0.2844209671020508
1935,-10.3,-10.72377,0.4237701416015618
1941,-8.3,-8.313017,0.013016891479491477
1950,-10.3,-10.382937,0.08293743133544851
1952,-11.7,-11.625415,-0.07458515167236257
1953,-10.8,-9.779245,-1.0207546234130866
1954,-7.6,-7.140342,-0.4596577644348141
1964,-8.6,-8.980723,0.3807233810424808
1965,-8.9,-8.775672,-0.12432804107666051
1971,-9.8,-9.2416935,-0.5583065032958991
1978,-6.8,-7.8377314,1.0377313613891603
1981,-7.3,-7.326516,0.026516151428222834
1983,-8.8,-9.5876875,0.7876874923706048
1984,-8.4,-8.501986,0.10198554992675746
2009,-7.6,-7.611869,0.011868858337402699
2012,-8.7,-8.953876,0.25387554168701243
2015,-8.9,-7.6835885,-1.2164114952087406
2018,-5.4,-5.139621,-0.26037921905517614
2020,-8.6,-8.74081,0.14081039428710973
2021,-7.4,-6.934067,-0.46593322753906286
2030,-6.1,-6.107546,0.007545852661133168
2034,-5.8,-5.926302,0.126301956176758
2036,-6.11,-6.533259,0.42325891494750945
2039,-9.4,-9.642993,0.24299297332763636
2046,-7.9,-7.858383,-0.041616821289062855
2055,-10.9,-10.473922,-0.42607822418212926
2069,-8.7,-8.804095,0.10409526824951243
2075,-9.7,-8.890252,-0.8097478866577141
2085,-10.36,-10.497563,0.1375633621215826
2087,-8.7,-9.985884,1.2858837127685554
2088,-6.7,-6.727866,0.027866172790527166
2102,-10.4,-10.365193,-0.034806632995605824
2107,-9.1,-9.209155,0.10915508270263707
2108,-11.2,-10.202039,-0.997961235046386
2109,-9.4,-9.453862,0.053862190246581676
2119,-10.3,-10.169177,-0.130822944641114
2124,-6.8,-8.053494,1.253494453430176
2127,-10.0,-9.863319,-0.13668060302734375
2128,-9.9,-9.789384,-0.11061611175537145
2140,-8.473,-8.043473,-0.42952675628662185
2142,-12.1,-10.919325,-1.18067512512207
2145,-9.4,-9.830586,0.4305864334106442
2150,-9.6,-8.851734,-0.7482658386230465
2152,-9.4,-9.260163,-0.13983669281005895
2154,-6.6,-6.064011,-0.5359889030456539
2157,-9.5,-10.2152405,0.715240478515625
2167,-6.4,-6.213161,-0.18683900833129918
2168,-8.0,-7.456818,-0.5431818962097168
2174,-8.8,-9.851442,1.051442337036132
2183,-6.4,-6.196778,-0.20322217941284215
2184,-6.0,-6.196778,0.1967778205871582
2189,-8.2,-7.628798,-0.5712019920349114
2191,-10.09,-9.111319,-0.9786814117431639
2199,-10.87,-9.789742,-1.0802575302124016
2210,-6.4,-5.80825,-0.5917500495910648
2211,-10.2,-10.148818,-0.051181983947753196
2214,-6.1,-5.782995,-0.3170047760009762
2215,-6.147,-6.07858,-0.06842009735107446
2216,-6.09,-6.07858,-0.011420097351074077
2221,-9.4,-9.21381,-0.18619003295898473
2227,-6.2,-5.9006863,-0.29931373596191424
2232,-6.7,-6.342843,-0.3571569442749025
2236,-6.4,-6.4016623,0.001662349700927379
2238,-8.2,-8.518556,0.3185556411743171
2239,-10.5,-9.553478,-0.9465217590332031
2245,-7.0,-6.7154126,-0.28458738327026367
2249,-9.9,-9.742194,-0.1578058242797855
2252,-6.3,-6.4134564,0.113456439971924
2254,-4.974,-6.1236606,1.1496605644226072
2260,-6.1,-6.5221925,0.422192478179932
2270,-10.4,-10.046368,-0.3536323547363285
2271,-10.8,-10.693637,-0.10636310577392649
2288,-9.3,-8.982098,-0.31790237426757884
2301,-6.6,-6.249384,-0.3506160736083981
2310,-6.4,-6.501311,0.10131082534790004
2312,-6.2,-6.1767406,-0.02325935363769549
2318,-5.3,-5.5597496,0.25974960327148455
2325,-6.1,-6.2428207,0.1428207397460941
2328,-9.9,-9.804124,-0.09587612152099645
2337,-8.3,-8.69409,0.3940898895263665
2340,-6.9,-6.560142,-0.3398579597473148
2344,-7.9,-7.633093,-0.2669071197509769
2348,-4.866,-6.073407,1.2074071731567386
2351,-9.6,-8.928955,-0.6710449218749996
2357,-9.3,-8.873636,-0.42636375427246165
2360,-4.9,-6.2259746,1.3259745597839352
2367,-7.5,-8.408598,0.9085979461669922
2372,-6.6,-6.53679,-0.06321010589599574
2377,-8.7,-9.088667,0.3886669158935554
2388,-10.6,-10.373038,-0.2269617080688473
2389,-8.498,-9.933283,1.4352828521728522
2390,-6.8,-6.536949,-0.2630508422851561
2391,-9.8,-9.588225,-0.21177463531494212
2392,-10.7,-10.638898,-0.06110210418701101
2405,-5.4,-5.884045,0.4840451240539547
2406,-6.6,-6.304124,-0.29587612152099574
2407,-9.3,-9.445219,0.14521903991699148
2412,-7.8,-8.444185,0.644185256958008
2417,-4.0,-4.7678757,0.7678756713867188
2422,-9.1,-8.850763,-0.24923667907714808
2425,-9.66,-10.029487,0.3694866561889647
2439,-8.1,-9.460213,1.3602127075195316
2447,-7.5,-8.821532,1.3215322494506836
2452,-7.3,-6.8280444,-0.47195558547973615
2453,-6.6,-6.3443904,-0.25560960769653285
2455,-7.1,-6.2288938,-0.8711062431335446
2457,-6.4,-6.197324,-0.20267620086669957
2458,-6.4,-5.923051,-0.47694911956787145
2459,-6.4,-5.923051,-0.47694911956787145
2464,-6.9,-6.421801,-0.47819890975952184
2465,-9.2,-9.343213,0.143213081359864
2471,-9.7,-9.461621,-0.238378715515136
2473,-6.5,-6.8098397,0.30983972549438477
2474,-6.1,-5.9523354,-0.14766464233398402
2478,-9.1,-10.116347,1.0163473129272464
2483,-9.072,-10.103682,1.0316815643310555
2485,-5.069,-5.960649,0.8916490135192872
2487,-6.408,-6.0862803,-0.3217196540832523
2492,-8.8,-8.18609,-0.6139095306396491
2498,-6.4,-6.7211123,0.3211122512817379
2507,-6.4,-6.276977,-0.12302293777465856
2514,-10.3,-9.953059,-0.34694080352783274
2516,-5.6,-6.5387363,0.9387363433837894
2517,-10.6,-9.756267,-0.8437334060668942
2519,-5.8,-6.162368,0.36236782073974627
2522,-7.6,-7.886872,0.28687181472778356
2527,-5.7,-5.9083204,0.2083204269409178
2531,-8.2,-8.458659,0.2586591720581062
2564,-10.6,-10.613305,0.013305091857910512
2574,-5.8,-6.046912,0.24691219329834002
2576,-11.1,-9.491498,-1.6085020065307614
2577,-9.2,-9.634425,0.4344251632690437
2582,-6.4,-5.774478,-0.6255220413208011
2585,-10.1,-10.501785,0.40178527832031286
2586,-8.5,-9.372696,0.8726959228515625
2588,-8.5,-8.819619,0.31961917877197266
2589,-7.9,-8.516368,0.6163679122924801
2592,-6.0,-5.9733944,-0.026605606079101562
2595,-8.8,-8.792985,-0.007015037536621804
2609,-8.3,-8.721171,0.42117137908935476
2611,-6.3,-5.977309,-0.32269077301025373
2613,-7.8,-8.673506,0.8735057830810549
2614,-6.2,-5.846828,-0.353172016143799
2615,-9.2,-8.932676,-0.2673236846923821
2619,-5.9,-5.632808,-0.2671917915344242
2620,-9.6,-9.359906,-0.24009380340576136
2625,-9.8,-8.889724,-0.9102762222290046
2626,-9.8,-9.991858,0.19185752868652273
2627,-8.0,-7.836742,-0.16325807571411133
2628,-9.1,-9.908864,0.8088640213012699
2629,-9.2,-8.438351,-0.7616493225097649
2631,-13.1,-13.0066805,-0.09331951141357386
2638,-7.9,-8.126402,0.22640190124511683
2651,-5.765,-6.0768046,0.31180463790893587
2664,-9.8,-9.436475,-0.36352519989013743
2676,-6.7,-6.47255,-0.22745008468627947
2678,-10.3,-10.213745,-0.08625488281250071
2680,-5.8,-6.2649937,0.46499366760253924
2684,-6.18,-6.174928,-0.005071811676025106
2685,-6.0,-6.285333,0.28533315658569336
2688,-9.0,-8.922208,-0.07779216766357422
2691,-10.9,-10.676131,-0.22386875152587926
2692,-5.5,-6.483873,0.9838728904724121
2701,-8.3,-8.834399,0.534399223327636
2709,-6.653,-6.7521873,0.09918725204467815
2714,-10.4,-9.792933,-0.6070665359497074
2715,-9.8,-9.252081,-0.5479190826416023
2732,-5.7,-6.0339875,0.33398752212524396
2751,-8.0,-8.47957,0.4795703887939453
2754,-5.5,-5.1578555,-0.3421444892883301
2759,-5.763,-6.259723,0.49672318649292
2760,-6.418,-6.259723,-0.15827681350708023
2762,-10.2,-9.953987,-0.24601287841796804
2771,-5.824,-6.3074503,0.48345029449462906
2777,-7.6,-7.8370624,0.23706235885620153
2791,-11.0,-11.648689,0.6486892700195312
2802,-5.0,-5.9728436,0.9728436470031738
2807,-7.2,-6.1633782,-1.0366217613220217
2816,-8.3,-8.189587,-0.11041336059570384
2818,-9.1,-10.2941065,1.194106483459473
2826,-7.6,-7.579563,-0.02043685913085902
2836,-5.5,-6.1811633,0.6811633110046387
2846,-8.1,-8.912563,0.8125633239746097
2847,-7.3,-7.148721,-0.15127878189086896
2855,-8.323,-8.421113,0.09811301422119101
2858,-7.4,-8.678349,1.2783485412597653
2864,-7.3,-7.398367,0.09836692810058612
2874,-10.1,-10.324724,0.22472419738769567
2882,-9.1,-9.809576,0.7095760345458988
2884,-9.5,-10.723233,1.2232332229614258
2899,-8.8,-9.073904,0.2739040374755852
2901,-8.4,-8.687151,0.28715095520019496
2910,-6.7,-6.4927845,-0.20721549987792987
2913,-8.1,-8.507458,0.40745773315429723
2922,-5.9,-5.947568,0.047567939758300426
2927,-6.7,-6.5630555,-0.13694448471069354
2929,-6.467,-6.279578,-0.1874217910766598
2932,-6.8,-6.6421595,-0.15784053802490217
2935,-7.8,-6.3854833,-1.4145167350769041
2947,-5.7,-5.9661922,0.26619224548339826
2948,-10.8,-10.339872,-0.4601276397705085
2952,-6.3,-6.5735254,0.27352542877197283
2954,-10.5,-10.79662,0.29662036895751953
2955,-8.8,-8.517088,-0.2829120635986335
2956,-6.9,-6.741726,-0.15827407836914098
2960,-6.2,-6.423567,0.2235668182373045
2973,-5.9,-5.9497266,0.04972658157348597
2974,-6.16,-7.334004,1.1740039253234862
2982,-5.7,-6.1679473,0.4679472923278807
2986,-9.361,-9.059096,-0.30190366363525456
2992,-5.262,-5.976575,0.7145748977661137
2998,-9.7,-9.3961115,-0.30388851165771413
3000,-9.7,-10.529607,0.8296068191528327
3003,-10.1,-9.945812,-0.15418777465820277
3006,-6.2,-6.22363,0.023629951477050604
3011,-9.6,-10.508068,0.9080680847167972
3013,-8.232,-8.352483,0.12048279571533271
3015,-10.3,-9.46045,-0.8395498275756843
3017,-6.8,-6.331926,-0.4680741310119627
3021,-7.1,-7.0000253,-0.09997472763061488
3024,-6.4,-6.116647,-0.2833532333374027
3025,-9.1,-8.925369,-0.17463073730468714
3027,-9.0,-8.64585,-0.35414981842041016
3031,-9.4,-9.433194,0.033194160461425426
3034,-10.8,-11.367943,0.567942810058593
3037,-10.4,-10.150513,-0.24948730468750036
3038,-6.6,-6.447313,-0.15268716812133754
3043,-10.9,-10.8899975,-0.010002517700195668
3047,-9.3,-8.639554,-0.6604459762573249
3048,-9.9,-8.238215,-1.6617845535278324
3053,-6.3,-6.1948147,-0.10518531799316388
3058,-8.566,-8.925265,0.3592653121948235
3059,-6.5,-6.5504656,0.05046558380126953
3060,-6.135,-6.009528,-0.12547183990478494
3063,-6.7,-6.097318,-0.6026818275451662
3065,-7.1,-8.343745,1.2437452316284183
3068,-10.8,-9.942095,-0.8579051971435554
3069,-6.0,-5.510563,-0.4894371032714844
3079,-4.0,-5.648594,1.6485939025878906
3082,-6.8,-6.195295,-0.6047051429748533
3088,-9.0,-9.126716,0.12671566009521484
3090,-10.9,-10.482295,-0.4177049636840824
3094,-5.4,-5.8758297,0.4758296966552731
3100,-7.7,-9.141079,1.4410789489746092
3101,-9.0,-9.131409,0.13140869140625
3105,-12.6,-11.310232,-1.2897678375244137
3111,-9.4,-8.917731,-0.4822687149047855
3125,-10.05,-11.07937,1.0293695449829094
3131,-7.987,-8.555759,0.5687594299316405
3133,-6.4,-6.263474,-0.13652601242065465
3139,-9.5,-9.100857,-0.3991432189941406
3143,-9.0,-8.10019,-0.8998098373413086
3146,-12.08,-11.260584,-0.8194161224365235
3148,-8.5,-8.128307,-0.3716926574707031
3160,-10.4,-10.0442095,-0.3557905197143558
3166,-5.4,-5.571529,0.17152891159057582
3181,-10.0,-10.321225,0.3212251663208008
3184,-6.2,-6.050369,-0.14963121414184588
3187,-9.2,-8.937246,-0.26275367736816335
3194,-5.8,-5.7435155,-0.05648450851440412
3206,-10.8,-10.709917,-0.0900829315185554
3207,-9.0,-8.7019005,-0.2980995178222656
3210,-7.0,-7.207591,0.20759105682373047
3231,-6.6,-5.850056,-0.7499438285827633
3234,-4.2,-4.349148,0.1491477966308592
3238,-10.0,-9.841797,-0.158203125
3263,-6.5,-6.3234777,-0.17652225494384766
3264,-11.73,-11.059396,-0.6706042098999028
3265,-8.5,-7.8558574,-0.6441426277160645
3272,-6.7,-6.177167,-0.5228330612182619
3279,-6.4,-6.177023,-0.22297706604003942
3284,-9.0,-9.478305,0.4783048629760742
3288,-8.8,-8.543717,-0.2562826156616218
3290,-11.9,-10.871044,-1.0289558410644535
3295,-7.6,-7.714933,0.11493291854858434
3297,-6.4,-6.387829,-0.01217117309570348
3299,-8.8,-9.041626,0.2416259765624993
3307,-10.6,-9.555445,-1.044555282592773
3312,-7.9,-8.105405,0.20540485382080043
3314,-5.9,-6.208601,0.30860099792480433
3315,-9.2,-9.519105,0.3191049575805671
3316,-8.9,-9.805848,0.905848121643066
3319,-11.3,-10.426928,-0.8730724334716804
3328,-4.4,-6.1008625,1.7008625030517575
3329,-4.3,-6.0270534,1.7270533561706545
3333,-6.8,-6.132063,-0.6679370880126951
3334,-6.278,-6.2935934,0.015593406677246513
3344,-5.7,-5.883812,0.18381195068359357
3349,-10.0,-9.547779,-0.4522209167480469
3355,-8.139,-7.7677436,-0.37125641250610286
3369,-9.8,-10.3265085,0.5265085220336907
3370,-9.9,-9.1536875,-0.746312522888184
3375,-6.7,-6.417314,-0.28268594741821307
3378,-8.3,-8.147313,-0.15268688201904368
3379,-9.2,-9.158521,-0.04147930145263601
3387,-9.1,-9.1038475,0.0038475036621097303
3393,-6.1,-6.206202,0.10620203018188512
3399,-6.9,-7.099329,0.1993289947509762
3400,-10.3,-10.197144,-0.10285644531250071
3403,-7.8,-9.152255,1.3522550582885744
3404,-7.3,-7.2128196,-0.08718042373657209
3405,-5.8,-6.0243454,0.22434539794921893
3411,-9.9,-10.0641775,0.16417751312255824
3412,-5.8,-5.726677,-0.07332305908203107
3413,-9.625,-10.288526,0.6635255813598633
3424,-6.9,-6.1802883,-0.7197116851806644
3434,-6.7,-6.687206,-0.012794208526611506
3437,-8.7,-8.210947,-0.4890529632568352
3441,-11.3,-10.374004,-0.9259956359863288
3447,-9.1,-8.501722,-0.59827766418457
3448,-6.405,-6.0183372,-0.3866627502441409
3457,-5.87,-6.1294975,0.25949752807617177
3458,-5.8,-5.7275653,-0.07243471145629865
3461,-4.8,-4.662958,-0.13704185485839826
3465,-6.462,-5.9711003,-0.49089966964721654
3467,-8.2,-8.468875,0.26887493133544993
3468,-6.765,-6.289282,-0.47571815490722624
3470,-6.1,-5.777651,-0.32234916687011683
3485,-10.5,-10.068913,-0.43108654022216797
3487,-9.9,-10.31496,0.41495952606201136
3488,-5.6,-6.421124,0.8211239814758304
3495,-6.9,-7.9725776,1.0725775718688961
3501,-7.1,-7.30255,0.20254983901977575
3520,-6.0,-6.028145,0.02814483642578125
3523,-9.1,-9.191807,0.09180679321289098
3524,-9.1,-10.496576,1.396576309204102
3526,-9.4,-8.625389,-0.7746109008789066
3527,-6.6,-6.1382027,-0.4617973327636715
3529,-6.0,-6.564631,0.5646309852600098
3541,-6.6,-6.2653017,-0.33469829559326136
3543,-5.9,-6.4608207,0.5608206748962399
3546,-7.1,-6.1104774,-0.989522552490234
3547,-6.2,-6.1104774,-0.08952255249023455
3550,-7.0,-6.3654833,-0.634516716003418
3559,-6.2,-5.8324203,-0.3675796508789064
3562,-5.1,-6.118436,1.0184358596801761
3570,-12.2,-10.725364,-1.474636268615722
3574,-9.9,-9.884607,-0.015392684936523793
3578,-6.7,-6.2534795,-0.446520519256592
3585,-6.5,-5.9994864,-0.5005135536193848
3592,-7.0,-6.3955874,-0.6044125556945801
3593,-6.115,-6.180545,0.065544853210449
3614,-8.8,-10.0964365,1.2964365005493157
3616,-8.7,-9.05031,0.350310134887696
3635,-10.4,-9.851141,-0.5488590240478519
3643,-7.6,-7.1089296,-0.49107036590576136
3649,-10.2,-10.265413,0.06541328430175852
3652,-6.1,-6.2295275,0.1295274734497074
3660,-12.2,-11.65749,-0.5425102233886712
3668,-6.2,-6.5163326,0.31633262634277326
3678,-9.0,-8.707432,-0.2925682067871094
3679,-5.5,-6.4814086,0.9814085960388184
3680,-6.8,-6.63492,-0.165079879760742
3685,-6.652,-6.111499,-0.5405011672973634
3688,-5.9,-5.957621,0.05762109756469691
3689,-8.6,-8.935671,0.33567085266113317
3693,-5.9,-6.017588,0.11758813858032191
3703,-9.6,-9.950691,0.3506912231445316
3705,-5.59,-6.013779,0.42377916336059585
3707,-9.8,-9.334057,-0.46594314575195384
3717,-10.8,-12.703063,1.9030630111694329
3721,-8.7,-8.4114485,-0.2885515213012688
3724,-10.3,-10.754648,0.45464820861816335
3737,-7.3,-7.7103825,0.41038246154785174
3742,-10.6,-10.301987,-0.29801330566406214
3745,-5.6,-6.0244875,0.42448749542236364
3746,-5.9,-6.0244875,0.12448749542236293
3755,-10.6,-10.628634,0.028634452819824574
3761,-9.7,-9.670419,-0.029581260681151633
3772,-6.3,-6.3620067,0.062006664276123225
3773,-6.0,-5.7783804,-0.2216196060180664
3777,-5.8,-5.9428744,0.1428744316101076
3780,-6.4,-6.4719095,0.07190952301025355
3781,-5.9,-6.4393516,0.5393515586853024
3784,-6.1,-6.0195017,-0.08049831390380824
3787,-6.2,-6.556267,0.3562667846679686
3798,-7.3,-7.8679094,0.5679094314575197
3819,-8.0,-8.471933,0.47193336486816406
3822,-5.9,-6.377474,0.47747383117675746
3834,-9.9,-9.729611,-0.17038860321044957
3837,-11.2,-11.0333805,-0.16661949157714773
3838,-5.6,-5.8185577,0.21855773925781286
3842,-6.8,-6.607649,-0.19235115051269513
3844,-6.2,-6.6087637,0.4087636947631834
3846,-5.6,-6.200696,0.6006959915161136
3852,-6.6,-5.667398,-0.9326020240783688
3853,-6.0,-5.7500906,-0.2499094009399414
3857,-6.262,-6.1259203,-0.13607970428466754
3858,-7.878,-7.9998293,0.12182929229736317
3860,-6.3,-6.0812907,-0.21870927810668928
3869,-6.6,-6.072706,-0.52729377746582
3872,-9.4,-9.237913,-0.16208686828613317
3881,-5.2,-6.0710316,0.8710315704345701
3885,-6.2,-6.0663095,-0.1336905479431154
3886,-12.1,-10.946126,-1.1538740158081051
3887,-8.9,-9.276422,0.3764215469360348
3891,-9.8,-9.773898,-0.026101875305176492
3894,-6.706,-6.110352,-0.5956479606628422
3898,-9.0,-9.585543,0.5855426788330078
3910,-6.0,-6.2014318,0.2014317512512207
3914,-10.0,-8.954714,-1.0452861785888672
3919,-10.3,-9.686759,-0.6132410049438484
3928,-5.0,-5.9864483,0.9864482879638672
3936,-7.2,-7.464332,0.26433210372924787
3938,-9.369,-9.357809,-0.011190933227538835
3941,-10.0,-9.749353,-0.25064659118652344
3942,-5.0,-6.012359,1.0123591423034668
3946,-6.594,-6.4428368,-0.15116323852539093
3948,-6.7,-6.3725214,-0.32747859954834
3949,-6.4,-6.4204698,0.020469760894775035
3952,-5.8,-6.346219,0.546219062805176
3958,-6.1,-5.6071105,-0.4928894996643063
3963,-11.01,-10.230177,-0.7798230743408201
3971,-11.0,-10.595191,-0.40480899810791016
3979,-6.799,-6.220534,-0.5784661521911625
3984,-6.0,-6.0161004,0.016100406646728516
3989,-7.6,-8.620935,1.020935440063477
3994,-11.7,-11.563147,-0.13685340881347585
3995,-9.4,-11.069173,1.6691728591918942
3999,-9.7,-8.826736,-0.8732635498046868
4001,-8.9,-8.3642025,-0.5357975006103519
4004,-8.6,-8.600621,0.0006212234497073865
4010,-8.4,-8.069842,-0.33015766143798864
4012,-8.7,-8.791734,0.09173374176025462
4026,-8.0,-8.42604,0.4260396957397461
4028,-6.5,-6.3215547,-0.17844533920288086
4029,-10.76,-10.898522,0.13852237701416037
4031,-6.3,-6.1563463,-0.1436536788940428
4035,-6.5,-6.441354,-0.058646202087402344
4040,-7.8,-8.185864,0.38586444854736346
4053,-11.1,-11.132814,0.03281440734863317
4055,-10.9,-10.325558,-0.574442291259766
4064,-7.5,-7.7747297,0.27472972869873047
4065,-7.0,-6.78296,-0.2170400619506836
4067,-11.18,-10.405398,-0.7746016311645505
4074,-5.4,-6.5077853,1.107785320281982
4080,-10.2,-10.113616,-0.0863840103149407
4081,-8.7,-7.9503427,-0.7496573448181145
4091,-5.6,-6.0919394,0.4919394493103031
4092,-6.9,-6.2995024,-0.6004976272583011
4093,-6.8,-5.7811594,-1.0188405990600584
4094,-8.9,-8.66227,-0.2377304077148441
4095,-9.2,-10.716062,1.5160615921020515
4097,-6.2,-6.4287415,0.22874145507812482
4098,-8.2,-8.700434,0.5004337310791023
4099,-6.513,-6.308186,-0.20481394577026357
4100,-7.7,-8.00173,0.30172996520996076
4102,-8.7,-9.673571,0.973570632934571
4110,-4.7,-6.316863,1.6168630599975584
4111,-10.8,-9.983548,-0.8164518356323249
4127,-6.4,-6.5298276,0.12982759475707972
4139,-10.0,-9.939243,-0.060756683349609375
4148,-4.0,-5.898246,1.8982458114624023
4149,-7.7,-8.31114,0.6111400604248045
4165,-7.2,-6.297193,-0.9028069496154787
4170,-8.1,-7.8759465,-0.22405347824096644
4184,-10.21,-10.075346,-0.13465400695800867
4190,-5.8,-5.852401,0.05240077972412127
4193,-8.7,-8.4465065,-0.25349349975585866
4201,-12.7,-12.820756,0.12075595855712962
4209,-9.4,-8.80721,-0.5927900314331058
4210,-6.7,-6.3946495,-0.3053504943847658
4219,-5.8,-6.0865393,0.2865392684936525
4220,-6.0,-6.094683,0.09468317031860352
4221,-7.1,-7.2941675,0.194167518615723
4226,-6.2,-6.0005975,-0.19940252304077166
4233,-9.342,-9.401453,0.05945301818847604
4238,-10.4,-10.566406,0.16640624999999964
4245,-10.6,-9.718464,-0.8815361022949215
4253,-6.1,-5.545688,-0.5543118476867672
4256,-6.761,-6.1263013,-0.6346987113952638
4257,-8.865,-10.109894,1.2448937988281248
4265,-5.9,-6.0349164,0.13491640090942347
4269,-10.3,-10.529948,0.22994823455810476
4271,-7.0,-6.6743736,-0.3256263732910156
4273,-11.4,-11.048599,-0.35140075683593786
4281,-8.2,-10.528976,2.328976440429688
4299,-10.7,-10.132,-0.5680000305175774
4301,-10.5,-10.201339,-0.2986612319946289
4313,-10.0,-10.74835,0.7483501434326172
4326,-7.0,-8.753267,1.7532672882080078
4329,-8.3,-8.52159,0.22159023284912038
4332,-8.6,-8.0393305,-0.5606695175170895
4335,-8.5,-8.591778,0.09177780151367188
4337,-9.0,-9.9214525,0.921452522277832
4339,-11.1,-10.11274,-0.9872604370117184
4341,-8.4,-8.192401,-0.20759906768798864
4342,-8.6,-8.480534,-0.11946640014648402
4344,-9.1,-9.003299,-0.09670124053955043
4352,-4.9,-5.388519,0.48851881027221644
4353,-7.0,-6.5597982,-0.4402017593383789
4354,-8.0,-8.498103,0.49810314178466797
4365,-5.6,-6.0401335,0.4401334762573246
4366,-7.5,-7.3713956,-0.12860441207885742
4372,-6.4,-6.1798863,-0.22011365890502965
4374,-6.9,-6.4669065,-0.43309345245361364
4381,-9.9,-9.727403,-0.17259731292724645
4382,-5.9,-5.9643674,0.06436738967895472
4393,-6.0,-5.720974,-0.2790260314941406
4394,-5.5,-5.720974,0.22097396850585938
4395,-10.6,-9.334502,-1.265497779846191
4397,-10.3,-10.736794,0.43679447174072195
4398,-5.5,-6.5389643,1.0389642715454102
4401,-10.0,-9.591803,-0.40819740295410156
4403,-10.1,-11.594963,1.494963073730469
4404,-10.3,-11.520077,1.2200767517089837
4412,-5.9,-5.9149075,0.014907455444335582
4415,-6.5,-6.64224,0.14224004745483398
4417,-4.4,-6.0344305,1.6344305038452145
4418,-7.9,-8.591895,0.6918951034545895
4419,-12.17,-10.740652,-1.429347915649414
4420,-11.52,-10.895914,-0.6240859222412105
4421,-5.45,-6.579639,1.1296389579772947
4429,-7.4,-7.0898023,-0.310197734832764
4438,-5.913,-6.073472,0.16047202301025365
4442,-6.737,-6.542121,-0.19487906646728526
4448,-9.424,-9.773901,0.34990098571777395
4449,-5.8,-6.066672,0.2666718482971193
4457,-6.7,-6.125519,-0.5744812011718752
4463,-10.7,-9.870172,-0.8298284530639641
4466,-9.9,-9.966494,0.06649360656738246
4477,-6.341,-6.2158794,-0.125120559692383
4483,-9.8,-10.526674,0.7266742706298821
4504,-5.506,-5.8208776,0.3148775520324705
4511,-8.2,-8.477925,0.27792530059814524
4513,-9.804,-9.351342,-0.4526577987670901
4518,-11.48,-10.4713125,-1.0086874771118168
4519,-7.5,-8.1104,0.6104001998901367
4532,-9.2,-9.415676,0.21567611694336009
4533,-5.8,-5.7759337,-0.024066257476806463
4536,-9.1,-8.972012,-0.12798843383789027
4537,-6.8,-6.6576505,-0.14234952926635724
4540,-6.6,-6.7362986,0.13629856109619176
4541,-6.1,-6.266801,0.16680088043212926
4553,-6.7,-6.525887,-0.17411298751831072
4561,-8.8,-8.712388,-0.0876119613647468
4568,-10.0,-9.154589,-0.8454113006591797
4572,-6.1,-5.6802087,-0.41979131698608363
4573,-6.4,-6.1748114,-0.2251886367797855
4584,-6.7,-6.6434126,-0.05658740997314471
4597,-9.435,-9.753307,0.3183073425292964
4598,-6.6,-6.248034,-0.35196599960327113
4604,-8.8,-8.775348,-0.024652290344238992
4605,-6.2,-6.3530765,0.15307645797729474
4606,-8.2,-8.957435,0.7574346542358406
4608,-8.9,-8.882939,-0.017060661315918324
4609,-7.0,-6.4677563,-0.5322437286376953
4610,-10.5,-9.93128,-0.5687198638916016
4618,-9.1,-8.8445,-0.25550041198730433
4619,-6.309,-5.76998,-0.539020046234131
4622,-6.0,-5.8259883,-0.1740117073059082
4625,-6.2,-6.1104403,-0.0895597457885744
4634,-10.3,-9.12693,-1.1730697631835945
4639,-9.5,-10.483086,0.9830856323242188
4665,-5.7,-6.4694314,0.7694314002990721
4671,-5.5,-5.739393,0.2393932342529297
4674,-9.3,-9.259395,-0.04060535430908274
4676,-5.9,-6.501992,0.6019922256469723
4679,-4.6,-6.2770576,1.6770576477050785
4680,-6.1,-6.2770576,0.17705764770507848
4684,-6.3,-6.012359,-0.287640857696533
4685,-6.5,-6.8758283,0.37582826614379883
4687,-6.8,-6.6474056,-0.15259437561035138
4688,-6.2,-6.2284284,0.02842836380004865
4696,-5.0,-6.4194393,1.4194393157958984
4705,-10.1,-10.120722,0.020721817016601918
4706,-6.2,-6.4809623,0.28096227645874006
4708,-7.1,-6.631643,-0.4683571815490719
4710,-5.9,-6.91458,1.01457986831665
4715,-6.7,-6.423765,-0.276234817504883
4716,-5.8,-6.212456,0.41245622634887713
4720,-4.815,-6.218176,1.403175888061523
4721,-6.7,-6.395077,-0.3049227714538576
4722,-5.7,-6.27208,0.5720799446105955
4724,-9.8,-9.3508415,-0.44915847778320384
4740,-9.2,-8.951999,-0.24800128936767507
4754,-10.0,-9.403134,-0.5968656539916992
4766,-5.9,-6.3482037,0.44820365905761683
4770,-6.094,-6.3435183,0.24951825714111298
4772,-6.3,-5.909083,-0.39091711044311506
4779,-7.4,-6.403811,-0.9961890220642093
4782,-6.7,-5.9657893,-0.7342106819152834
4786,-7.0,-6.156387,-0.8436131477355957
4791,-10.2,-9.351758,-0.848241996765136
4792,-10.6,-10.43988,-0.16011962890624964
4807,-9.8,-10.271051,0.47105140686035085
4808,-8.3,-8.231727,-0.06827335357666087
4810,-9.9,-9.54086,-0.3591398239135746
4812,-8.5,-9.021373,0.5213727951049805
4816,-5.254,-5.9576154,0.7036153755187993
4822,-6.1,-6.21741,0.11741008758544957
4825,-9.2,-9.114718,-0.08528156280517507
4829,-8.7,-8.514787,-0.18521327972412038
4832,-6.335,-5.960649,-0.37435098648071286
4836,-6.9,-6.44048,-0.4595197677612308
4838,-7.4,-6.6427965,-0.7572034835815433
4847,-3.9,-4.4373856,0.5373855590820313
4850,-13.1,-10.897896,-2.2021041870117184
4851,-6.9,-6.3350306,-0.5649694442749027
4860,-6.6,-6.4523478,-0.14765224456787074
4864,-9.3,-9.517095,0.21709461212158132
4867,-5.1,-5.3323627,0.23236265182495153
4868,-10.2,-9.16715,-1.0328504562377923
4870,-7.9,-7.840489,-0.05951108932495153
4871,-6.768,-6.189864,-0.5781358413696287
4879,-6.0,-5.8091054,-0.19089460372924805
4880,-8.1,-7.787856,-0.31214389801025355
4890,-6.0,-6.56719,0.5671901702880859
4894,-9.0,-9.496067,0.4960670471191406
4896,-5.7,-6.429252,0.7292521476745604
4898,-9.4,-8.532755,-0.8672451019287113
4899,-8.663,-8.634955,-0.028044593811035412
4901,-8.314,-8.629157,0.3151570663452148
4907,-10.9,-10.54916,-0.350839996337891
4918,-6.2,-5.9819126,-0.21808738708496112
4919,-5.7,-5.9819126,0.2819126129150389
4949,-5.6,-6.081947,0.4819468498229984
4955,-10.2,-10.057453,-0.14254684448242116
4959,-5.6,-5.8254957,0.22549571990966832
4969,-7.865,-8.758523,0.8935229873657224
4972,-5.4,-6.3495674,0.9495674133300778
4978,-9.9,-10.949717,1.0497165679931637
5003,-9.3,-9.245206,-0.05479412078857493
5006,-8.8,-8.886374,0.08637447357177663
5009,-8.8,-9.7186365,0.918636512756347
5011,-9.5,-9.340418,-0.15958213806152344
5015,-9.1,-9.455008,0.3550075531005863
5019,-9.9,-9.2341585,-0.6658414840698246
5027,-7.9,-7.6631145,-0.23688545227050817
5028,-11.8,-11.454326,-0.34567432403564524
5030,-9.2,-9.057714,-0.14228553771972585
5034,-8.241,-8.624405,0.38340490722656284
5035,-7.7,-7.764676,0.0646760940551756
5046,-6.8,-7.604723,0.8047229766845705
5049,-5.8,-6.676673,0.87667293548584
5050,-7.3,-6.7404385,-0.5595615386962889
5058,-6.9,-6.7523293,-0.1476706504821781
5062,-8.2,-7.640567,-0.5594331741333001
5064,-10.0,-10.041832,0.04183197021484375
5066,-10.1,-9.803098,-0.29690227508544886
5071,-6.8,-6.757597,-0.042403030395507635
5079,-6.7,-6.783846,0.08384590148925763
5081,-6.9,-6.282773,-0.6172269821166996
5082,-8.8,-8.823151,0.02315063476562429
5090,-6.6,-6.2155433,-0.38445672988891566
5092,-10.5,-11.671453,1.1714534759521484
5094,-8.9,-9.3699045,0.46990451812744105
5099,-9.7,-9.799337,0.09933738708496165
5135,-8.2,-7.98714,-0.21285982131957937
5138,-9.974,-9.143465,-0.8305349578857424
5143,-12.1,-10.235099,-1.8649011611938473
5144,-9.8,-10.234762,0.4347621917724602
5145,-8.7,-9.593051,0.8930509567260749
5151,-10.7,-10.072959,-0.627041053771972
5153,-8.8,-8.86776,0.06775970458984304
5155,-9.0,-9.494143,0.4941425323486328
5156,-9.79,-9.583233,-0.20676712036132727
5170,-7.7,-8.073258,0.37325839996337873
5174,-10.9,-10.276915,-0.6230854034423832
5186,-11.6,-10.57689,-1.0231100082397457
5193,-9.2,-9.806594,0.6065938949584968
5194,-8.9,-9.73445,0.8344503402709957
5196,-8.5,-8.742639,0.24263858795166016
5198,-9.306,-8.603762,-0.7022383270263663
5202,-8.5,-8.484867,-0.015132904052734375
5204,-12.0,-11.311213,-0.6887874603271484
5206,-9.7,-9.115646,-0.5843536376953118
5210,-10.2,-10.712348,0.5123479843139656
5224,-9.6,-9.438339,-0.16166076660156214
5225,-8.8,-9.033148,0.23314781188964773
5239,-7.9,-8.657075,0.757074928283691
5245,-9.7,-9.586021,-0.11397857666015554
5250,-10.0,-9.738068,-0.261932373046875
5259,-9.476,-9.96363,0.487629722595214
5262,-9.7,-9.829312,0.1293123245239265
5264,-7.8,-8.361571,0.5615713119506838
5273,-12.0,-9.721855,-2.2781448364257812
5277,-9.0,-9.357728,0.3577280044555664
5286,-9.6,-10.34438,0.7443803787231449
5294,-9.4,-8.967964,-0.4320358276367191
5297,-7.9,-7.4665747,-0.433425331115723
5298,-10.2,-9.874588,-0.3254119873046868
5302,-9.0,-8.509005,-0.4909954071044922
5306,-8.9,-9.395053,0.49505290985107386
5312,-12.1,-11.351514,-0.7484861373901364
5323,-10.0,-9.956778,-0.04322242736816406
5331,-8.0,-8.834658,0.8346576690673828
5335,-9.0,-8.340428,-0.659571647644043
5337,-8.7,-10.246161,1.5461614608764656
5344,-10.6,-10.277238,-0.32276210784912074
5354,-9.2,-8.778516,-0.421484184265136
5357,-9.8,-10.262706,0.46270580291747976
5358,-5.3,-5.1825247,-0.11747531890869123
5360,-7.8,-8.102801,0.3028013229370119
5361,-8.7,-9.902201,1.2022006988525398
5362,-8.8,-8.904926,0.10492630004882741
5363,-9.53,-8.672678,-0.8573220062255853
5365,-9.4,-10.207561,0.8075605392456051
5369,-8.3,-8.587691,0.2876913070678704
5371,-7.2,-7.02868,-0.17132015228271502
5377,-12.0,-11.863186,-0.13681411743164062
5379,-10.58,-10.063389,-0.5166111755371094
5381,-11.3,-10.544849,-0.7551506042480476
5382,-8.9,-8.148583,-0.7514165878295902
5386,-7.9,-7.3824773,-0.5175227165222172
5391,-9.6,-10.153156,0.5531562805175785
5397,-7.3,-7.1404414,-0.15955858230590803
5398,-7.2,-7.1404414,-0.05955858230590838
5403,-5.4,-5.8175697,0.41756973266601527
5414,-9.8,-9.511454,-0.28854637145996165
5421,-10.2,-9.766478,-0.4335224151611321
5426,-9.6,-8.945381,-0.6546188354492184
5438,-11.2,-9.735893,-1.4641067504882805
5440,-10.7,-10.401471,-0.298528861999511
5441,-10.7,-10.244057,-0.45594329833984304
5452,-7.3,-7.8880377,0.58803768157959
5477,-7.6,-7.402218,-0.19778213500976527
5478,-8.5,-8.701634,0.20163440704345703
5479,-7.943,-8.7573395,0.8143394775390629
5492,-10.7,-10.067529,-0.6324712753295891
5493,-7.3,-8.037994,0.7379943847656252
5502,-6.6,-7.437866,0.8378662109375004
5503,-7.6,-8.174326,0.5743259429931644
5508,-10.3,-10.663271,0.3632709503173821
5511,-9.6,-9.067269,-0.532730674743652
5521,-7.8,-8.00723,0.20722980499267596
5527,-9.565,-10.100229,0.5352292633056646
5532,-11.3,-10.887385,-0.41261463165283274
5544,-9.6,-9.982296,0.38229598999023473
5545,-7.6,-7.263976,-0.33602390289306605
5549,-8.1,-8.695767,0.5957674026489261
5551,-8.7,-9.133146,0.4331462860107429
5566,-9.8,-9.693324,-0.10667591094970774
5572,-7.3,-7.1248474,-0.17515258789062482
5577,-9.6,-10.089759,0.4897588729858402
5580,-8.4,-8.403204,0.0032039642333980822
5582,-5.7,-5.5137234,-0.18627662658691424
5583,-10.8,-10.502809,-0.2971914291381843
5597,-8.7,-8.381768,-0.31823177337646413
5598,-9.4,-9.685236,0.2852359771728512
5613,-10.0,-9.846784,-0.15321636199951172
5615,-9.5,-9.895176,0.3951759338378906
5616,-9.6,-10.046163,0.4461626052856449
5620,-5.8,-5.591499,-0.20850114822387678
5632,-10.8,-9.863556,-0.9364440917968757
5635,-6.853,-6.9417243,0.08872430038452173
5638,-8.1,-8.489799,0.3897985458374027
5643,-6.3,-6.5311003,0.2311002731323244
5651,-7.4,-8.157272,0.7572723388671871
5652,-9.4,-10.444545,1.0445447921752926
5663,-9.6,-9.824783,0.22478332519531286
5676,-7.8,-8.04645,0.246449661254883
5678,-10.3,-10.819452,0.5194522857666009
5680,-11.2,-10.673082,-0.526917648315429
5682,-10.3,-9.579961,-0.7200391769409187
5683,-7.7,-7.5520806,-0.14791936874389666
5684,-9.1,-9.371873,0.27187290191650426
5689,-8.1,-8.886507,0.7865070343017582
5692,-7.4,-7.1387663,-0.26123371124267614
5700,-8.7,-8.325203,-0.37479705810546804
5701,-9.6,-9.352122,-0.24787769317626918
5703,-8.4,-8.589356,0.18935642242431605
5706,-7.5,-7.9887133,0.48871326446533203
5707,-7.8,-8.501449,0.7014486312866213
5712,-10.5,-10.911974,0.4119739532470703
5714,-6.3,-6.5533857,0.25338573455810565
5727,-9.384,-9.148085,-0.23591535949707065
5728,-10.0,-9.216226,-0.7837743759155273
5729,-10.4,-11.039988,0.6399875640869137
5733,-7.5,-7.768018,0.2680177688598633
5740,-9.8,-9.696155,-0.10384540557861399
5743,-11.2,-10.6960335,-0.5039665222167962
5747,-9.1,-9.286489,0.1864885330200199
5748,-9.9,-9.490343,-0.40965690612793004
5751,-8.3,-8.757267,0.4572669982910149
5756,-9.6,-9.493244,-0.10675582885742152
5761,-8.5,-8.686312,0.1863117218017578
5762,-5.3,-5.008277,-0.29172306060791
5763,-8.3,-7.4445662,-0.8554337501525886
5764,-10.14,-9.712059,-0.4279409790039068
5766,-6.999,-6.7059565,-0.2930435409545895
5767,-7.311,-7.390044,0.07904421234130865
5775,-8.8,-8.750492,-0.049507904052735086
5786,-8.8,-9.24763,0.44763011932372976
5790,-9.816,-9.786304,-0.0296955261230476
5798,-9.021,-9.61483,0.593830017089843
5799,-6.2,-6.0983305,-0.10166950225830096
5803,-8.0,-8.628303,0.6283025741577148
5804,-10.2,-9.55224,-0.6477596282958977
5816,-5.9,-6.076625,0.1766248703002926
5820,-8.5,-8.668055,0.16805458068847656
5822,-9.8,-9.609535,-0.19046478271484446
5829,-7.5,-7.5134964,0.01349639892578125
5830,-9.87,-9.8042965,-0.06570350646972578
5833,-9.086,-10.359299,1.2732987060546872
5835,-10.8,-10.668311,-0.13168888092041087
5840,-10.2,-10.363629,0.163629341125489
5848,-6.9,-6.913751,0.013751125335693004
5851,-9.0,-7.9128423,-1.0871577262878418
5852,-7.8,-7.565323,-0.23467712402343732
5853,-9.6,-9.666997,0.06699695587158239
5856,-8.3,-8.389878,0.0898782730102532
5858,-7.2,-7.6157413,0.41574125289916974
5859,-7.9,-8.573853,0.6738525390624996
5860,-8.9,-9.3576145,0.4576145172119137
5872,-7.7,-8.309322,0.6093223571777342
5882,-11.3,-10.174865,-1.1251352310180671
5903,-8.8,-8.99209,0.19209022521972585
5905,-7.1,-7.9570584,0.8570584297180179
5908,-9.7,-10.670468,0.9704683303833015
5910,-7.668,-8.832171,1.1641714401245116
5912,-11.7,-10.571055,-1.1289445877075188
5914,-10.9,-11.331268,0.43126831054687464
5920,-8.0,-7.391129,-0.6088709831237793
5928,-9.3,-9.404877,0.10487670898437429
5931,-8.5,-8.665168,0.16516780853271484
5940,-12.1,-11.181499,-0.9185014724731442
5943,-7.7,-7.3665595,-0.3334404945373537
5948,-9.3,-9.873225,0.5732252120971673
5950,-10.02,-9.798431,-0.22156860351562457
5955,-9.2,-9.896078,0.6960781097412116
5957,-9.9,-9.784559,-0.11544075012207067
5961,-7.9,-8.237843,0.33784255981445277
5963,-8.4,-8.006185,-0.3938154220581058
5968,-6.6,-7.3397007,0.7397006988525394
5974,-9.0,-9.731422,0.7314224243164062
5979,-9.8,-10.261711,0.46171112060546804
5980,-7.865,-8.223256,0.3582561111450193
5981,-5.8,-5.98225,0.18225021362304705
5982,-7.8,-8.176491,0.3764907836914064
5987,-10.7,-10.140965,-0.5590345382690423
6001,-10.1,-9.733419,-0.3665805816650387
6004,-8.9,-9.531865,0.6318651199340817
6010,-7.5,-7.533924,0.033924102783203125
6011,-7.2,-7.6250896,0.425089645385742
6014,-10.39,-10.333212,-0.05678810119628963
6021,-7.9,-8.120787,0.22078666687011683
6022,-6.6,-7.120304,0.520304107666016
6030,-8.0,-8.559299,0.5592994689941406
6032,-9.8,-10.180931,0.38093109130859304
6037,-10.27,-9.880788,-0.38921215057373004
6044,-7.5,-7.627166,0.1271657943725586
6054,-5.9,-6.4199533,0.519953346252441
6062,-10.4,-10.257603,-0.14239730834960973
6069,-8.4,-9.156532,0.7565322875976559
6076,-9.1,-9.372005,0.27200546264648473
6077,-10.0,-9.533198,-0.46680164337158203
6080,-6.248,-5.957624,-0.29037604141235374
6081,-8.1,-8.497718,0.3977178573608402
6084,-10.8,-9.715101,-1.084898757934571
6106,-9.9,-9.734572,-0.16542758941650426
6107,-7.4,-8.377655,0.9776550292968746
6109,-6.9,-6.7321563,-0.1678437232971195
6110,-9.5,-8.93434,-0.5656604766845703
6114,-8.9,-8.693612,-0.2063879013061527
6117,-8.2,-7.9197702,-0.2802297592163079
6118,-9.364,-9.637652,0.27365239715576095
6119,-8.7,-8.064171,-0.6358291625976555
6123,-8.5,-8.421791,-0.07820892333984375
6125,-9.122,-9.213317,0.09131691741943371
6135,-10.2,-9.980045,-0.21995468139648366
6137,-9.1,-8.291696,-0.808304405212402
6141,-13.5,-13.191104,-0.3088960647583008
6145,-10.5,-10.414828,-0.08517169952392578
6147,-5.028,-4.732434,-0.2955662040710445
6152,-9.9,-9.21627,-0.6837295532226566
6153,-10.3,-9.926882,-0.3731182098388679
6157,-8.3,-8.154201,-0.14579944610595774
6162,-9.5,-9.267265,-0.23273468017578125
6169,-6.8,-6.943856,0.14385576248168963
6178,-9.0,-8.927258,-0.07274246215820312
6189,-8.333,-8.062059,-0.27094059753417987
6201,-8.752,-8.611902,-0.1400977630615241
6213,-8.8,-8.473413,-0.32658653259277415
6216,-9.5,-10.3473625,0.8473625183105469
6220,-9.169,-9.86872,0.6997200546264644
6221,-7.9,-7.6356916,-0.2643083572387699
6225,-9.9,-10.351173,0.4511734008789059
6227,-8.359,-8.433942,0.0749418411254883
6237,-8.0,-8.622988,0.6229877471923828
6243,-9.4,-9.186074,-0.2139257431030277
6249,-8.1,-7.771669,-0.32833108901977504
6252,-7.008,-7.380474,0.37247409057617187
6253,-7.7,-8.20576,0.5057600021362303
6258,-10.5,-10.149366,-0.3506336212158203
6270,-6.9,-7.066188,0.1661878585815426
6277,-9.5,-8.701078,-0.7989215850830078
6282,-7.8,-8.2651415,0.4651414871215822
6290,-10.7,-11.511273,0.811273384094239
6291,-9.9,-9.645526,-0.25447406768798864
6301,-10.5,-9.937235,-0.5627651214599609
6311,-8.5,-8.734052,0.23405170440673828
6319,-8.4,-8.33761,-0.06238975524902379
6326,-9.7,-10.33662,0.6366203308105476
6330,-12.3,-11.957034,-0.3429658889770515
6343,-8.0,-8.291794,0.2917938232421875
6346,-8.7,-8.66467,-0.03533000946044851
6348,-10.2,-10.031675,-0.1683246612548821
6355,-11.2,-10.393582,-0.8064176559448235
6357,-8.5,-8.536114,0.036113739013671875
6369,-6.5,-6.5807886,0.08078861236572266
6372,-6.0,-5.42861,-0.5713901519775391
6375,-7.7,-7.707706,0.007705974578857244
6377,-9.1,-9.784352,0.6843523025512699
6385,-4.6,-4.465136,-0.13486394882202113
6387,-7.1,-7.6506224,0.5506223678588871
6389,-10.0,-10.7210455,0.7210454940795898
6391,-8.6,-9.146486,0.5464862823486332
6392,-10.7,-10.554665,-0.14533538818359304
6395,-13.4,-12.028532,-1.3714679718017582
6400,-9.2,-9.420306,0.22030620574951243
6403,-8.2,-8.1864195,-0.01358051300048757
6408,-9.2,-10.282374,1.0823743820190437
6412,-9.6,-9.376603,-0.22339687347412074
6414,-5.9,-5.8855577,-0.014442348480224965
6425,-11.1,-10.813196,-0.2868038177490231
6429,-11.2,-10.022824,-1.1771757125854485
6433,-10.0,-10.100402,0.1004018783569336
6434,-9.4,-9.028026,-0.3719743728637699
6435,-7.5,-7.0960383,-0.4039616584777832
6436,-5.9,-5.9538436,0.053843593597411754
6443,-9.8,-10.299425,0.4994251251220696
6444,-8.6,-8.441332,-0.15866813659667933
6449,-9.8,-9.99464,0.19464035034179616
6455,-6.6,-7.1649756,0.5649756431579593
6458,-7.4,-7.337127,-0.06287279129028356
6459,-8.6,-8.694958,0.09495773315429723
6463,-11.9,-11.5429735,-0.3570264816284183
6466,-4.5,-5.068825,0.5688247680664062
6475,-6.7,-6.3486576,-0.3513423919677736
6489,-8.9,-10.024397,1.1243968963623043
6492,-9.7,-9.555396,-0.14460391998290945
6499,-10.3,-10.623156,0.3231555938720696
6505,-10.6,-10.907184,0.3071836471557621
6508,-6.1,-5.965161,-0.13483915328979457
6510,-11.48,-11.2290125,-0.25098751068115277
6517,-10.9,-10.232233,-0.6677669525146488
6520,-6.4,-6.6347623,0.23476228713989222
6521,-8.5,-8.130751,-0.3692493438720703
6531,-8.5,-8.141611,-0.35838890075683594
6545,-4.7,-4.9386044,0.23860435485839826
6553,-8.7,-9.144572,0.4445722579956062
6556,-10.8,-11.175335,0.37533493041992116
6561,-8.8,-9.532266,0.732265663146972
6567,-9.4,-9.230239,-0.16976108551025426
6572,-5.2,-5.407866,0.2078660011291502
6577,-11.51,-11.74199,0.23199008941650412
6578,-11.1,-11.232326,0.13232555389404332
6584,-6.8,-8.147451,1.3474514007568361
6594,-7.3,-7.518986,0.218986225128174
6595,-9.0,-8.217183,-0.7828168869018555
6601,-7.4,-8.029595,0.6295953750610348
6606,-8.861,-8.979222,0.11822229766845638
6613,-8.7,-9.151616,0.45161609649658274
6615,-9.6,-9.095696,-0.5043035507202145
6621,-7.8,-7.37314,-0.4268601417541502
6622,-9.8,-9.743876,-0.05612354278564524
6624,-9.0,-8.872275,-0.12772464752197266
6631,-9.2,-9.301167,0.10116653442382884
6657,-8.2,-8.6946945,0.49469451904296946
6658,-9.2,-9.714478,0.5144775390625007
6660,-8.8,-8.909254,0.10925407409667898
6663,-10.4,-9.909599,-0.4904006958007816
6669,-7.1,-7.206073,0.10607280731201207
6670,-5.7,-5.59799,-0.10200996398925799
6676,-8.1,-8.40253,0.3025297164916996
6682,-6.9,-6.6559024,-0.24409761428833043
6699,-9.1,-8.6852,-0.4148002624511715
6705,-12.9,-11.548713,-1.3512872695922855
6711,-9.5,-9.308111,-0.19188880920410156
6713,-7.7,-7.4778214,-0.22217864990234393
6715,-8.5,-8.012199,-0.48780059814453125
6717,-7.8,-7.8631806,0.06318063735961932
6724,-5.6,-5.644809,0.044808769226074574
6729,-8.0,-8.467098,0.4670982360839844
6733,-6.9,-7.4139256,0.5139256477355953
6734,-7.6,-8.165197,0.5651973724365238
6740,-7.9,-8.888113,0.9881130218505856
6742,-9.7,-9.412859,-0.287141036987304
6750,-10.9,-10.665223,-0.23477687835693395
6753,-9.951,-10.52686,0.5758602371215815
6754,-8.1,-8.605361,0.5053609848022464
6755,-8.8,-9.412028,0.6120283126831048
6758,-7.8,-8.29788,0.49788017272949237
6759,-10.0,-8.981516,-1.018484115600586
6760,-11.2,-11.268176,0.06817607879638743
6762,-9.5,-8.615075,-0.8849248886108398
6765,-8.3,-8.562756,0.26275558471679616
6768,-6.0,-5.327061,-0.6729388236999512
6769,-8.5,-9.109576,0.6095762252807617
6774,-8.2,-8.755973,0.555972862243653
6778,-7.9,-8.415968,0.5159679412841793
6779,-8.177,-8.63165,0.4546499710083012
6790,-8.7,-9.186393,0.48639278411865305
6803,-8.5,-9.217328,0.7173280715942383
6804,-6.8,-7.2746572,0.47465724945068377
6805,-6.9,-7.220332,0.3203321456909176
6814,-10.5,-9.859698,-0.6403017044067383
6821,-9.0,-9.038079,0.038079261779785156
6824,-8.6,-9.425281,0.8252805709838871
6826,-8.6,-9.268367,0.6683668136596683
6827,-8.3,-8.121093,-0.17890720367431712
6829,-5.5,-6.429766,0.9297661781311035
6838,-8.7,-8.338029,-0.3619710922241204
6839,-9.1,-8.21447,-0.8855300903320309
6840,-11.8,-11.306873,-0.4931266784667976
6843,-7.2,-7.2939177,0.09391765594482404
6845,-11.4,-10.829562,-0.5704378128051761
6848,-9.3,-8.55318,-0.746820259094239
6856,-9.2,-9.600189,0.4001892089843757
6860,-9.6,-9.159734,-0.4402662277221676
6861,-8.6,-8.404276,-0.19572410583496058
6870,-8.4,-7.88096,-0.5190400123596195
6875,-9.8,-9.498029,-0.30197124481201243
6876,-9.2,-9.237706,0.03770618438720774
6885,-10.2,-10.678114,0.4781139373779304
6903,-9.5,-9.098092,-0.40190792083740234
6906,-6.9,-7.619835,0.7198348999023434
6908,-9.464,-9.928567,0.46456693267822224
6912,-11.5,-10.504643,-0.995356559753418
6914,-9.1,-8.640864,-0.4591356277465817
6916,-9.7,-8.860855,-0.8391448974609368
6926,-7.2,-6.9051986,-0.29480142593383807
6930,-11.42,-9.915066,-1.5049342346191406
6931,-8.7,-9.222201,0.5222013473510749
6933,-8.7,-9.405933,0.7059333801269538
6934,-9.3,-8.930126,-0.36987380981445384
6948,-10.5,-9.695438,-0.8045616149902344
6950,-10.1,-10.107322,0.007321739196777699
6951,-9.7,-9.584858,-0.11514205932617116
6955,-12.1,-11.504243,-0.5957571029663082
6957,-5.3,-5.5943294,0.294329357147217
6962,-6.7,-6.5915623,-0.10843772888183612
6964,-9.1,-10.121466,1.0214656829833988
6982,-8.5,-8.457155,-0.04284477233886719
6984,-10.5,-10.335866,-0.16413402557373047
6987,-7.5,-7.3971367,-0.10286331176757812
6994,-11.0,-9.531423,-1.4685773849487305
6997,-8.2,-8.500064,0.30006389617919993
7012,-7.297,-7.3572197,0.060219696044922166
7013,-10.0,-10.038536,0.03853607177734375
7017,-7.0,-6.803251,-0.19674921035766602
7018,-8.1,-7.8326826,-0.2673173904418942
7021,-7.7,-7.6920133,-0.0079867362976076
7023,-11.2,-11.160078,-0.0399219512939446
7028,-9.6,-8.749494,-0.8505064010620114
7036,-6.6,-7.243215,0.6432150840759281
7040,-7.9,-8.394244,0.49424419403076136
7047,-11.0,-11.177727,0.17772674560546875
7049,-5.4,-5.727751,0.32775077819824183
7050,-9.2,-9.132522,-0.0674783706665032
7066,-11.4,-10.868179,-0.5318206787109379
7067,-6.8,-7.161774,0.3617741584777834
7070,-10.6,-9.345859,-1.2541414260864254
7076,-11.2,-11.448487,0.24848728179931712
7077,-8.8,-11.439581,2.6395809173583977
7082,-8.1,-7.9754796,-0.12452039718627894
7093,-10.9,-10.233237,-0.666762733459473
7104,-9.4,-10.020573,0.6205726623535153
7107,-7.2,-8.3936,1.1936004638671873
7111,-7.3,-6.647162,-0.6528380393981932
7113,-9.5,-9.285383,-0.2146167755126953
7118,-5.2,-5.311403,0.11140279769897443
7120,-8.6,-8.715771,0.11577072143554723
7143,-8.8,-9.677187,0.8771869659423821
7169,-10.5,-9.858822,-0.6411781311035156
7173,-9.3,-8.999757,-0.3002431869506843
7194,-9.446,-8.949643,-0.49635686492919895
7197,-6.9,-7.2021084,0.3021083831787106
7202,-8.718,-9.482552,0.7645515747070313
7211,-10.2,-9.787548,-0.4124519348144524
7212,-8.9,-8.843518,-0.056481742858887074
7216,-11.1,-11.432736,0.33273639678955114
7220,-11.3,-11.346755,0.04675502777099538
7228,-4.5,-4.4019084,-0.09809160232543945
7229,-9.4,-9.211005,-0.1889947891235355
7231,-11.1,-11.012817,-0.08718261718749964
7251,-8.2,-8.27931,0.0793102264404304
7255,-5.0,-5.4470654,0.4470653533935547
7260,-9.0,-8.998075,-0.0019254684448242188
7273,-11.68,-11.289525,-0.3904749679565427
7276,-8.2,-8.09589,-0.10410995483398366
7277,-8.0,-8.206937,0.20693683624267578
7278,-10.9,-10.373598,-0.5264019012451175
7279,-6.3,-6.115841,-0.18415908813476545
7284,-9.3,-9.125029,-0.17497138977050852
7286,-9.4,-10.294722,0.8947216033935543
7289,-9.4,-10.150796,0.7507959365844723
7297,-10.0,-9.470552,-0.5294475555419922
7309,-6.5,-6.4488287,-0.051171302795410156
7317,-7.6,-8.7327795,1.1327795028686527
7324,-10.4,-10.772056,0.372055625915527
7328,-8.7,-7.928,-0.7720000267028801
7337,-8.9,-9.02241,0.12241039276123011
7342,-6.6,-7.655231,1.0552309989929203
7346,-8.6,-8.737791,0.13779106140136754
7348,-11.9,-11.18213,-0.717870140075684
7367,-10.0,-9.580755,-0.41924476623535156
7370,-8.5,-8.550963,0.050963401794433594
7383,-10.1,-10.208098,0.10809841156005895
7386,-9.2,-8.597954,-0.6020462036132805
7387,-9.4,-8.164955,-1.235044860839844
7388,-9.5,-9.956241,0.4562406539916992
7411,-11.8,-10.69992,-1.1000802993774421
7422,-8.2,-8.935521,0.7355211257934577
7428,-8.8,-8.91151,0.11151046752929616
7438,-8.6,-9.017478,0.4174779891967777
7440,-6.0,-6.8954515,0.895451545715332
7441,-8.9,-8.543894,-0.3561061859130863
7442,-12.3,-11.9781275,-0.32187252044677805
7443,-8.9,-9.355334,0.45533428192138636
7444,-10.1,-9.488378,-0.6116224288940426
7454,-9.4,-9.96707,0.5670696258544918
7458,-10.2,-9.127259,-1.0727407455444329
7464,-8.8,-8.889951,0.08995075225830007
7471,-8.516,-8.155046,-0.3609535369873047
7472,-11.3,-10.418093,-0.8819072723388679
7474,-9.2,-8.798234,-0.4017660140991204
7481,-8.6,-7.745984,-0.8540159225463864
7487,-7.4,-7.08336,-0.31663980484008825
7495,-6.1,-7.0769124,0.9769124031066898
7499,-9.9,-10.266662,0.36666164398193324
7501,-8.5,-9.69637,1.1963701248168945
7502,-11.04,-10.985042,-0.05495838165283118
7507,-8.3,-8.16163,-0.13837032318115305
7514,-10.96,-10.309687,-0.6503133392333993
7515,-10.2,-10.038525,-0.16147537231445241
7516,-9.5,-10.038771,0.5387706756591797
7522,-7.7,-8.309143,0.6091430664062498
7523,-9.8,-9.286917,-0.5130832672119148
7525,-11.53,-11.43155,-0.09844997406005795
7529,-12.03,-10.801611,-1.228389053344726
7532,-9.6,-9.613636,0.01363601684570348
7536,-8.082,-8.242674,0.16067387390136645
7538,-10.9,-10.794464,-0.10553588867187536
7542,-6.9,-6.8393965,-0.060603523254394887
7556,-9.4,-9.051905,-0.3480953216552738
7563,-9.3,-9.825563,0.5255634307861321
7566,-10.6,-10.660557,0.06055679321289098
7579,-8.7,-8.652139,-0.04786128997802663
7581,-9.7,-9.702604,0.002604293823242898
7582,-9.5,-10.054342,0.5543422698974609
7588,-8.4,-7.7060885,-0.6939114570617679
7589,-9.8,-10.208691,0.40869064331054616
7591,-9.1,-10.236471,1.1364711761474613
7599,-10.4,-9.634344,-0.7656558990478519
7613,-9.7,-9.90316,0.20316009521484446
7615,-10.0,-10.099895,0.09989452362060547
7620,-7.4,-7.7317305,0.3317304611206051
7626,-9.0,-8.404652,-0.5953483581542969
7627,-8.9,-8.305615,-0.5943845748901371
7635,-9.473,-9.71202,0.23901992034912034
7636,-8.8,-9.230016,0.4300157546997063
7639,-9.8,-9.949405,0.1494047164916985
7642,-12.24,-11.38244,-0.8575603866577151
7644,-10.55,-10.44371,-0.10628967285156321
7647,-8.2,-8.534564,0.33456401824951243
7654,-9.3,-9.255591,-0.04440860748291087
7655,-9.7,-10.340774,0.6407735824584968
7658,-11.2,-10.496085,-0.703914833068847
7660,-9.2,-9.440034,0.24003391265869212
7663,-9.1,-8.549434,-0.5505662918090817
7664,-8.6,-8.641176,0.04117622375488317
7666,-11.6,-12.223464,0.6234640121459964
7672,-9.0,-8.988436,-0.011564254760742188
7680,-11.9,-12.63185,0.7318502426147457
7685,-10.5,-10.168603,-0.33139705657958984
7696,-9.7,-9.406733,-0.2932674407958977
7698,-9.0,-9.038526,0.03852558135986328
7717,-9.016,-9.347562,0.33156183624267577
7728,-8.7,-8.29494,-0.40506000518798757
7729,-10.1,-9.970658,-0.12934169769287074
7733,-9.0,-9.419428,0.41942787170410156
7737,-11.2,-11.085964,-0.11403579711913991
7739,-9.4,-9.673459,0.2734590530395504
7743,-9.5,-9.116531,-0.3834686279296875
7745,-11.1,-10.352791,-0.7472091674804684
7750,-9.9,-9.552441,-0.3475593566894535
7752,-11.2,-10.548087,-0.651912879943847
7755,-7.9,-7.83174,-0.06826009750366246
7756,-11.1,-10.446344,-0.6536556243896481
7766,-7.6,-8.143083,0.5430826187133793
7795,-8.3,-8.261837,-0.038162994384766336
7802,-10.9,-10.553675,-0.3463253021240238
7803,-9.8,-9.66708,-0.13292007446289134
7814,-9.6,-9.030674,-0.569326019287109
7816,-9.4,-9.448919,0.04891929626464808
7817,-7.8,-8.277115,0.4771148681640627
7821,-7.0,-7.6772447,0.6772446632385254
7824,-7.2,-7.6424046,0.4424045562744139
7829,-11.1,-11.175229,0.07522907257080114
7838,-8.6,-8.352303,-0.2476974487304684
7841,-8.6,-9.271194,0.6711944580078129
7845,-8.8,-8.606204,-0.1937959671020515
7847,-11.8,-11.37751,-0.42248992919921946
7859,-11.4,-10.943957,-0.45604267120361364
7864,-8.482,-8.620576,0.1385759048461921
7868,-9.9,-9.443253,-0.45674743652343786
7874,-8.6,-8.657794,0.057793998718262074
7881,-8.9,-9.200049,0.3000494003295895
7893,-9.3,-9.064626,-0.23537425994873118
7895,-10.67,-10.763207,0.09320743560791023
7905,-8.4,-8.948108,0.5481077194213864
7908,-12.2,-11.507813,-0.6921865463256829
7915,-11.2,-10.931638,-0.2683622360229485
7917,-7.2,-8.412095,1.2120950698852537
7918,-6.8,-6.877153,0.07715291976928729
7926,-12.1,-11.197222,-0.9027782440185543
7930,-8.4,-8.914949,0.5149494171142575
7944,-6.617,-6.245958,-0.3710421485900879
7946,-7.6,-9.0239105,1.4239105224609379
7954,-9.312,-9.524954,0.21295384216308655
7955,-8.4,-8.597571,0.1975713729858395
7966,-12.3,-10.185934,-2.1140659332275398
7968,-7.8,-7.642022,-0.15797786712646467
7972,-10.4,-11.698043,1.2980428695678707
7978,-9.2,-8.71755,-0.48244972229003835
7983,-9.9,-9.82115,-0.07885017395019567
7990,-8.6,-8.870243,0.270243072509766
7998,-9.5,-8.754771,-0.7452287673950195
8011,-8.1,-8.535932,0.43593158721923864
8015,-8.9,-8.384494,-0.5155061721801761
8018,-10.4,-10.153901,-0.24609889984130895
8019,-7.6,-8.803732,1.2037319183349613
8026,-11.3,-10.335831,-0.9641693115234382
8028,-12.1,-9.735748,-2.3642517089843746
8031,-8.774,-8.431003,-0.3429973831176749
8035,-9.4,-9.15774,-0.2422603607177738
8045,-10.2,-10.895554,0.6955535888671882
8047,-10.1,-9.849987,-0.25001296997070277
8072,-9.3,-9.424032,0.12403221130371023
8075,-8.3,-8.366725,0.06672496795654226
8077,-8.6,-8.724098,0.1240982055664066
8092,-10.5,-10.069133,-0.43086719512939453
8099,-8.5,-8.645719,0.14571857452392578
8104,-6.6,-6.327754,-0.2722459793090817
8107,-9.9,-10.496617,0.5966173171997067
8108,-6.9,-6.60776,-0.29224004745483434
8111,-7.4,-7.6812654,0.2812653541564938
8115,-11.4,-10.422688,-0.9773124694824222
8117,-6.6,-7.497626,0.897625827789307
8126,-5.9,-5.89747,-0.002530002593994496
8127,-9.3,-9.232034,-0.06796627044677805
8131,-8.1,-8.050663,-0.04933700561523402
8134,-10.8,-10.292132,-0.507867622375489
8136,-9.0,-9.366899,0.3668985366821289
8143,-7.5,-7.5587897,0.058789730072021484
8147,-9.3,-9.307942,0.00794239044189382
8148,-9.4,-9.288899,-0.11110057830810582
8149,-9.1,-9.527802,0.42780246734619176
8159,-8.8,-8.914593,0.11459274291992116
8171,-10.44,-10.512454,0.07245403289794972
8184,-9.9,-9.703261,-0.19673862457275426
8198,-8.9,-8.4894495,-0.4105504989624027
8203,-9.5,-9.611734,0.11173439025878906
8216,-8.7,-9.33375,0.6337497711181648
8217,-10.5,-9.7164345,-0.7835655212402344
8225,-11.2,-11.158343,-0.04165668487548757
8231,-11.6,-10.647071,-0.9529291152954098
8247,-10.8,-10.195577,-0.6044233322143562
8249,-7.7,-8.51845,0.8184497833251951
8254,-11.4,-11.315561,-0.08443870544433629
8255,-10.3,-11.255181,0.9551813125610344
8256,-9.0,-9.392404,0.39240360260009766
8260,-8.2,-8.631263,0.43126277923584055
8261,-11.0,-9.772713,-1.2272872924804688
8262,-9.677,-10.010799,0.3337994079589848
8263,-8.7,-8.945518,0.24551753997802805
8274,-7.8,-8.540657,0.7406570434570314
8280,-10.6,-10.57401,-0.025990104675292613
8281,-12.4,-11.82824,-0.5717596054077152
8285,-10.4,-9.485868,-0.9141315460205082
8289,-11.9,-11.192549,-0.7074512481689457
8296,-9.9,-9.992847,0.09284744262695277
8299,-10.8,-11.186901,0.38690109252929616
8314,-12.0,-11.809757,-0.19024276733398438
8328,-8.6,-8.762397,0.1623968124389652
8341,-12.8,-11.528679,-1.271321105957032
8344,-9.7,-10.881693,1.1816928863525398
8345,-7.8,-7.401114,-0.3988860130310057
8347,-8.2,-7.4406915,-0.7593085289001458
8353,-8.8,-8.655939,-0.14406089782714915
8355,-7.4,-7.7104516,0.31045160293579066
8360,-7.0,-6.8692527,-0.13074731826782227
8370,-8.8,-9.408041,0.6080410003662102
8373,-9.4,-10.1960745,0.7960744857788082
8376,-9.8,-9.1701975,-0.6298025131225593
8385,-11.8,-11.149102,-0.6508977890014656
8390,-7.5,-9.125544,1.6255435943603516
8391,-9.6,-10.761827,1.1618274688720707
8394,-6.8,-6.6501684,-0.14983158111572248
8396,-5.9,-5.679007,-0.22099294662475621
8399,-6.8,-6.7850323,-0.014967727661132635
8400,-4.8,-5.1491513,0.34915132522583026
8402,-9.1,-9.63158,0.5315803527832035
8408,-13.1,-12.145,-0.9549995422363278
8416,-9.0,-9.064018,0.06401824951171875
8419,-8.3,-8.1741495,-0.1258504867553718
8420,-7.8,-8.03169,0.23168964385986346
8423,-8.0,-8.934601,0.934600830078125
8424,-10.0,-9.446365,-0.5536346435546875
8430,-7.7,-8.748287,1.0482872009277342
8446,-8.0,-8.189356,0.18935585021972656
8450,-9.2,-9.328607,0.12860660552978587
8459,-6.1,-6.8163857,0.7163857460021976
8466,-11.5,-10.583812,-0.9161882400512695
8469,-9.8,-9.881599,0.08159942626953054
8471,-11.0,-10.728023,-0.27197742462158203
8482,-10.4,-9.205428,-1.1945718765258793
8489,-7.3,-7.116399,-0.1836011886596678
8491,-9.0,-8.885666,-0.1143341064453125
8492,-10.4,-9.234218,-1.1657823562622074
8510,-10.7,-9.347638,-1.352361869812011
8515,-6.8,-6.8225784,0.022578430175781428
8518,-9.1,-8.824992,-0.2750078201293942
8520,-5.7,-5.7474365,0.04743652343749982
8523,-6.9,-6.893736,-0.006264114379883168
8531,-7.3,-7.945185,0.6451851844787599
8537,-9.4,-8.794991,-0.6050094604492191
8538,-10.1,-8.796044,-1.3039556503295895
8558,-9.4,-9.465568,0.06556758880615199
8565,-8.5,-8.758073,0.2580728530883789
8572,-9.7,-9.655374,-0.04462642669677663
8573,-9.6,-9.841115,0.2411149978637699
8578,-13.0,-12.785338,-0.2146615982055664
8579,-9.2,-8.803434,-0.3965656280517571
8581,-7.4,-7.8087463,0.40874633789062464
8584,-10.9,-10.579433,-0.320566558837891
8588,-10.6,-9.862012,-0.7379880905151364
8589,-11.5,-11.687171,0.18717098236083984
8603,-8.3,-7.663321,-0.6366789817810066
8611,-7.5,-7.677318,0.17731809616088867
8621,-6.8,-6.9178886,0.11788864135742205
8624,-9.4,-9.980543,0.5805431365966793
8627,-7.0,-7.687174,0.6871738433837891
8631,-9.5,-9.473702,-0.026297569274902344
8639,-12.0,-11.717441,-0.2825593948364258
8655,-9.697,-9.655148,-0.0418524475097648
8657,-11.5,-10.773933,-0.7260665893554688
8660,-8.9,-8.602473,-0.2975267410278324
8663,-9.3,-9.154088,-0.14591197967529368
8664,-7.7,-9.254733,1.554733085632324
8674,-10.3,-9.754059,-0.5459411621093757
8675,-8.5,-8.875104,0.3751039505004883
8677,-9.8,-10.216716,0.41671581268310476
8681,-8.9,-8.426275,-0.4737247467041019
8682,-8.5,-8.811771,0.3117713928222656
8686,-8.6,-10.2852545,1.6852544784545902
8692,-9.9,-9.557293,-0.3427070617675785
8694,-9.1,-9.626377,0.526377105712891
8709,-7.3,-6.769964,-0.5300357818603514
8735,-11.1,-9.681676,-1.4183240890502926
8740,-10.3,-10.733227,0.43322677612304616
8742,-5.6,-5.731017,0.13101711273193395
8744,-11.0,-10.140625,-0.859375
8756,-10.2,-9.808124,-0.39187641143798757
8757,-8.1,-8.4088955,0.3088954925537113
8758,-7.5,-7.6271253,0.12712526321411133
8759,-7.4,-7.045881,-0.35411920547485387
8761,-11.3,-11.026999,-0.27300052642822337
8769,-9.6,-9.426597,-0.1734033584594723
8778,-8.758,-8.07446,-0.6835399703979483
8786,-10.7,-11.52683,0.8268297195434577
8793,-9.0,-8.343119,-0.6568813323974609
8796,-9.82,-9.294572,-0.5254281234741214
8797,-8.6,-10.784494,2.1844944000244144
8799,-9.2,-8.93648,-0.263520431518554
8802,-9.3,-9.89089,0.5908901214599602
8810,-9.6,-9.780376,0.18037643432617223
8813,-10.5,-10.007789,-0.49221134185791016
8819,-8.3,-8.776202,0.476202201843261
8827,-10.1,-9.647763,-0.45223674774169886
8830,-11.2,-10.67552,-0.5244800567626946
8834,-7.7,-8.239307,0.539307403564453
8836,-8.5,-8.450417,-0.04958343505859375
8842,-7.4,-7.9642224,0.564222431182861
8844,-9.5,-9.559111,0.05911064147949219
8846,-11.7,-10.464549,-1.2354509353637688
8850,-6.806,-7.097946,0.29194616699218745
8851,-7.2,-7.32001,0.12001018524169904
8861,-11.3,-10.565051,-0.734948921203614
8862,-9.2,-8.757411,-0.4425889968872063
8866,-8.7,-9.376479,0.6764791488647468
8868,-7.5,-7.327443,-0.17255687713623047
8871,-8.8,-8.87997,0.07996959686279226
8873,-8.3,-9.363477,1.0634767532348626
8877,-8.9,-8.093226,-0.8067735671997074
8881,-8.8,-8.667167,-0.13283329010009837
8883,-8.5,-10.058577,1.5585765838623047
8887,-9.0,-8.808194,-0.19180583953857422
8888,-8.1,-8.83727,0.7372697830200199
8890,-7.3,-7.3646336,0.06463356018066424
8897,-9.7,-10.286299,0.5862987518310554
8910,-8.3,-10.103982,1.803981971740722
8911,-7.2,-7.980024,0.7800238609313963
8912,-11.3,-10.274788,-1.0252120971679695
8916,-10.0,-9.245353,-0.7546472549438477
8919,-7.2,-7.481998,0.28199796676635724
8934,-9.191,-9.160487,-0.030512825012207756
8937,-9.0,-8.632603,-0.3673973083496094
8943,-11.1,-11.137295,0.03729476928710973
8944,-10.8,-10.400872,-0.39912776947021555
8952,-9.6,-9.356682,-0.2433181762695309
8955,-10.0,-9.349573,-0.6504268646240234
8956,-10.1,-11.270794,1.1707939147949222
8957,-9.7,-9.024191,-0.6758090972900384
8963,-9.8,-10.657153,0.857153129577636
8970,-9.358,-9.419271,0.0612714691162104
8971,-9.411,-9.571019,0.16001917266845744
8974,-10.0,-9.767069,-0.23293113708496094
8975,-10.5,-10.019976,-0.4800243377685547
8988,-6.8,-6.4127154,-0.38728456497192365
8990,-9.6,-9.619134,0.01913394927978551
8993,-10.0,-10.405191,0.40519142150878906
8995,-6.6,-6.4086533,-0.1913467407226559
8998,-9.1,-8.002609,-1.0973907470703121
9000,-9.874,-10.597821,0.7238212356567377
9010,-8.953,-8.073148,-0.8798522262573236
9014,-8.795,-8.494497,-0.300502700805664
9015,-8.1,-9.065811,0.9658111572265629
9029,-9.1,-9.166399,0.06639900207519567
9032,-9.1,-8.53737,-0.5626302719116207
9033,-12.1,-11.456672,-0.6433282852172848
9036,-7.3,-7.467482,0.16748208999633807
9050,-8.8,-8.984447,0.18444652557372976
9056,-7.7,-8.643698,0.9436977386474608
9069,-5.5,-5.5637994,0.06379938125610352
9085,-7.6,-7.4346323,-0.16536769866943324
9097,-10.6,-10.27406,-0.32593975067138636
9099,-7.7,-7.9558516,0.2558515548706053
9102,-8.7,-8.642556,-0.05744380950927663
9113,-10.3,-9.295684,-1.0043161392211921
9115,-10.1,-9.699183,-0.4008165359497067
9117,-6.4,-6.257753,-0.14224710464477575
9120,-8.4,-8.405444,0.0054441452026363635
9125,-9.7,-10.199856,0.4998558044433601
9128,-4.693,-4.7571993,0.06419928741455116
9134,-10.5,-9.951913,-0.5480871200561523
9145,-9.1,-9.792609,0.6926092147827152
9147,-10.7,-10.81194,0.11194019317627024
9156,-8.828,-9.771802,0.9438019485473639
9176,-8.9,-8.172413,-0.7275871276855472
9178,-7.9,-8.272685,0.3726850509643551
9185,-8.2,-8.077212,-0.12278766632080007
9190,-7.6,-7.368915,-0.23108491897582972
9193,-11.6,-11.302647,-0.297353363037109
9195,-9.6,-9.265682,-0.33431777954101527
9201,-8.3,-9.117887,0.8178865432739251
9205,-6.5,-5.893959,-0.6060409545898438
9209,-7.8,-8.097574,0.29757423400878924
9214,-9.7,-9.868761,0.16876106262207102
9216,-6.6,-7.0372596,0.43725957870483434
9219,-8.9,-8.877566,-0.022433662414551137
9226,-6.0,-6.2286487,0.22864866256713867
9230,-9.9,-9.819586,-0.08041419982910192
9236,-9.6,-10.0166235,0.4166234970092777
9238,-10.0,-9.84478,-0.15522003173828125
9239,-7.5,-8.311018,0.8110179901123047
9246,-9.4,-9.681623,0.28162345886230433
9247,-10.8,-9.919714,-0.8802860260009773
9259,-5.8,-5.5986505,-0.2013495445251463
9263,-10.2,-9.580442,-0.6195575714111321
9270,-7.5,-8.5409565,1.0409564971923828
9279,-10.2,-9.841137,-0.3588630676269524
9283,-9.1,-8.961767,-0.1382328033447262
9289,-9.3,-8.931471,-0.368529129028321
9295,-9.2,-9.66269,0.4626901626586921
9300,-10.4,-8.8356495,-1.564350509643555
9301,-10.0,-9.4124155,-0.5875844955444336
9304,-7.8,-8.115434,0.3154336929321291
9305,-11.3,-10.949369,-0.3506305694580085
9312,-6.9,-7.093929,0.19392881393432582
9316,-9.6,-9.948553,0.3485530853271488
9317,-12.5,-11.479245,-1.0207548141479492
9320,-9.0,-9.749052,0.7490520477294922
9325,-8.6,-10.251045,1.6510452270507816
9330,-9.2,-9.038727,-0.1612731933593743
9346,-8.1,-8.594863,0.49486293792724645
9363,-7.858,-8.231098,0.3730981750488285
9365,-11.6,-10.807258,-0.7927423477172848
9380,-8.963,-9.432489,0.4694893951416024
9384,-5.4,-5.6060615,0.20606145858764613
9387,-8.0,-8.406526,0.4065256118774414
9391,-8.8,-9.368045,0.5680448532104485
9403,-8.5,-8.154687,-0.34531307220458984
9408,-8.3,-8.141066,-0.15893440246582102
9410,-10.8,-10.754495,-0.045505332946778054
9414,-5.9,-5.386,-0.5139998435974125
9418,-6.9,-6.8461065,-0.05389347076416051
9419,-9.5,-9.230487,-0.2695131301879883
9424,-10.1,-10.410429,0.31042900085449254
9431,-11.0,-10.858962,-0.1410379409790039
9445,-6.2,-6.6400404,0.4400403976440428
9449,-12.4,-12.453269,0.05326900482177699
9451,-9.7,-9.796173,0.09617309570312571
9485,-11.0,-11.283128,0.2831277847290039
9487,-6.8,-6.752538,-0.04746179580688459
9488,-9.3,-9.805476,0.5054761886596673
9493,-10.6,-11.066246,0.4662460327148441
9494,-9.8,-10.95863,1.1586296081542962
9497,-10.02,-10.084267,0.06426666259765668
9507,-9.6,-9.198954,-0.4010463714599606
9514,-7.3,-7.5939627,0.29396266937255877
9515,-7.871,-7.330238,-0.5407621345520024
9528,-11.1,-10.674474,-0.4255262374877926
9531,-8.2,-8.034265,-0.16573543548583913
9535,-9.436,-9.172134,-0.26386560058593744
9538,-6.8,-6.755079,-0.04492120742797834
9543,-7.3,-7.398086,0.09808607101440447
9553,-11.1,-11.098211,-0.0017887115478512072
9554,-11.44,-10.160043,-1.2799572372436518
9558,-7.5,-7.983199,0.4831991195678711
9560,-10.0,-10.060818,0.060817718505859375
9565,-9.5,-9.453265,-0.04673480987548828
9568,-10.3,-10.070884,-0.22911624908447337
9571,-11.4,-10.693905,-0.706095123291016
9581,-8.7,-9.175085,0.47508506774902415
9582,-8.718,-8.260729,-0.45727116394042966
9583,-9.8,-10.187645,0.38764495849609304
9589,-9.847,-9.919516,0.0725156097412114
9594,-9.6,-8.804428,-0.7955718994140621
9596,-9.3,-9.233193,-0.06680660247802805
9597,-10.9,-9.3929615,-1.507038497924805
9604,-10.3,-9.363592,-0.9364078521728523
9606,-9.0,-9.100883,0.10088253021240234
9607,-9.4,-9.2553215,-0.14467849731445348
9609,-7.5,-7.6634264,0.16342639923095703
9611,-5.3,-5.7091107,0.409110736846924
9614,-5.9,-5.795222,-0.10477819442749059
9616,-8.2,-8.874685,0.6746852874755866
9623,-7.0,-8.065647,1.0656471252441406
9625,-9.0,-8.80958,-0.19042015075683594
9626,-10.0,-10.874556,0.8745555877685547
9634,-5.5,-5.859702,0.35970211029052734
9644,-10.3,-10.988371,0.6883708953857415
9647,-9.8,-8.604238,-1.1957624435424812
9649,-7.5,-7.5462933,0.04629325866699219
9651,-8.0,-8.184739,0.1847391128540039
9656,-9.8,-9.487151,-0.3128488540649421
9657,-10.1,-9.566126,-0.5338741302490231
9665,-5.7,-5.794026,0.09402589797973615
9671,-8.4,-8.233475,-0.16652526855468786
9672,-8.1,-8.266444,0.16644420623779332
9679,-12.8,-11.280279,-1.5197208404541023
9688,-8.1,-7.6778493,-0.4221507072448727
9690,-8.6,-8.263104,-0.33689556121826136
9695,-8.3,-8.241351,-0.05864887237548899
9698,-6.2,-6.308199,0.10819892883300763
9701,-7.1,-8.305919,1.2059186935424808
9703,-12.2,-11.052071,-1.147929382324218
9704,-10.04,-9.18953,-0.8504696273803702
9714,-8.4,-9.139162,0.7391620635986325
9715,-9.049,-9.089761,0.04076078033447317
9718,-7.0,-7.436954,0.4369540214538574
9729,-6.6,-6.3995996,-0.20040044784545863
9731,-8.0,-7.865878,-0.13412189483642578
9735,-9.3,-9.229683,-0.07031707763671946
9740,-8.9,-8.338022,-0.5619777679443363
9743,-6.6,-6.479957,-0.1200428962707516
9745,-9.7,-10.628512,0.9285123825073249
9746,-8.9,-8.941649,0.04164943695068324
9751,-7.6,-8.399976,0.7999757766723636
9758,-4.6,-5.185765,0.5857647895812992
9764,-7.0,-7.657821,0.6578211784362793
9770,-9.6,-9.214723,-0.38527736663818324
9771,-9.5,-9.047156,-0.45284366607666016
9780,-10.49,-10.093747,-0.39625286102294943
9785,-9.5,-9.330265,-0.16973495483398438
9786,-10.4,-9.499394,-0.9006055831909183
9796,-7.947,-8.267284,0.3202843933105468
9800,-8.727,-9.314084,0.5870840530395505
9806,-8.6,-8.127673,-0.4723268508911129
9809,-5.2,-5.2746487,0.07464866638183576
9824,-8.9,-8.964671,0.06467113494873011
9837,-8.538,-8.671181,0.133180725097656
9838,-4.9,-4.8354464,-0.06455364227294957
9839,-9.3,-10.669878,1.3698780059814446
9840,-8.6,-8.724243,0.12424316406250036
9849,-7.6,-7.8682647,0.2682646751403812
9857,-8.5,-8.714842,0.2148418426513672
9859,-6.8,-6.7319374,-0.0680625915527342
9875,-8.4,-8.104239,-0.295760536193848
9876,-7.5,-8.074944,0.5749435424804688
9878,-8.7,-8.98478,0.28478031158447337
9880,-12.1,-11.882151,-0.21784934997558558
9891,-8.9,-8.989288,0.08928833007812464
9895,-10.31,-9.187578,-1.1224217987060552
9897,-9.7,-9.694844,-0.005155754089354758
9898,-9.7,-9.637185,-0.06281490325927663
9901,-11.3,-11.285274,-0.014726448059082742
9915,-7.9,-7.961559,0.06155881881713832
9917,-12.2,-11.540397,-0.659603309631347
9918,-11.9,-11.651201,-0.24879875183105504
9919,-8.0,-8.317064,0.3170642852783203
9921,-7.4,-7.600728,0.20072803497314418
9922,-8.7,-8.919542,0.21954231262207102
9931,-9.5,-8.895441,-0.6045589447021484
9932,-5.8,-6.672218,0.8722178459167482
9947,-8.1,-8.010273,-0.08972702026367152
9951,-9.7,-9.851118,0.1511180877685554
9955,-9.7,-9.550543,-0.14945716857910085
9958,-11.6,-10.726868,-0.8731323242187496
9965,-9.807,-9.859174,0.0521737747192379
9967,-9.1,-9.191723,0.09172286987304723
9968,-7.3,-7.892941,0.5929409980773928
9969,-9.4,-8.653324,-0.7466758728027347
10004,-5.8,-6.2139015,0.4139015197753908
10005,-5.7,-5.569422,-0.13057823181152362
10006,-7.8,-8.065583,0.2655832290649416
10007,-8.5,-8.319918,-0.1800823211669922
10012,-11.5,-10.71351,-0.7864904403686523
10013,-10.22,-10.473972,0.25397232055664
10017,-9.8,-9.103204,-0.6967962265014656
10025,-9.9,-9.454178,-0.44582214355468786
10030,-6.946,-7.446723,0.5007229843139651
10039,-10.8,-10.600757,-0.199243354797364
10041,-8.7,-8.841647,0.14164714813232493
10046,-10.2,-9.448663,-0.7513372421264641
10051,-9.1,-9.065236,-0.034763908386230113
10053,-8.3,-8.107007,-0.19299297332763743
10062,-9.4,-8.883843,-0.5161565780639652
10070,-7.2,-7.4225273,0.2225273132324217
10086,-8.0,-8.160683,0.16068267822265625
10092,-11.2,-11.266358,0.06635837554931712
10094,-5.8,-6.0239267,0.22392673492431658
10095,-5.4,-5.5154595,0.11545953750610316
10099,-8.3,-8.538583,0.23858280181884695
10101,-5.1,-5.341849,0.2418488502502445
10113,-11.15,-11.473887,0.3238874435424801
10115,-10.0,-10.057341,0.05734062194824219
10117,-6.9,-7.6841063,0.784106349945068
10135,-8.239,-7.9840703,-0.25492969894409256
10140,-7.8,-8.491155,0.6911546707153322
10142,-10.35,-10.433401,0.08340110778808629
10151,-8.2,-8.132714,-0.06728572845458913
10153,-10.4,-9.844233,-0.5557674407958988
10154,-10.3,-9.598254,-0.701745796203614
10159,-9.7,-9.77317,0.07317047119140696
10163,-9.0,-8.618222,-0.3817777633666992
10168,-10.7,-9.322719,-1.3772813796997063
10179,-9.6,-9.791069,0.1910690307617191
10180,-10.5,-11.667511,1.167510986328125
10187,-6.8,-8.494488,1.694487762451172
10190,-8.5,-8.722903,0.22290325164794922
10193,-8.4,-8.621692,0.22169170379638636
10196,-8.3,-8.639267,0.3392669677734368
10198,-9.288,-9.422599,0.1345988388061521
10199,-9.8,-10.514098,0.7140981674194329
10219,-7.4,-8.557327,1.1573272705078121
10221,-10.06,-10.143427,0.08342689514160107
10222,-9.3,-8.761619,-0.5383813858032234
10226,-7.0,-6.9988384,-0.0011615753173828125
10228,-9.3,-8.953406,-0.34659366607666087
10242,-7.2,-7.520811,0.320811080932617
10250,-7.1,-7.5058174,0.4058174133300785
10258,-8.7,-8.902486,0.20248584747314524
10260,-10.6,-9.623077,-0.9769226074218746
10271,-11.33,-11.187532,-0.14246757507324226
10272,-9.8,-10.241699,0.4416992187499993
10274,-7.4,-7.862834,0.4628339767456051
10276,-10.41,-10.373811,-0.036189231872558736
10279,-10.8,-10.427365,-0.37263469696044993
10282,-10.0,-8.970186,-1.0298137664794922
10283,-9.1,-9.269586,0.1695856094360355
10288,-7.9,-9.20971,1.3097101211547848
10290,-8.7,-8.938113,0.23811321258544993
10292,-11.8,-10.719187,-1.0808132171630866
10294,-8.8,-9.214891,0.4148914337158196
10299,-10.8,-11.516295,0.7162954330444329
10301,-8.1,-8.70448,0.6044801712036136
10306,-9.3,-8.528772,-0.7712276458740241
10309,-10.2,-10.070066,-0.1299335479736321
10312,-9.714,-9.739074,0.02507375335693318
10317,-12.2,-10.463424,-1.7365762710571282
10322,-10.8,-10.539266,-0.2607343673706062
10325,-9.1,-8.309179,-0.7908206939697262
10326,-10.6,-10.2659235,-0.3340764999389645
10327,-8.7,-9.014835,0.31483535766601634
10329,-8.5,-8.633064,0.13306427001953125
10334,-7.3,-7.007526,-0.2924740791320799
10335,-8.428,-10.203914,1.7759136886596671
10343,-8.7,-8.691048,-0.00895233154296804
10346,-8.8,-8.309194,-0.4908063888549812
10353,-8.5,-8.384374,-0.11562633514404297
10363,-8.6,-10.370767,1.770766639709473
10367,-9.1,-9.578616,0.4786161422729496
10369,-4.4,-4.4612355,0.0612355232238766
10379,-9.9,-10.242847,0.34284744262695277
10388,-8.4,-8.365412,-0.03458824157714879
10389,-5.8,-5.9650483,0.16504831314086932
10390,-9.7,-10.056098,0.35609798431396555
10392,-8.3,-8.17155,-0.12845020294189524
10395,-8.2,-7.8142667,-0.3857333183288567
10408,-10.3,-9.863581,-0.43641929626464915
10413,-7.8,-8.01436,0.2143604278564455
10414,-10.2,-10.535364,0.3353641510009773
10418,-10.4,-9.584811,-0.8151887893676761
10420,-8.0,-8.830117,0.8301172256469727
10423,-8.8,-8.075482,-0.7245176315307624
10427,-7.5,-7.397719,-0.10228109359741211
10430,-10.32,-9.324682,-0.9953177642822268
10432,-5.976,-5.760474,-0.21552579498291013
10440,-7.2,-7.012528,-0.18747205734252947
10441,-10.88,-10.331107,-0.5488928604125984
10447,-7.5,-8.127996,0.6279964447021484
10454,-8.7,-8.813948,0.1139476776123054
10459,-9.7,-9.496229,-0.2037708282470696
10463,-11.3,-9.764817,-1.5351827621459968
10466,-10.6,-10.493783,-0.10621700286865199
10468,-5.4,-5.8043947,0.4043947219848629
10471,-11.1,-10.397473,-0.7025266647338864
10473,-9.2,-9.136319,-0.06368083953857351
10479,-9.5,-9.525913,0.025913238525390625
10480,-9.31,-10.209393,0.8993925476074214
10496,-8.0,-8.513602,0.5136022567749023
10499,-9.7,-9.727206,0.02720623016357493
10501,-7.557,-7.3897424,-0.16725762557983437
10516,-7.8,-7.854936,0.05493612289428729
10522,-8.2,-8.149716,-0.05028362274169851
10540,-8.4,-8.898569,0.4985691070556637
10544,-8.7,-8.861718,0.16171817779541087
10546,-9.2,-8.078152,-1.12184829711914
10547,-10.71,-10.365338,-0.34466167449951257
10553,-8.9,-8.8834715,-0.016528511047363637
10558,-9.0,-8.919184,-0.08081626892089844
10588,-7.0,-8.320594,1.3205938339233398
10597,-10.0,-9.6238,-0.37619972229003906
10606,-9.6,-10.23784,0.6378396987915043
10609,-8.769,-9.921708,1.1527081069946288
10625,-11.1,-11.01535,-0.08464965820312464
10640,-8.016,-8.405185,0.3891847457885742
10641,-10.6,-11.453237,0.8532365798950199
10642,-9.5,-9.422042,-0.0779581069946289
10652,-8.461,-9.497882,1.0368818893432614
10669,-4.7,-4.7602434,0.060243415832519354
10680,-5.1,-5.178518,0.07851781845092809
10685,-8.1,-8.407561,0.30756130218505895
10687,-6.9,-7.502402,0.6024018287658688
10689,-8.3,-8.684622,0.3846218109130852
10690,-5.9,-6.937874,1.037873840332031
10692,-10.96,-10.598625,-0.3613748168945321
10700,-11.6,-10.551252,-1.048747634887695
10705,-9.6,-9.418429,-0.18157062530517543
10708,-8.5,-8.309094,-0.19090557098388672
10717,-9.6,-9.086626,-0.5133739471435543
10718,-9.8,-10.208097,0.4080974578857415
10719,-10.14,-10.150111,0.0101111984252924
10728,-7.6,-7.367691,-0.23230895996093714
10737,-8.711,-8.555505,-0.15549520111084014
10739,-9.5,-9.766795,0.26679515838623047
10747,-10.43,-11.328409,0.8984091949462893
10749,-9.4,-8.737585,-0.6624149322509769
10758,-8.4,-9.103765,0.7037645339965817
10764,-7.3,-8.224116,0.9241163253784181
10766,-9.9,-9.817407,-0.0825933456420902
10769,-8.6,-8.302942,-0.2970577239990231
10776,-7.7,-8.45183,0.7518299102783201
10786,-9.0,-9.103041,0.10304069519042969
10787,-5.9,-6.2160635,0.31606349945068324
10803,-8.3,-8.074615,-0.22538547515869212
10810,-8.3,-8.419999,0.1199991226196282
10812,-9.2,-9.667654,0.46765403747558665
10824,-7.0,-7.104804,0.10480403900146484
10826,-6.9,-6.9535127,0.053512668609618785
10832,-7.231,-6.9749165,-0.25608354187011706
10838,-9.2,-8.0561075,-1.1438924789428704
10840,-8.8,-8.638684,-0.16131572723388743
10843,-8.1,-7.6483946,-0.4516054153442379
10844,-7.9,-7.6864367,-0.21356334686279332
10864,-10.4,-10.035523,-0.36447658538818395
10869,-9.1,-9.206872,0.10687198638916051
10872,-10.1,-10.088709,-0.011291122436523082
10875,-11.7,-10.1427355,-1.5572645187377923
10883,-9.9,-9.892376,-0.00762405395507848
10884,-9.0,-9.001777,0.0017766952514648438
10887,-10.1,-10.191575,0.09157505035400426
10889,-9.9,-9.9103775,0.010377502441405895
10896,-9.5,-9.81504,0.31503963470458984
10902,-8.5,-8.943394,0.4433937072753906
10905,-9.552,-9.825937,0.27393727111816446
10907,-8.6,-8.627364,0.02736415863037145
10915,-10.8,-10.278631,-0.5213687896728523
10916,-8.7,-9.1580105,0.45801048278808665
10917,-8.3,-9.509405,1.2094051361083977
10926,-8.2,-8.360073,0.16007308959961009
10928,-9.6,-10.174937,0.5749372482299808
10929,-10.0,-10.424036,0.42403602600097656
10930,-6.108,-8.458248,2.3502481384277347
10933,-13.5,-12.487781,-1.0122194290161133
10941,-9.2,-10.018042,0.8180416107177741
10945,-7.4,-7.8625464,0.46254644393920863
10952,-9.909,-9.295332,-0.613668045043946
10954,-10.2,-9.697269,-0.5027305603027337
10967,-10.2,-10.367194,0.16719417572021555
10974,-6.5,-6.051693,-0.4483070373535156
10976,-10.1,-10.302848,0.2028478622436527
10978,-10.0,-9.217953,-0.7820472717285156
10980,-9.0,-8.704287,-0.2957134246826172
10983,-11.1,-10.668275,-0.43172512054443324
10987,-8.6,-8.772721,0.17272129058837926
10995,-6.3,-6.6768994,0.3768994331359865
10996,-9.0,-8.466548,-0.533452033996582
10998,-10.9,-10.573875,-0.3261245727539066
11004,-11.0,-11.064171,0.06417083740234375
11012,-7.3,-7.4275236,0.1275236129760744
11019,-6.8,-7.2484837,0.44848365783691424
11023,-8.5,-8.563674,0.0636739730834961
11025,-8.3,-8.404669,0.10466880798339773
11031,-7.9,-7.916429,0.016429042816161754
11040,-12.0,-10.750113,-1.249887466430664
11061,-9.3,-10.266384,0.9663841247558587
11062,-9.9,-10.109969,0.20996913909912074
11072,-10.4,-10.205499,-0.1945013046264652
11075,-9.5,-9.644852,0.1448516845703125
11082,-10.16,-10.01368,-0.14631954193115249
11085,-9.2,-9.869716,0.6697156906127937
11090,-6.5,-8.51175,2.0117502212524414
11092,-9.2,-8.981787,-0.21821327209472585
11093,-9.556,-8.939662,-0.6163380203247062
11095,-7.9,-7.953217,0.05321702957153285
11098,-6.426,-6.2116766,-0.2143234024047853
11106,-9.9,-9.947237,0.04723701477050746
11113,-10.0,-9.837278,-0.1627216339111328
11114,-9.4,-9.6333065,0.23330650329589808
11120,-7.3,-8.145685,0.8456851959228517
11132,-8.0,-8.362846,0.36284637451171875
11146,-10.8,-10.341023,-0.4589765548706062
11147,-7.8,-8.204723,0.40472335815429705
11152,-9.3,-10.388409,1.0884086608886712
11153,-4.7,-4.6796308,-0.02036924362182635
11155,-6.9,-6.776314,-0.1236862182617191
11159,-7.4,-7.5319757,0.1319757461547848
11161,-7.7,-8.502092,0.8020923614501951
11162,-9.6,-9.439205,-0.16079483032226527
11163,-9.7,-9.475333,-0.22466678619384695
11166,-10.3,-10.528375,0.22837467193603445
11168,-10.37,-9.745863,-0.6241370391845695
11173,-7.4,-7.5561113,0.15611133575439418
11177,-11.1,-10.64875,-0.4512496948242184
11178,-8.4,-7.987219,-0.4127811431884769
11179,-7.1,-7.0830917,-0.016908264160155895
11190,-8.8,-9.193993,0.39399261474609304
11201,-10.7,-10.501129,-0.1988708496093743
11210,-9.9,-9.540701,-0.3592990875244144
11214,-8.2,-7.5635366,-0.6364633560180657
11220,-7.4,-7.9825687,0.5825687408447262
11222,-8.6,-8.856186,0.25618591308593786
11227,-7.911,-7.27674,-0.6342599258422847
11234,-9.5,-9.828575,0.32857513427734375
11235,-7.1,-8.078508,0.9785083770751957
11239,-7.7,-8.957711,1.2577112197875975
11241,-9.8,-9.406594,-0.39340572357177805
11242,-10.08,-9.62122,-0.45878036499023445
11244,-10.98,-11.043823,0.06382324218749957
11247,-8.5,-8.858062,0.3580617904663086
11252,-11.0,-10.820125,-0.17987537384033203
11263,-9.4,-9.577432,0.1774316787719723
11268,-10.9,-11.084312,0.1843124389648434
11287,-10.6,-9.9740715,-0.6259284973144528
11288,-7.3,-7.967796,0.6677958488464357
11294,-5.6,-5.9614453,0.3614453315734867
11304,-8.7,-7.938286,-0.7617141723632805
11311,-10.0,-10.060651,0.06065082550048828
11312,-8.5,-9.248862,0.7488622665405273
11314,-5.4,-6.1689405,0.7689405441284176
11318,-9.1,-8.501297,-0.5987030029296871
11319,-10.7,-10.239728,-0.460272026062011
11321,-8.2,-8.497595,0.29759483337402415
11325,-9.6,-9.726894,0.12689437866210973
11329,-7.8,-8.081738,0.28173847198486346
11341,-8.9,-8.8983555,-0.0016445159912112928
11351,-8.4,-8.753835,0.3538347244262692
11352,-9.2,-9.356163,0.15616302490234446
11357,-10.0,-9.792909,-0.2070913314819336
