cluster,medoid_identifier,distance_to_centroid
0,CNP0548577.0,0.04622883436625942
1,CNP0510391.1,0.14145429281530617
2,CNP0482117.1,0.005926039111424537
3,CNP0038810.1,0.003134652033474217
4,CNP0102161.2,0.19951239892251152
5,CNP0590270.2,0.02252034926905365
6,CNP0574471.1,0.0619298977413928
7,CNP0250655.1,0.007171369027124234
8,CNP0089509.1,0.04002985405594966
9,CNP0499939.2,0.3660823349801002
10,CNP0511557.2,0.05516950557849482
11,CNP0176115.1,0.020930008190653677
12,CNP0591115.1,0.013941997074409018
13,CNP0076532.2,0.01787659949731767
14,CNP0575370.1,0.020620601509917347
15,CNP0197761.1,0.02159486210515393
16,CNP0235548.1,0.01912898670030558
17,CNP0318878.3,0.006509748226293022
18,CNP0233332.0,0.031210554632460995
19,CNP0333636.1,0.6839750640062107
20,CNP0554725.1,0.09499486958776161
21,CNP0513386.1,0.011074825726595914
22,CNP0494269.1,0.020787518270517544
23,CNP0518828.1,0.009089275737976708
24,CNP0092141.1,0.014188875567631517
25,CNP0212109.1,0.020905084842036823
26,CNP0094186.1,0.07365302895489828
27,CNP0112054.0,1.1456090040778135
28,CNP0001092.0,0.12441153104011267
29,CNP0570139.0,0.03256264306621998
30,CNP0045065.1,0.009881008438340473
31,CNP0550662.1,0.08552439656297525
32,CNP0084884.1,0.006096372338176726
33,CNP0001549.1,0.0317653574657102
34,CNP0438603.1,0.025381862454317422
35,CNP0084411.2,0.01406746668686024
36,CNP0098936.1,1.1229030448008457
37,CNP0540668.1,0.016460178030498516
38,CNP0302610.1,0.1344480377752201
39,CNP0383659.1,0.04115406448683636
40,CNP0214159.21,0.020058387970714197
41,CNP0535806.1,0.27038399984860845
42,CNP0509250.0,0.39125545384616717
43,CNP0000788.0,0.010586341800717422
44,CNP0398651.1,0.09200119754223142
45,CNP0538273.1,0.05141606423744257
46,CNP0535233.0,0.16095403500635797
47,CNP0423829.2,0.05789639972195695
48,CNP0547695.1,0.07327944733662244
49,CNP0498593.0,0.01567339993672506
50,CNP0556885.1,0.10909073466664189
51,CNP0567055.1,0.08401220156767386
52,CNP0412125.2,0.036232320486796386
53,CNP0243509.3,0.015074501730772627
54,CNP0461420.1,0.045142063677013004
55,CNP0579466.0,0.015758851861394356
56,CNP0076638.1,0.07930944261711609
57,CNP0424948.1,0.055730134307111726
58,CNP0545122.1,0.039056860528265624
59,CNP0599825.2,0.0261221438847655
60,CNP0594831.2,0.021481123774114437
61,CNP0486081.2,0.06276561564522755
62,CNP0035287.8,0.028583393523742166
63,CNP0067194.9,0.11516636122610382
64,CNP0296831.3,0.1188829355061535
65,CNP0584928.1,0.05145730158440022
66,CNP0340124.3,0.04048088679246313
67,CNP0037019.0,0.036492289366721255
68,CNP0497710.2,0.031405978375454814
69,CNP0531559.0,0.03537068177858636
70,CNP0181991.0,0.02764810784794983
71,CNP0601309.1,0.010813212540697037
72,CNP0501441.1,0.030042477854888346
73,CNP0348526.1,0.08817915215852165
74,CNP0048939.1,0.05400734804973592
75,CNP0422790.1,0.025740651688825982
76,CNP0529946.1,0.027442892153888114
77,CNP0045666.1,0.02526182943823604
78,CNP0515312.1,0.03963209930437535
79,CNP0094505.1,0.09994380814777594
80,CNP0141697.1,0.01859200440507227
81,CNP0178158.1,0.021470633076842258
82,CNP0526301.2,0.042985315727399526
83,CNP0434833.1,0.18879630276399184
84,CNP0205668.2,0.018454044835589593
85,CNP0164852.0,0.12274106255229746
86,CNP0550997.1,0.01566229077740816
87,CNP0575548.1,0.11367162882243458
88,CNP0555234.2,0.025990996646322272
89,CNP0419736.1,0.15023397145764347
90,CNP0156952.1,1.3798423743371329
91,CNP0207571.1,0.11762180703435121
92,CNP0247529.1,0.048489253635575054
93,CNP0217953.1,0.024986754550131707
94,CNP0187162.1,0.024271426738380366
95,CNP0148844.1,0.014609529588898978
96,CNP0221070.2,0.03380061571749507
97,CNP0100647.1,0.07830363068029561
98,CNP0488412.1,0.14577605395085708
99,CNP0154447.1,0.05283035251346843
100,CNP0200999.1,0.10202997256938338
101,CNP0458085.1,0.10230629813578256
102,CNP0568295.1,0.03583608551173226
103,CNP0192212.1,0.05623703940276954
104,CNP0516371.1,0.05006288722067224
105,CNP0562785.1,0.014744275054606393
106,CNP0519849.1,0.028651449991129604
107,CNP0165733.1,0.08588899699809277
108,CNP0492142.1,0.0735743983791681
109,CNP0007033.1,0.11692799163319266
110,CNP0130876.0,0.06608829333520837
111,CNP0223337.2,0.008166513537602341
112,CNP0416297.1,0.02889691040797458
113,CNP0521671.2,0.02338929502601962
114,CNP0301780.1,0.03978158783574632
115,CNP0253761.1,0.15381816362937403
116,CNP0191368.0,0.11147323535900178
117,CNP0562390.0,0.05619430874792533
118,CNP0244005.2,0.06388713044889666
119,CNP0220975.1,0.0633297046433251
120,CNP0264725.2,0.04760669641131283
121,CNP0190578.2,0.03214118811246309
122,CNP0505932.2,0.04278175686158052
123,CNP0598363.2,0.057794299695607655
124,CNP0422187.1,0.09447279051115728
125,CNP0285643.1,0.018881097133662365
126,CNP0539687.1,0.020511949010187058
127,CNP0097445.2,0.12838473070729192
128,CNP0536023.1,0.035642049659598676
129,CNP0552438.2,0.04289250302383353
130,CNP0292588.2,0.023442470154147552
131,CNP0051956.1,0.036991582634026174
132,CNP0255491.4,0.015241866029408888
133,CNP0291157.2,0.07480501320738249
134,CNP0454490.1,0.03552683084838834
135,CNP0578964.2,0.06056811379854216
136,CNP0505762.1,0.03754016208747008
137,CNP0480198.1,0.015864683834668894
138,CNP0296345.1,0.027157999892020442
139,CNP0137646.0,0.018625124612004527
140,CNP0198233.4,0.028857051843286834
141,CNP0207869.1,0.04429516392123664
142,CNP0487008.2,0.019852510280485798
143,CNP0081829.1,0.015513730659112197
144,CNP0588000.1,0.030517004361894202
145,CNP0568851.2,0.04747279842652599
146,CNP0589650.2,0.041074411761626343
147,CNP0512036.2,0.06212152676266134
148,CNP0113344.1,0.05901396481839513
149,CNP0390064.0,0.041797491971575514
150,CNP0517906.1,0.05778608254723615
151,CNP0170168.1,0.06873783277696256
152,CNP0551711.1,0.03373926367438142
153,CNP0486659.2,0.028366776609009867
154,CNP0011219.1,0.01687312036042287
155,CNP0011364.1,0.0240082107365862
156,CNP0411077.1,0.09426080254037847
157,CNP0168704.2,0.012857081841277202
158,CNP0124757.1,0.016900889835061213
159,CNP0209299.1,0.010041731185185825
160,CNP0105363.0,0.029043145212034216
161,CNP0195538.2,0.056415444624777676
162,CNP0235973.1,0.015464215933907498
163,CNP0584781.1,0.8528818744612614
164,CNP0246762.2,0.011075001300099703
165,CNP0354601.1,0.21056735103737215
166,CNP0225926.1,0.0355542952389788
167,CNP0372662.2,0.17706414164636572
168,CNP0559704.1,0.023526542528366837
169,CNP0570934.2,0.04878914657973704
170,CNP0319936.0,0.01833320628201974
171,CNP0586871.1,0.02206621719930284
172,CNP0543658.1,0.06977997143816181
173,CNP0552955.2,0.044269957425987515
174,CNP0582570.2,0.03017628777511517
175,CNP0128153.1,0.027738139839484005
176,CNP0493128.2,0.0074929179984594635
177,CNP0489499.1,0.7148393497108386
178,CNP0604811.1,0.050091579596907555
179,CNP0557565.1,0.04965446957199825
180,CNP0522903.1,0.12125750738226364
181,CNP0115188.2,0.13777430912284572
182,CNP0431472.1,0.09305581736864084
183,CNP0505981.1,0.034622109911001356
184,CNP0601460.2,0.03331912320049784
185,CNP0254278.1,0.17544821921241163
186,CNP0245278.2,0.09533213950800096
187,CNP0301516.1,0.0542489262906204
188,CNP0299201.2,0.09261160245972153
189,CNP0349755.1,0.0369534501381923
190,CNP0501841.1,0.024292971196716744
191,CNP0550953.2,0.0509594033698556
192,CNP0529267.2,0.0591168707210638
193,CNP0516566.2,0.028381567306800453
194,CNP0276017.1,0.09503857705582905
195,CNP0604058.2,0.034193481627660796
196,CNP0589559.2,0.03218397648230501
197,CNP0586125.1,0.008633708552412746
198,CNP0580314.1,0.02118207545226676
199,CNP0169613.1,0.026291705679009677
200,CNP0201957.19,0.02426272890959683
201,CNP0600587.2,0.05515912528174677
202,CNP0545575.2,0.030670111592282532
203,CNP0483779.1,0.022147461772302143
204,CNP0483213.2,0.031038255513390012
205,CNP0602288.2,0.02769579699615077
206,CNP0579625.1,0.1492547084886398
207,CNP0172416.0,0.03431016877452595
208,CNP0228612.0,0.00968796021074917
209,CNP0143528.1,0.027482578543780684
210,CNP0060538.1,0.036549749058422364
211,CNP0601131.1,0.08445337512959397
212,CNP0532354.2,0.025058535270015517
213,CNP0355852.2,0.019481205827164942
214,CNP0218372.1,0.026087749128015654
215,CNP0100928.1,0.07488551134956505
216,CNP0575557.1,0.1568819677971972
217,CNP0589361.1,0.04614399187688053
218,CNP0593876.1,0.03354558897665871
219,CNP0531315.2,0.03780700713092994
220,CNP0166667.0,0.023214180550910495
221,CNP0172346.0,0.03796124523094541
222,CNP0539828.2,0.037175706075883753
223,CNP0599546.1,0.030749269233006457
224,CNP0516305.2,0.05891559888051833
225,CNP0545449.2,0.03407337795781784
226,CNP0531826.2,0.05004973942663237
227,CNP0587545.1,0.14862758111713925
228,CNP0558877.2,0.024363819331580588
229,CNP0017637.1,0.016319455012887767
230,CNP0596781.1,0.05456606733606835
231,CNP0530179.1,0.03744361327449699
232,CNP0586633.1,0.09109000213641036
233,CNP0509600.2,0.2291683262155746
234,CNP0507800.1,0.039721677578651055
235,CNP0076634.1,0.049983653884019597
236,CNP0227592.1,0.028698922081302706
237,CNP0215819.8,0.14221860945011203
238,CNP0170091.1,0.05342151420665083
239,CNP0154390.2,0.06620924661231335
240,CNP0497766.2,0.11036934976548014
241,CNP0486789.2,0.1632589924397749
242,CNP0588525.2,0.060508917055469534
243,CNP0583230.2,0.04621366782225813
244,CNP0530642.2,0.014317333693682101
245,CNP0090268.1,0.058401538282557564
246,CNP0477718.1,0.4424284354449761
247,CNP0244690.1,0.2067486117604288
248,CNP0490002.1,0.05311157235004001
249,CNP0228513.1,0.09487601714026232
250,CNP0378818.3,0.021765306283685084
251,CNP0236092.1,0.04277519359662297
252,CNP0208362.0,0.018886568726420604
253,CNP0140154.1,0.052490883178494714
254,CNP0531322.2,0.04515110553479327
255,CNP0027881.0,0.2785944698616247
256,CNP0206330.1,0.10670540141636307
257,CNP0512800.1,0.016589695079965848
258,CNP0555310.5,0.22064503682870248
259,CNP0534654.1,0.050694670324595695
260,CNP0522974.2,0.016979443327278024
261,CNP0557402.1,0.14778528534753854
262,CNP0587907.1,0.011042662448083355
263,CNP0504430.2,0.023839060841340874
264,CNP0568708.2,0.0313368603019824
265,CNP0278691.1,0.8159077392868255
266,CNP0524420.1,0.033850831378263224
267,CNP0550292.2,0.047182042089626175
268,CNP0330649.2,0.02142402300580896
269,CNP0488145.1,0.06434814876905008
270,CNP0502072.1,0.06531354728361664
271,CNP0494236.1,0.04347626020195553
272,CNP0293697.1,0.09916284403759633
273,CNP0534857.1,0.04170608562111942
274,CNP0539638.1,0.056129091834455525
275,CNP0514606.1,0.01923404803995799
276,CNP0517571.1,0.05032154272839302
277,CNP0541954.1,0.020320382974749217
278,CNP0297250.3,0.03729510475044974
279,CNP0348840.1,0.13575061226639842
280,CNP0478799.1,0.014132719935468182
281,CNP0563162.2,0.030122015845399256
282,CNP0606667.2,0.03530189549912071
283,CNP0543284.1,0.03421706925811712
284,CNP0595751.2,0.09195370677873564
285,CNP0574613.2,0.05369947274113435
286,CNP0180937.1,0.054406257141252724
287,CNP0504907.2,0.06276257658444755
288,CNP0508262.2,0.04045164386081823
289,CNP0568770.2,0.0810555080261876
290,CNP0210751.0,0.052257460549682284
291,CNP0601617.2,0.011866238572847
292,CNP0566087.1,0.04923030212552421
293,CNP0494869.2,0.05107750318172643
294,CNP0552786.1,0.061244244013082746
295,CNP0586015.2,0.14151467174874666
296,CNP0579642.1,0.06485525516670333
297,CNP0021797.0,0.05392789822658113
298,CNP0543482.2,0.02807169133251141
299,CNP0544478.2,0.026386389060442165
300,CNP0571276.1,0.08690368254400095
301,CNP0599067.2,0.09639604979535558
302,CNP0578817.1,0.07110360306528526
303,CNP0510374.1,0.06225248415098554
304,CNP0487422.1,0.013006804575028478
305,CNP0483074.1,0.050312102853747036
306,CNP0560291.1,0.045455594390770473
307,CNP0564687.1,0.12356391102185581
308,CNP0587638.2,0.0943155715198745
309,CNP0490806.1,0.06376031969024608
310,CNP0537659.1,0.04203575650213937
311,CNP0605850.1,0.03061507715556091
312,CNP0001065.0,0.1144921335114815
313,CNP0436652.1,0.01307447376642843
314,CNP0400301.1,0.038959707579675124
315,CNP0274258.0,0.026220652169389635
316,CNP0308784.2,0.30511945777954275
317,CNP0057421.3,0.047572766085380185
318,CNP0299695.1,0.11471488080603373
319,CNP0530284.0,0.029406862230325202
320,CNP0587430.0,0.022886176519222902
321,CNP0202758.1,0.0790862255893449
322,CNP0197441.2,0.1164371531547341
323,CNP0090149.1,0.1055619755248868
324,CNP0352571.2,0.03570426552472437
325,CNP0552568.2,0.03164191512502461
326,CNP0134071.1,0.06432229477153777
327,CNP0083893.1,0.7456905800042316
328,CNP0487213.2,0.04365524282614501
329,CNP0300012.1,0.02661324357112527
330,CNP0519191.2,0.012161542544737966
331,CNP0241797.3,0.021777180878854697
332,CNP0503851.2,0.057270037656957415
333,CNP0131076.1,0.07185421449160928
334,CNP0577835.1,0.09235745004522855
335,CNP0174859.14,0.049086626718740124
336,CNP0138114.1,0.04486492982530791
337,CNP0291100.16,0.024564983848910597
338,CNP0508193.2,0.010918294528820713
339,CNP0253557.1,0.03799493406954765
340,CNP0475956.0,0.042830187361851416
341,CNP0506587.2,0.019744833242151223
342,CNP0563751.1,0.017711097133465727
343,CNP0297865.1,0.033516560215888204
344,CNP0284496.1,0.02698217596694649
345,CNP0424073.1,0.04407219894609392
346,CNP0486683.3,0.042639275610524184
347,CNP0297272.1,0.030731940272015798
348,CNP0535804.1,0.03843440767826487
349,CNP0226843.2,0.02393100575322234
350,CNP0343509.1,0.05094478354702046
351,CNP0094114.1,0.20524097952335413
352,CNP0320175.1,0.029624671391517712
353,CNP0591544.1,0.04946512827424272
354,CNP0501063.1,0.03313920540664239
355,CNP0588350.1,0.34430694788642874
356,CNP0096525.2,0.10474391081310694
357,CNP0469386.1,0.014866232171921026
358,CNP0214668.6,0.01951293383155684
359,CNP0519750.1,0.2137916596426737
360,CNP0505298.3,0.04164430214034945
361,CNP0521229.3,0.03995462246200296
362,CNP0234420.2,0.02644645380035173
363,CNP0140485.3,0.02486266860378523
364,CNP0368793.1,0.052230327738515894
365,CNP0325431.1,0.045350112959150195
366,CNP0505749.1,0.08521801585417448
367,CNP0295396.2,0.04194559889284484
368,CNP0294488.1,0.04291690706580741
369,CNP0383070.1,0.10673087861653283
370,CNP0439648.3,0.028722626663229115
371,CNP0258780.7,0.022928019916497525
372,CNP0322996.2,0.12604878041200418
373,CNP0040720.0,0.11779075570440144
374,CNP0249357.1,0.05744715170798474
375,CNP0089484.1,0.05034279744150143
376,CNP0165745.10,0.018110162209662734
377,CNP0263318.1,0.07369947899251658
378,CNP0528482.2,0.04645438073490053
379,CNP0500663.1,0.04808063594933802
380,CNP0439134.1,0.12472507363274284
381,CNP0476137.4,0.03137723902891205
382,CNP0218888.0,0.035802141386997735
383,CNP0239116.2,0.01952125230477355
384,CNP0507607.1,0.2007996553369221
385,CNP0280215.1,0.06983516797296456
386,CNP0266447.1,0.020245208201506947
387,CNP0089206.1,0.023721708787399393
388,CNP0247385.2,0.03045938449944012
389,CNP0569227.3,0.06795009523064871
390,CNP0264269.1,0.04721414172708086
391,CNP0261382.1,0.23879214783288932
392,CNP0210335.1,0.09158816281302261
393,CNP0098133.1,0.07564320070748912
394,CNP0477764.2,0.03736238511458081
395,CNP0458314.4,0.0726607434139419
396,CNP0093393.1,0.10356411695593373
397,CNP0304241.1,0.03489201462328751
398,CNP0463335.1,0.036701052390433656
399,CNP0283036.1,0.0661932823670686
400,CNP0433579.1,0.09845081842828718
401,CNP0553548.0,0.04938994248398946
402,CNP0304142.3,0.12114332287596265
403,CNP0243746.39,0.031043518055441414
404,CNP0452899.1,0.13017943906535914
405,CNP0025774.1,0.13055422398148123
406,CNP0577259.0,0.16714242625312256
407,CNP0264753.1,0.06479720442119963
408,CNP0348043.3,0.38120866423446764
409,CNP0120128.3,0.044152749055189455
410,CNP0357477.1,0.051183836419598464
411,CNP0499291.1,0.054819320037747914
412,CNP0312457.2,0.04238862045092722
413,CNP0232707.1,0.09622313114838305
414,CNP0006314.1,0.06143587891741457
415,CNP0519508.1,0.016767091785295524
416,CNP0176667.1,0.048433424701568036
417,CNP0275002.1,0.08418223358521582
418,CNP0430288.2,0.10290144976848167
419,CNP0304508.1,0.11252364284358592
420,CNP0380040.1,0.04643424315579125
421,CNP0488580.1,0.13911414456706708
422,CNP0263800.12,0.027576574874162978
423,CNP0151012.1,0.09226724911926734
424,CNP0330669.3,0.062365878163101844
425,CNP0569302.1,0.10915234944567807
426,CNP0210179.1,0.03348858660065653
427,CNP0226661.7,0.009829823654196174
428,CNP0226372.0,0.03403487521058916
429,CNP0427829.2,0.040565136247903574
430,CNP0499160.1,0.0923979725703489
431,CNP0440249.1,0.07239870468222288
432,CNP0256265.1,0.07095304697999316
433,CNP0395973.1,0.040376058914201894
434,CNP0580724.1,0.16815983275562543
435,CNP0294809.14,0.057180682171034725
436,CNP0219735.1,0.08696590442243089
437,CNP0189726.2,0.04997695149170187
438,CNP0192951.0,0.04905498615703224
439,CNP0328447.1,0.06837432376313435
440,CNP0189051.3,0.039167095823775255
441,CNP0585874.1,0.0501391441100273
442,CNP0031113.4,0.11172219850795337
443,CNP0059744.8,0.02595215463294363
444,CNP0197265.1,0.06242847693505425
445,CNP0209381.10,0.02066156172654299
446,CNP0154156.1,0.024021252563150366
447,CNP0304587.2,0.02961703428255828
448,CNP0258287.0,0.12761392772034383
449,CNP0600456.1,0.08815006476061736
450,CNP0478367.0,0.04375751895972343
451,CNP0247374.1,0.08911794119651542
452,CNP0045911.2,0.08479457496621337
453,CNP0253355.2,0.02099061655015127
454,CNP0392826.1,0.06245854528023643
455,CNP0429843.2,0.06485320132834592
456,CNP0337654.2,0.05163952131947267
457,CNP0568171.2,0.3408815074768568
458,CNP0548212.3,0.04921754121267087
459,CNP0251601.1,0.05129356301324437
460,CNP0180315.3,0.02737278917900921
461,CNP0570816.3,0.06721159272125901
462,CNP0576175.2,0.0723158993813966
463,CNP0486012.3,0.17661248500992804
464,CNP0074697.1,0.1895580490620449
465,CNP0251851.1,0.07319590359422543
466,CNP0595352.0,0.042521973600862774
467,CNP0178556.0,0.052450909565033885
468,CNP0072883.1,0.03453155172060165
469,CNP0430600.1,0.024982137464309818
470,CNP0018561.0,0.21384330004107108
471,CNP0108159.3,0.09566966610410078
472,CNP0205239.2,0.07958488772752885
473,CNP0302655.0,0.08460936424362346
474,CNP0025164.0,0.06264970052635253
475,CNP0480628.1,0.04773548649322402
476,CNP0571758.1,0.061983934003731214
477,CNP0506516.1,0.052250344787722995
478,CNP0325362.2,0.11060799500977812
479,CNP0369378.3,0.0663526859310376
480,CNP0585161.1,0.03282100711141522
481,CNP0237350.0,0.008504059938805859
482,CNP0455671.1,0.05925600208689271
483,CNP0234744.0,0.12081876274303936
484,CNP0511786.1,0.03672020525081391
485,CNP0323513.2,0.019031850423092186
486,CNP0473702.2,0.046257034638726255
487,CNP0325554.2,0.07307223930049811
488,CNP0432981.1,0.029774485846855565
489,CNP0567802.1,0.048521624597887676
490,CNP0322183.1,0.03136046286582742
491,CNP0296701.0,0.04366660831520133
492,CNP0104229.1,0.07795983058599325
493,CNP0138098.1,0.024497929342963614
494,CNP0327627.1,0.020837876112240993
495,CNP0337153.2,0.023509538305589436
496,CNP0195995.1,0.03359948145104232
497,CNP0597997.1,0.06345880521461864
498,CNP0361552.3,0.26413867007992914
499,CNP0095176.1,0.12712205937802687
500,CNP0137445.1,0.14820682868698762
501,CNP0286727.2,0.03310464114606434
502,CNP0478984.1,0.06823969446196812
503,CNP0290714.0,0.06773626575818142
504,CNP0568998.1,0.026455466236386636
505,CNP0274246.1,0.06746132547336958
506,CNP0543391.1,0.04746611123044609
507,CNP0316172.1,0.04644693928188691
508,CNP0094712.0,0.06310620609631369
509,CNP0264783.0,0.08392520343348674
510,CNP0201798.1,0.02148533433720358
511,CNP0173140.1,0.037556754198633066
512,CNP0071751.1,0.058875250753248155
513,CNP0287515.1,0.07426311875117164
514,CNP0010849.1,0.06133686607767531
515,CNP0268379.1,0.0678723791948523
516,CNP0114986.3,0.04807419976156756
517,CNP0208066.2,0.04263878592408304
518,CNP0326245.1,0.06203567402058694
519,CNP0299575.2,0.167331194114246
520,CNP0197678.2,0.030564458412190094
521,CNP0195098.1,0.3831053144649002
522,CNP0323190.2,0.054274814061818256
523,CNP0085075.1,0.050378512983707296
524,CNP0213275.1,0.0549953584976756
525,CNP0209209.1,0.0366701868455078
526,CNP0235821.1,0.04229582267931572
527,CNP0603933.1,0.052045490985856854
528,CNP0539868.1,0.09850936425322325
529,CNP0351602.1,0.15324301476893204
530,CNP0280138.2,0.024624994400837114
531,CNP0430356.1,0.0389850441348611
532,CNP0051219.1,0.06756661418417267
533,CNP0432537.1,0.031444393808196684
534,CNP0114327.1,0.10014056224977991
535,CNP0168278.3,0.028409473589014165
536,CNP0114306.1,0.09370094198958522
537,CNP0597003.1,0.11210739250987019
538,CNP0339050.2,0.032602929656918675
539,CNP0384946.4,0.03167018346282873
540,CNP0033078.0,0.049132938721542216
541,CNP0501777.1,0.07637859568009285
542,CNP0119777.1,0.06581336236886223
543,CNP0544921.4,0.04162928714724186
544,CNP0454438.1,0.023217759153731598
545,CNP0124744.4,0.057914468191992315
546,CNP0137934.5,0.04311159806357227
547,CNP0343515.2,0.029591315296305126
548,CNP0154168.1,0.016949155573288993
549,CNP0001816.1,0.2137562919599619
550,CNP0589649.1,0.038591237171841
551,CNP0546729.1,0.09279397069241081
552,CNP0117705.1,0.0985067074304355
553,CNP0548909.1,0.07934635550545938
554,CNP0404269.2,0.044427497541272676
555,CNP0191750.1,0.044613422124659304
556,CNP0107290.3,0.03350675413534952
557,CNP0540238.1,0.04765722316383326
558,CNP0357681.1,0.06630154769318874
559,CNP0188525.5,0.035318229441372535
560,CNP0438371.0,0.2026632408856215
561,CNP0001201.0,0.47414316131611933
562,CNP0426156.2,0.21490214355748793
563,CNP0556180.1,0.12080295044393242
564,CNP0208467.2,0.044882463747137176
565,CNP0222584.8,0.053843444231950026
566,CNP0484213.1,0.06661300758591873
567,CNP0493145.1,0.03299821208512373
568,CNP0229482.1,0.06590175210652535
569,CNP0465496.1,0.06661739511386514
570,CNP0209077.2,0.05089596473640008
571,CNP0183532.1,0.07865385360843775
572,CNP0075834.9,0.176990680954189
573,CNP0450218.1,0.0671617439216571
574,CNP0498746.1,0.09780582251811616
575,CNP0600834.1,0.03299637621728891
576,CNP0115822.2,0.0322594002810845
577,CNP0593610.1,0.07166486231706092
578,CNP0222135.4,0.05303254315442757
579,CNP0163696.1,0.04169082655065646
580,CNP0533377.1,0.1120475522114971
581,CNP0516219.1,0.05718291887841807
582,CNP0532225.2,0.0655285452117679
583,CNP0388159.2,0.037993648920522205
584,CNP0605510.1,0.07000451344906329
585,CNP0606626.1,0.06837262049025236
586,CNP0302532.1,0.04883276138634362
587,CNP0453174.1,0.0437432223365043
588,CNP0122844.3,0.03382303203905254
589,CNP0153939.3,0.008365712663703131
590,CNP0088736.1,0.2501287131198505
591,CNP0517898.1,0.02279369995591393
592,CNP0569715.1,0.034215708268384985
593,CNP0178144.3,0.012939514736806525
594,CNP0188482.8,0.050861414648366896
595,CNP0192382.43,0.020775700463911702
596,CNP0250445.1,0.034397904219996056
597,CNP0247918.1,0.06777150014956856
598,CNP0365067.1,0.05169229061841254
599,CNP0293791.2,0.07285631252255874
600,CNP0550433.1,0.0646843591264082
601,CNP0425790.2,0.03723001727814272
602,CNP0502947.1,0.05911974753265145
603,CNP0528417.1,0.026508574978028568
604,CNP0528460.4,0.07666345625176446
605,CNP0056084.0,0.055301560373484736
606,CNP0189212.2,0.12467642637080766
607,CNP0303376.1,0.062038572383077674
608,CNP0330258.1,0.03387761866051359
609,CNP0316152.1,0.005205673451405426
610,CNP0368013.0,0.03605892828966465
611,CNP0586437.1,0.045723676658674856
612,CNP0485020.1,0.08877530873009096
613,CNP0344179.1,0.009450951147102597
614,CNP0562927.1,0.11333614706931036
615,CNP0265411.1,0.07701630657669092
616,CNP0492015.1,0.04785414764918451
617,CNP0093394.1,0.14752693169182932
618,CNP0370592.1,0.0863814095898078
619,CNP0303240.1,0.08762856141150951
620,CNP0155718.1,0.06736811017449067
621,CNP0209445.1,0.04169248182768865
622,CNP0350503.0,0.09162996620420213
623,CNP0567013.1,0.040590762854071004
624,CNP0254593.1,0.043791589441758295
625,CNP0489792.1,0.10683879109525708
626,CNP0209317.2,0.03833353960032159
627,CNP0376140.3,0.0468524726098147
628,CNP0077721.1,0.03701453914946387
629,CNP0418325.2,0.03608704383561727
630,CNP0147379.5,0.13307916181192267
631,CNP0192758.4,0.13787800483517365
632,CNP0156584.4,0.07343610748007205
633,CNP0227407.1,0.100835626032929
634,CNP0596665.1,0.03609400077561042
635,CNP0359445.0,0.04318063079897004
636,CNP0193019.1,0.05656374857850724
637,CNP0479096.1,0.0766739864018516
638,CNP0489393.1,0.021077443957169605
639,CNP0482194.1,0.058435122755599894
640,CNP0483471.1,0.0239980680174291
641,CNP0411111.1,0.043305510394137485
642,CNP0107058.1,0.033280052592040234
643,CNP0286381.2,0.07211297168910738
644,CNP0195318.1,0.039185263143005536
645,CNP0551219.1,0.039989038190964554
646,CNP0591136.1,0.05685288391638599
647,CNP0083057.0,0.025743207031209015
648,CNP0111850.0,0.02533141821891496
649,CNP0504055.1,0.05702702159953522
650,CNP0580998.2,0.06858380366095357
651,CNP0576199.1,0.04441622822284071
652,CNP0196723.6,0.05780279057306421
653,CNP0595776.1,0.01760206964268263
654,CNP0583336.1,0.03616156305608551
655,CNP0145699.1,0.07131568793475232
656,CNP0557543.1,0.034125429779864984
657,CNP0491104.1,0.06107960349443567
658,CNP0108528.17,0.11285824925035101
659,CNP0121025.2,0.027323547542502324
660,CNP0311708.1,0.04776586069764704
661,CNP0543092.1,0.11618550876662544
662,CNP0317712.1,0.05591221715467853
663,CNP0435227.1,0.05729996472227611
664,CNP0531900.0,0.06176992147568213
665,CNP0262684.2,0.025641660786070716
666,CNP0526153.1,0.06372701646788546
667,CNP0250756.19,0.03423615561555173
668,CNP0145020.1,0.037641571787982366
669,CNP0578313.1,0.032710315664461795
670,CNP0225700.3,0.040868720252100775
671,CNP0389245.3,0.12969977008666242
672,CNP0572752.1,0.07296548790972988
673,CNP0563176.1,0.0688532788855072
674,CNP0536396.0,0.06639877959176926
675,CNP0417822.2,0.05413525092550965
676,CNP0319089.1,0.08433592843737099
677,CNP0134701.2,0.03955692938520008
678,CNP0203618.2,0.09972500411270419
679,CNP0224055.1,0.06163789565267592
680,CNP0381263.1,0.02140157707100373
681,CNP0097388.2,0.07692131638870331
682,CNP0235916.1,0.05536907657014648
683,CNP0163147.1,0.07812685184641686
684,CNP0103668.2,0.007921705893730173
685,CNP0314410.1,0.12790801227724466
686,CNP0429604.1,0.0336912361430067
687,CNP0161503.1,0.042346994055589435
688,CNP0126206.1,0.08994689899141475
689,CNP0220153.1,0.044143633602595385
690,CNP0212255.7,0.04652573211428645
691,CNP0464550.1,0.08633674171120004
692,CNP0115696.1,0.061601366547370855
693,CNP0267499.7,0.09522667164762609
694,CNP0532549.1,0.07480692712749806
695,CNP0431400.1,0.04281216251231601
696,CNP0379409.2,0.13306569846610952
697,CNP0485720.0,0.030105527985298235
698,CNP0186142.2,0.06705785243267426
699,CNP0456036.1,0.06033814556852599
700,CNP0002319.1,0.024352318231945332
701,CNP0491642.1,0.032315020865314174
702,CNP0283830.0,0.061937944833147976
703,CNP0199916.1,0.09727902751239678
704,CNP0011726.1,0.09185243226257266
705,CNP0578707.1,0.13105604212975966
706,CNP0065261.0,0.056282954918560536
707,CNP0189539.2,0.04520250707572187
708,CNP0260967.6,0.07644026291224898
709,CNP0255139.4,0.05580850262839784
710,CNP0280874.1,0.016543858968947556
711,CNP0128453.2,0.02918862940393094
712,CNP0385945.1,0.027756535405427656
713,CNP0339680.0,0.028847884193725134
714,CNP0026986.0,0.03870024235904397
715,CNP0196201.1,0.05878398518544361
716,CNP0347110.3,0.06867021325425009
717,CNP0108276.2,0.08358858912499022
718,CNP0422051.1,0.05600405353158766
719,CNP0588678.0,0.035132042708123645
720,CNP0270790.1,0.06095778527773035
721,CNP0109554.1,0.04039022513066118
722,CNP0313945.1,0.09069347512499325
723,CNP0129481.1,0.03899475635442332
724,CNP0247786.0,0.11845254350411778
725,CNP0034316.1,0.09560488772004397
726,CNP0562232.0,0.03596740252284745
727,CNP0408285.0,0.03202137956096518
728,CNP0235416.1,0.16548243778846153
729,CNP0227085.1,0.09551151333381538
730,CNP0242381.2,0.06745875336048948
731,CNP0194025.1,0.039548121447058125
732,CNP0150870.5,0.04440369471033543
733,CNP0158255.1,0.050352540966038285
734,CNP0447223.0,0.09246126080428488
735,CNP0268843.3,0.07637673925149958
736,CNP0521068.1,0.09395202370698581
737,CNP0509745.1,0.03687149454935605
738,CNP0391922.3,0.11480657922684616
739,CNP0305161.1,0.06450966476069453
740,CNP0585410.0,0.0783052002707426
741,CNP0535232.1,0.05225074115723873
742,CNP0488128.2,0.06423494617190995
743,CNP0358953.1,0.06005268726708174
744,CNP0067129.1,0.04185443503255068
745,CNP0195299.0,0.046206398892939544
746,CNP0185064.1,0.03653136246760425
747,CNP0116671.1,0.020613752533531864
748,CNP0305923.0,0.0042827205603505995
749,CNP0388966.1,0.027375955410639
750,CNP0384165.2,0.028079049813407093
751,CNP0252987.2,0.06997895480004
752,CNP0266666.1,0.03608713094802053
753,CNP0004348.1,0.08309072882878706
754,CNP0110665.1,0.08209745285458046
755,CNP0461112.1,0.044742224132868665
756,CNP0561891.0,0.04024477545162362
757,CNP0486736.1,0.052661711478448156
758,CNP0376978.1,0.10178896611340696
759,CNP0263301.1,0.008184600589577005
760,CNP0535915.1,0.04437165485244338
761,CNP0495359.1,0.024927072467563288
762,CNP0074309.1,0.18059427026413108
763,CNP0281961.1,0.019261226099962666
764,CNP0191524.1,0.03109925212895327
765,CNP0340224.0,0.07579038234261566
766,CNP0009920.0,0.07099278115829907
767,CNP0000599.0,0.04182946350452
768,CNP0605062.0,0.09842258816942616
769,CNP0145198.1,0.07932806293542026
770,CNP0529625.0,0.07664935205333227
771,CNP0319313.0,0.05076005113227296
772,CNP0312498.0,0.047860662665743174
773,CNP0287102.1,0.0659585499742023
774,CNP0483087.1,0.0970195407858395
775,CNP0223943.1,0.06340371595824457
776,CNP0196355.1,0.05597550870288392
777,CNP0158018.5,0.02798380810534657
778,CNP0523307.1,0.07455738392820602
779,CNP0221368.3,0.17167964290562887
780,CNP0037338.1,0.04567162032204463
781,CNP0376732.2,0.0312199486416724
782,CNP0249238.4,0.10094464648152006
783,CNP0002838.0,0.022970335653701532
784,CNP0013450.2,0.05512123835192621
785,CNP0272159.1,0.06053943956590676
786,CNP0572951.0,0.06760386541610872
787,CNP0291897.3,0.09744498373442058
788,CNP0219639.1,0.07814930457173648
789,CNP0374446.3,0.06063574542942454
790,CNP0219411.0,0.03285569446059118
791,CNP0437330.2,0.04850000631900848
792,CNP0415380.1,0.07318997107133027
793,CNP0120558.3,0.11798529307386084
794,CNP0225329.7,0.02193712743683976
795,CNP0256237.2,0.0402870286216289
796,CNP0178277.2,0.12897385946183615
797,CNP0586153.1,0.07862452391416973
798,CNP0269703.3,0.07168512102445074
799,CNP0363534.3,0.05979519760276762
800,CNP0381659.1,0.07091746598954803
801,CNP0153550.1,0.07626540497181153
802,CNP0335834.1,0.04483761082554151
803,CNP0521223.1,0.06511267830174342
804,CNP0277021.1,0.055567919898022275
805,CNP0027552.0,0.054583102015038756
806,CNP0372009.2,0.0833881734980077
807,CNP0001517.0,0.047333043784495675
808,CNP0520630.0,0.02939245288754849
809,CNP0144693.1,0.03847540795845719
810,CNP0042093.2,0.0602140157293949
811,CNP0502712.0,0.021787757511384703
812,CNP0495988.0,0.0478828081105552
813,CNP0283447.0,0.06168720392643024
814,CNP0253197.0,0.05535258838421983
815,CNP0164574.4,0.06349941130250072
816,CNP0383779.1,0.04321582999480662
817,CNP0280832.2,0.08863945696055038
818,CNP0411965.0,0.05003139140944069
819,CNP0026957.2,0.04453020532457379
820,CNP0598176.1,0.06587394420794222
821,CNP0192264.1,0.01324062963263055
822,CNP0355855.0,0.05632401062380603
823,CNP0559905.1,0.04246562702876439
824,CNP0167448.1,0.02760553823727425
825,CNP0132711.2,0.04404465485884845
826,CNP0279928.2,0.045545395837757484
827,CNP0433166.0,0.023420182370013184
828,CNP0362813.4,0.056060685574930526
829,CNP0100556.0,0.1080995814052594
830,CNP0212137.1,0.07097043204658551
831,CNP0361899.3,0.040664836870416755
832,CNP0407277.1,0.04998940963402185
833,CNP0070239.1,0.05178572423511449
834,CNP0123249.1,0.1751295512946059
835,CNP0066448.0,0.11161804297604418
836,CNP0190063.1,0.06760455204017149
837,CNP0082310.0,0.07074770880496306
838,CNP0381491.1,0.06572606939122203
839,CNP0378642.4,0.07345028297820816
840,CNP0286490.2,0.07743798978956044
841,CNP0502130.2,0.07021862699160866
842,CNP0249844.1,0.07279771794921097
843,CNP0173607.0,0.02890605220579788
844,CNP0107484.1,0.05476553459976282
845,CNP0351877.1,0.0548639506835631
846,CNP0112625.2,0.03281770459499986
847,CNP0266981.1,0.05110708442881687
848,CNP0550515.1,0.06839355809656075
849,CNP0084120.2,0.07848974414433062
850,CNP0548448.1,0.08039814770020058
851,CNP0594139.1,0.09303662820472855
852,CNP0481673.1,0.042653276944536106
853,CNP0295818.1,0.04947018644411872
854,CNP0520644.1,0.0528119058590607
855,CNP0540794.1,0.061337617554282076
856,CNP0090645.1,0.5307604286160118
857,CNP0154673.2,0.29622825058842656
858,CNP0082352.1,0.09927262941704111
859,CNP0123916.2,0.049569263800040786
860,CNP0141815.3,0.025110336329282827
861,CNP0473952.1,0.031102765953998305
862,CNP0202541.1,0.07384123059160788
863,CNP0544125.1,0.03627689941900948
864,CNP0589564.1,0.18831123180648437
865,CNP0181640.1,0.03883843229878502
866,CNP0251385.1,0.878526874284474
867,CNP0281322.1,0.10967628273101497
868,CNP0356933.1,0.10404611428050432
869,CNP0073881.1,0.04871040511708934
870,CNP0312383.1,0.021048399982460567
871,CNP0268744.2,0.049908921764966
872,CNP0189995.3,0.0598624939957455
873,CNP0105580.2,0.17525705877897071
874,CNP0117738.1,0.06640764634604358
875,CNP0354183.1,0.1041391527176016
876,CNP0432198.1,0.04353535610740568
877,CNP0267031.2,0.05059947392073918
878,CNP0316538.1,0.03542427148069579
879,CNP0408624.1,0.036086011179698355
880,CNP0087201.6,0.024459985825802603
881,CNP0145159.1,0.027062648983378474
882,CNP0535354.2,0.05652885120418346
883,CNP0292418.1,0.02730045170658477
884,CNP0237317.1,0.11084555850693112
885,CNP0154735.1,0.10776669499273141
886,CNP0136228.1,0.08293646176314956
887,CNP0238855.2,0.1226440444639117
888,CNP0197960.6,0.08220665784478554
889,CNP0221740.1,0.08411730783625548
890,CNP0186594.1,0.029918764424606187
891,CNP0295723.1,0.021372030245778124
892,CNP0503721.1,0.08012405640231651
893,CNP0200008.2,0.08675207646491026
894,CNP0301607.1,0.05984090794945208
895,CNP0333148.1,0.021955675528053567
896,CNP0315262.1,0.090722728018307
897,CNP0202678.1,0.05577420853858576
898,CNP0490764.1,0.023729858705665855
899,CNP0327050.1,0.053986509898301255
900,CNP0160376.0,0.051749770622388405
901,CNP0564618.0,0.07417758121312172
902,CNP0523541.0,0.05864667208721326
903,CNP0188779.3,0.04635820115645271
904,CNP0270490.3,0.045824531050796605
905,CNP0158860.1,0.14905937634125047
906,CNP0499817.0,0.07891234383133192
907,CNP0345552.2,0.06465012476132452
908,CNP0194157.2,0.014421629276897076
909,CNP0113077.1,0.05654653797701511
910,CNP0280970.0,0.16337946564634112
911,CNP0102361.1,0.06297916853311587
912,CNP0242549.1,0.04532997494210124
913,CNP0245307.1,0.04738026440545701
914,CNP0341789.4,0.0656631691665523
915,CNP0289346.2,0.1866869586717579
916,CNP0378616.1,0.06522479375869407
917,CNP0192282.1,0.13130922530646993
918,CNP0404141.1,0.13094499877351445
919,CNP0182185.2,0.07890192951525182
920,CNP0304943.1,0.12997060120560153
921,CNP0581670.1,0.17771026772911758
922,CNP0219377.1,0.08348500346479303
923,CNP0046093.2,0.12124429898039916
924,CNP0411459.3,0.025218577514967467
925,CNP0161913.1,0.051189224393222175
926,CNP0385463.2,0.1415611290245723
927,CNP0511890.0,0.07543126014456417
928,CNP0155634.1,0.07127667761349894
929,CNP0304771.2,0.14258752669644326
930,CNP0321217.1,0.1407041003917471
931,CNP0563501.2,0.06952829113789981
932,CNP0087653.1,0.05638709350720061
933,CNP0468919.2,0.06876881102666707
934,CNP0303460.1,0.08414968886575423
935,CNP0196324.1,0.2541859585247947
936,CNP0286287.11,0.06570009848986136
937,CNP0189132.3,0.08635464502039499
938,CNP0243690.6,0.034178054362370584
939,CNP0147205.1,0.08857150475827733
940,CNP0184597.22,0.08300732910536847
941,CNP0357392.2,0.08267042200637638
942,CNP0203590.2,0.04346687986357124
943,CNP0164120.0,0.13028540819413223
944,CNP0564408.1,0.11028028208171485
945,CNP0263507.3,0.08045128893402208
946,CNP0245110.3,0.031629566937832504
947,CNP0448327.1,0.037240200538416396
948,CNP0226326.24,0.04239995049729037
949,CNP0387870.3,0.11269260292563736
950,CNP0368662.4,0.04113587283414961
951,CNP0296204.5,0.07273289131535826
952,CNP0401732.2,0.03191421646322355
953,CNP0550913.1,0.07752269424843881
954,CNP0330128.12,0.053055539123545006
955,CNP0246185.1,0.0992669836167669
956,CNP0187534.1,0.03553942541472081
957,CNP0246503.4,0.08631723834548631
958,CNP0152484.0,0.04578632929604532
959,CNP0249020.7,0.054322740012856446
960,CNP0120401.3,0.020373379403651377
961,CNP0258315.10,0.0374340587817038
962,CNP0317260.1,0.052080440420484
963,CNP0108370.1,0.04925673575457358
964,CNP0181592.1,0.05441105467645228
965,CNP0273647.1,0.08179068104612165
966,CNP0408504.2,0.04412926816005148
967,CNP0435404.1,0.0826664488076851
968,CNP0342605.1,0.06383778450390891
969,CNP0133336.1,0.0739450625789042
970,CNP0387446.4,0.05544458070970339
971,CNP0206356.2,0.14410178757312597
972,CNP0531701.1,0.029701813601875484
973,CNP0345275.1,0.025350446305552398
974,CNP0254210.1,0.03285973297336323
975,CNP0155756.2,1.0343343100147844
976,CNP0133353.5,0.15031901390388835
977,CNP0318762.2,0.13887623377919395
978,CNP0215846.1,0.08395887912398631
979,CNP0352324.0,0.03435742031703029
980,CNP0352806.0,0.051106591765199175
981,CNP0566996.1,0.19129149605423995
982,CNP0498968.0,0.08545218258230179
983,CNP0517413.1,0.05902337934657069
984,CNP0238259.1,0.14132783479466984
985,CNP0493870.1,0.06466682630308589
986,CNP0315782.2,0.1777423784669085
987,CNP0413934.1,0.10942552259747627
988,CNP0103340.2,0.04987506443666545
989,CNP0193108.2,0.02101245695918793
990,CNP0003484.0,0.09883628810741339
991,CNP0266070.1,0.09786228586091636
992,CNP0142055.3,0.04307002907824692
993,CNP0292394.1,0.09179233235648064
994,CNP0353301.1,0.10650861967762973
995,CNP0221324.1,0.11343119233057862
996,CNP0118660.1,0.03133966946629646
997,CNP0292271.1,0.09674995179357154
998,CNP0168117.1,0.0672351077853393
999,CNP0180941.1,0.028504452477663155
1000,CNP0163666.1,0.0851525543630389
1001,CNP0145923.9,0.06817603806981312
1002,CNP0242033.7,0.0669246891548818
1003,CNP0407441.1,0.13467777257653987
1004,CNP0436462.1,0.08452862287883552
1005,CNP0318527.1,0.13090075515354224
1006,CNP0255906.1,0.08989980352226976
1007,CNP0205579.9,0.04219740752290369
1008,CNP0177707.5,0.06626482834298586
1009,CNP0326915.1,0.09839908193255846
1010,CNP0175680.1,0.16539501315840627
1011,CNP0129285.4,0.1174183508814561
1012,CNP0105479.1,0.06034321860011122
1013,CNP0280901.1,0.12256769214923506
1014,CNP0363936.1,0.10004694847928888
1015,CNP0235033.7,0.042037543529935245
1016,CNP0218297.1,0.049860078076533955
1017,CNP0351950.1,0.08087879113630381
1018,CNP0180376.1,0.0695499840819838
1019,CNP0473485.0,0.07313690787931791
1020,CNP0422390.2,0.05796251301461797
1021,CNP0182946.11,0.06700393913608776
1022,CNP0391012.1,0.02798789337323573
1023,CNP0124450.1,0.055157008511672996
1024,CNP0249746.1,0.0594370742362382
1025,CNP0479233.0,0.06239589385011598
1026,CNP0487261.0,0.2813836289666848
1027,CNP0152822.1,0.036791824227943505
1028,CNP0385180.3,0.05640612073148587
1029,CNP0455927.1,0.18381883554707232
1030,CNP0143398.1,0.07595636923005745
1031,CNP0270619.3,0.07072118631603515
1032,CNP0574867.0,0.057186288852194914
1033,CNP0259652.3,0.10072943337550312
1034,CNP0252704.3,0.12272295718797346
1035,CNP0303024.1,0.09202236072008255
1036,CNP0240233.7,0.08528872432390602
1037,CNP0301082.3,0.10837080949039214
1038,CNP0175504.2,0.11127149085800547
1039,CNP0085235.1,0.060054577466410554
1040,CNP0168325.3,0.0445394843749813
1041,CNP0344517.7,0.07233250125701596
1042,CNP0162890.1,0.030878083740248755
1043,CNP0494016.1,0.07811841598239108
1044,CNP0086746.3,0.23500287535325012
1045,CNP0382269.3,0.024642069663196268
1046,CNP0043190.4,0.1041539502496658
1047,CNP0109560.1,0.061111305650622415
1048,CNP0177785.2,0.054866049951321924
1049,CNP0153528.1,0.09714634647439047
1050,CNP0280636.8,0.03570982787411025
1051,CNP0584477.2,0.11376857805764956
1052,CNP0005818.1,0.10745683073640212
1053,CNP0013038.1,0.12527289497933924
1054,CNP0187953.21,0.02046648499624456
1055,CNP0559117.0,0.14309976074884045
1056,CNP0245582.3,0.03323378520059225
1057,CNP0122112.2,0.05316207810976987
1058,CNP0292599.5,0.03353389537165661
1059,CNP0533557.2,0.03899317497702467
1060,CNP0525096.10,0.060450857186891194
1061,CNP0189563.2,0.05919392249428654
1062,CNP0262739.1,0.07159402117011694
1063,CNP0172279.1,0.09802399583526053
1064,CNP0570036.1,0.10457560620664956
1065,CNP0277250.1,0.07851697003094135
1066,CNP0230499.2,0.07069965898704447
1067,CNP0279852.3,0.09188516630562513
1068,CNP0488936.1,0.03517287141345344
1069,CNP0151495.3,0.07789915116358687
1070,CNP0404249.1,0.09085251022834419
1071,CNP0365539.3,0.08514037642646276
1072,CNP0039687.1,0.04674636048084916
1073,CNP0307226.4,0.06266119610074057
1074,CNP0156806.1,0.09153747397176404
1075,CNP0236551.4,0.07369371858803067
1076,CNP0075795.1,0.04868051820525993
1077,CNP0152761.1,0.056600757898373155
1078,CNP0271127.1,0.03547362032461902
1079,CNP0150735.1,0.17089824280727905
1080,CNP0458111.2,0.06564428559063898
1081,CNP0104142.1,0.061309092148760055
1082,CNP0317360.2,0.132572677231617
1083,CNP0257481.1,0.09806945306885465
1084,CNP0115026.2,0.11194803945389367
1085,CNP0380097.0,0.062192204001851444
1086,CNP0398827.2,0.09703445399011855
1087,CNP0095243.1,0.09140566573901304
1088,CNP0227541.5,0.045530957512315305
1089,CNP0292483.1,0.15546603816223195
1090,CNP0184956.1,0.08175978032020571
1091,CNP0206764.1,0.09924803279455612
1092,CNP0421264.1,0.09416220983666058
1093,CNP0480320.1,0.18237689314077488
1094,CNP0153924.1,0.08461450452682553
1095,CNP0095268.1,0.035130236878852125
1096,CNP0276387.2,0.11524465259072753
1097,CNP0509883.0,0.12142470147037536
1098,CNP0514137.1,0.14028606873856994
1099,CNP0506950.1,0.07628034128413663
1100,CNP0244243.1,0.07682888880310011
1101,CNP0591669.0,0.015496868062261578
1102,CNP0260624.1,0.09048508559816476
1103,CNP0115823.2,0.07934887366240699
1104,CNP0345015.1,0.12900307203116815
1105,CNP0411931.1,0.1301538937902143
1106,CNP0596706.1,0.12433465556494713
1107,CNP0058009.0,0.10514166325946527
1108,CNP0540460.0,0.046995045558034534
1109,CNP0018835.0,0.06895754059741638
1110,CNP0267574.0,0.0916717601924345
1111,CNP0138418.0,0.11939718628779378
1112,CNP0437454.0,0.06630797431105483
1113,CNP0047689.0,0.1193267273368873
1114,CNP0278287.4,0.09514380725676842
1115,CNP0157776.0,0.1419227297344261
1116,CNP0230477.1,0.06760096194595525
1117,CNP0593230.1,0.1427690589183251
1118,CNP0306820.1,0.034852059689088215
1119,CNP0137185.3,0.057821480700828855
1120,CNP0537825.0,0.13442696294403883
1121,CNP0028521.0,0.1024924155917344
1122,CNP0432507.1,0.028344272828436913
1123,CNP0280833.4,0.06663845463998704
1124,CNP0276730.1,0.10991364203181349
1125,CNP0463950.6,0.09455356649520144
1126,CNP0554766.0,0.13921120066548856
1127,CNP0345788.0,0.171247718304083
1128,CNP0517921.0,0.07344605071280938
1129,CNP0364409.0,0.08769828325118474
1130,CNP0469526.0,0.07762936063896354
1131,CNP0365841.1,0.052672530611059205
1132,CNP0283559.3,0.06840985908142148
1133,CNP0114518.1,0.06442092125352243
1134,CNP0368637.1,0.06568635619762662
1135,CNP0292189.2,0.04214284160586889
1136,CNP0387340.1,0.044844863740123336
1137,CNP0203230.1,0.07506726773467026
1138,CNP0592010.1,0.04861452686164927
1139,CNP0239273.1,0.18570955864700064
1140,CNP0330011.1,0.1067494802909991
1141,CNP0006819.0,0.14264510033553143
1142,CNP0298922.1,0.04928249739969107
1143,CNP0348845.0,0.07729588574768413
1144,CNP0188366.0,0.0845700016528261
1145,CNP0210794.2,0.10329354231573072
1146,CNP0248184.0,0.09471651427562502
1147,CNP0120029.1,0.05046268970824471
1148,CNP0235013.2,0.04455626225424009
1149,CNP0355092.1,0.040238455817834196
1150,CNP0185404.2,0.07339772652374274
1151,CNP0092713.1,0.04060767607881372
1152,CNP0528058.0,0.07936136039986601
1153,CNP0173073.1,0.01857959471420865
1154,CNP0183688.1,0.07910991026753028
1155,CNP0156436.2,0.03227987876685516
1156,CNP0310411.2,0.04272750792338788
1157,CNP0103076.2,0.03086098818941431
1158,CNP0075330.2,0.0372175948249186
1159,CNP0361897.1,0.07170305970709091
1160,CNP0151503.1,0.1330843102739636
1161,CNP0133456.6,0.11141990069653741
1162,CNP0419996.0,0.06623452380633245
1163,CNP0139177.2,0.0645476835728341
1164,CNP0028395.0,0.12077958797496802
1165,CNP0512652.1,0.06345072494724555
1166,CNP0601084.0,0.10111346418801953
1167,CNP0225121.0,0.12035377235849173
1168,CNP0165131.1,0.10407030882574986
1169,CNP0184009.0,0.08886890563377885
1170,CNP0179488.0,0.056776821516041555
1171,CNP0119973.0,0.11949503522607408
1172,CNP0564048.0,0.0778218928139151
1173,CNP0302963.0,0.032148615250178515
1174,CNP0601614.0,0.09940470456795325
1175,CNP0176795.0,0.05294033451766256
1176,CNP0598365.0,0.09741711577946402
1177,CNP0190473.0,0.056368681385668085
1178,CNP0220023.2,0.08888941272955135
1179,CNP0289915.1,0.11403323408206362
1180,CNP0339319.2,0.10631607537724529
1181,CNP0249635.0,0.033929904028494495
1182,CNP0199228.2,0.058996964920344334
1183,CNP0260639.1,0.018627722396694392
1184,CNP0278146.2,0.038064347141477106
1185,CNP0135035.1,0.05898182949325463
1186,CNP0345352.1,0.1286977261515187
1187,CNP0425916.1,0.09657821436012368
1188,CNP0256823.0,0.06072942915257001
1189,CNP0131178.0,0.05130113701344438
1190,CNP0294148.1,0.07423926515460261
1191,CNP0272281.0,0.03927025196954075
1192,CNP0149805.0,0.04119997974061353
1193,CNP0250451.1,0.10106023212771999
1194,CNP0408066.0,0.12222697780568129
1195,CNP0204805.0,0.08366745264832856
1196,CNP0318928.0,0.026964200722706482
1197,CNP0311987.0,0.03099459760393337
1198,CNP0143945.0,0.08943451625708917
1199,CNP0382414.0,0.07959964777580021
1200,CNP0551899.0,0.1033074563800064
1201,CNP0240310.6,0.09848842894757584
1202,CNP0373176.0,0.1378361167830037
1203,CNP0135346.0,0.12488430045870183
1204,CNP0306898.2,0.111110504220303
1205,CNP0279259.1,0.21829089899185433
1206,CNP0206734.1,0.06296459905253815
1207,CNP0075843.4,0.08436403154029347
1208,CNP0407945.0,0.10477140345436196
1209,CNP0339401.0,0.10844746425095504
1210,CNP0239716.1,0.05008000057752254
1211,CNP0159551.1,0.06329810130793775
1212,CNP0586732.0,0.07251171579941712
1213,CNP0080595.1,0.08404751196312062
1214,CNP0197830.1,0.11326963789132909
1215,CNP0306807.1,0.09802697594017805
1216,CNP0286012.0,0.085278048385225
1217,CNP0456392.1,0.06514154157882884
1218,CNP0014607.1,0.10896264047521285
1219,CNP0304558.2,0.06747778515975232
1220,CNP0492809.1,0.09483602830485593
1221,CNP0542288.2,0.05857767078023521
1222,CNP0115965.1,0.09020800064247038
1223,CNP0459637.1,0.08065267602102949
1224,CNP0173544.1,0.07860000110325435
1225,CNP0051443.0,0.07491512600406842
1226,CNP0018891.1,0.1117076043142518
1227,CNP0457698.1,0.14750114830614786
1228,CNP0138077.22,0.05755130214696368
1229,CNP0228607.9,0.07460723384759298
1230,CNP0043525.0,0.08475891474717763
1231,CNP0347219.12,0.058534442890666574
1232,CNP0350540.1,0.09037787603242291
1233,CNP0135643.1,0.06702338075873807
1234,CNP0272448.2,0.13610304658122038
1235,CNP0104560.1,0.10664319453627986
1236,CNP0023290.0,0.04925037705272155
1237,CNP0601076.0,0.0836730275588515
1238,CNP0177189.1,0.05070236853750147
1239,CNP0247812.1,0.03933456705952913
1240,CNP0309990.1,0.06958141740845969
1241,CNP0185982.5,0.08684698793603571
1242,CNP0488132.1,0.10811354692742824
1243,CNP0419261.4,0.09556804478559941
1244,CNP0241527.0,0.05556274570361437
1245,CNP0326116.0,0.12490909807029026
1246,CNP0260585.1,0.08242753975299437
1247,CNP0031146.0,0.044564224897308616
1248,CNP0365568.1,0.09314796137746702
1249,CNP0256299.1,0.09411822654260255
1250,CNP0277625.1,0.0998419594472881
1251,CNP0024347.0,0.08734645275782442
1252,CNP0399901.0,0.07213577432933684
1253,CNP0464352.0,0.046395795113953295
1254,CNP0507297.0,0.066917487814281
1255,CNP0257404.0,0.16173273341557234
1256,CNP0319225.4,0.10086972566747618
1257,CNP0123691.3,0.12540526891081913
1258,CNP0108713.2,0.0741506812370968
1259,CNP0151525.1,0.09799707337346934
1260,CNP0432038.1,0.1004646450983192
1261,CNP0367773.1,0.14357694979334903
1262,CNP0014371.1,0.12213789237890907
1263,CNP0462482.1,0.09386471621831215
1264,CNP0228603.1,0.09010748086173816
1265,CNP0241356.1,0.08655955075569659
1266,CNP0252505.4,0.10043898883532468
1267,CNP0372923.1,0.04128868629617671
1268,CNP0010648.1,0.04937824783093961
1269,CNP0289067.2,0.0974140001088859
1270,CNP0463754.1,0.14707830242681721
1271,CNP0306145.2,0.109570416880549
1272,CNP0086940.4,0.10795962425224982
1273,CNP0193970.1,0.09857375939863963
1274,CNP0318493.4,0.07144527668497434
1275,CNP0301261.2,0.08777044435295431
1276,CNP0589753.1,0.09343170049143612
1277,CNP0427294.1,0.05289967968629597
1278,CNP0356479.0,0.09698139250276783
1279,CNP0243981.2,0.09023590526719746
1280,CNP0168918.2,0.011003400747276418
1281,CNP0315175.1,0.04508133802835266
1282,CNP0302725.1,0.09972032681500237
1283,CNP0431623.1,0.10384348703167877
1284,CNP0565879.1,0.09252904220291057
1285,CNP0045804.1,0.04910863133251048
1286,CNP0182498.2,0.047501319821287045
1287,CNP0138573.2,0.07204100699681096
1288,CNP0235828.3,0.056349502897087005
1289,CNP0483890.2,0.08663446231979609
1290,CNP0206838.3,0.09588635373828738
1291,CNP0229453.1,0.07526535870597689
1292,CNP0115053.1,0.06323296972374925
1293,CNP0097703.1,0.06454846659005568
1294,CNP0387364.1,0.06416177970811217
1295,CNP0280733.2,0.06656114985654749
1296,CNP0158348.1,0.031105322879983383
1297,CNP0191493.0,0.039057254940689914
1298,CNP0207327.1,0.07330861355535605
1299,CNP0537922.0,0.09611422048715099
1300,CNP0117241.1,0.10966200421138947
1301,CNP0226063.1,0.0909153827918924
1302,CNP0111565.1,0.07595561256169585
1303,CNP0108222.1,0.046949843180743314
1304,CNP0049249.2,0.1347229287764089
1305,CNP0196830.1,0.07481924535851571
1306,CNP0154149.2,0.08264263679286206
1307,CNP0118735.1,0.0831901746060146
1308,CNP0253431.1,0.08659075568870062
1309,CNP0155619.1,0.07868381842950531
1310,CNP0262013.1,0.0594126101925586
1311,CNP0540468.1,0.098522507279867
1312,CNP0479799.1,0.09062065886134757
1313,CNP0304586.0,0.06117673889453792
1314,CNP0339539.1,0.10564510545290183
1315,CNP0324964.1,0.07998570609118805
1316,CNP0302559.1,0.08599180264119458
1317,CNP0053161.3,0.08921756779831498
1318,CNP0157285.1,0.08040765574354461
1319,CNP0462231.1,0.14585575601753564
1320,CNP0217958.5,0.10306656909291301
1321,CNP0483640.1,0.06340908825122053
1322,CNP0176392.0,0.145551131607777
1323,CNP0332830.1,0.13914376559439803
1324,CNP0400334.1,0.10678518398723184
1325,CNP0339014.4,0.2056601861369081
1326,CNP0385151.2,0.0905788403371364
1327,CNP0381329.1,0.11221331688748097
1328,CNP0358536.1,0.1445620498887925
1329,CNP0128595.0,0.12364225442851816
1330,CNP0248247.2,0.2692340278252807
1331,CNP0318108.0,0.16690338990541595
1332,CNP0574826.1,0.06645721412483842
1333,CNP0039804.1,0.1679207347685703
1334,CNP0391109.1,0.14173802075038144
1335,CNP0596607.0,0.18871486437926674
1336,CNP0340283.4,0.14965267863639398
1337,CNP0166576.3,0.14049777358808763
1338,CNP0563341.4,0.1206968003734399
1339,CNP0556774.7,0.08468878101640055
1340,CNP0399810.1,0.09176174549895613
1341,CNP0220544.3,0.06091154538484997
1342,CNP0380927.5,0.14925857285412958
1343,CNP0224947.1,0.15365029504078212
1344,CNP0119281.2,0.0881505372856412
1345,CNP0360836.2,0.10569908429316141
1346,CNP0237262.3,0.09874835838167867
1347,CNP0263362.1,0.08517754795381692
1348,CNP0451829.1,0.08802200883116958
1349,CNP0152272.2,0.03218563133411033
1350,CNP0008204.1,0.08569192266107198
1351,CNP0396420.1,0.08469405317841859
1352,CNP0358515.1,0.09698613526002359
1353,CNP0150856.3,0.16083524044040118
1354,CNP0331584.1,0.08893648121629608
1355,CNP0415180.1,0.04811707034723561
1356,CNP0517096.1,0.09261563047798811
1357,CNP0421171.1,0.1081971304156538
1358,CNP0602713.1,0.11716341127228005
1359,CNP0550929.1,0.13068126890254292
1360,CNP0381293.2,0.12961073240743154
1361,CNP0605295.1,0.07459611332849475
1362,CNP0080280.1,0.05205445816450615
1363,CNP0156083.1,0.09740005741877408
1364,CNP0346172.1,0.11059463726500969
1365,CNP0127940.0,0.27843058980116264
1366,CNP0269126.1,0.0871274143710132
1367,CNP0140329.3,0.07861008081033696
1368,CNP0385671.3,0.049967836218922056
1369,CNP0341207.2,0.08102310691331244
1370,CNP0238572.1,0.1993074823138956
1371,CNP0019978.1,0.11358809610398653
1372,CNP0246666.1,0.1313000450640422
1373,CNP0172035.4,0.09403830054307005
1374,CNP0387373.1,0.08903764232767945
1375,CNP0319562.1,0.05346897549160007
1376,CNP0215678.0,0.035942732631279666
1377,CNP0289971.1,0.14797666979786261
1378,CNP0350021.2,0.19447776820001378
1379,CNP0093286.2,0.10116691120748457
1380,CNP0424915.1,0.08126836980709681
1381,CNP0072003.1,0.17503806963548244
1382,CNP0197752.1,0.15554376979473772
1383,CNP0351668.0,0.1132390482665416
1384,CNP0121086.1,0.07276241788591988
1385,CNP0416196.2,0.0862776700742134
1386,CNP0316948.1,0.08203710366704903
1387,CNP0278812.3,0.08410509290398835
1388,CNP0262303.1,0.04865434101202929
1389,CNP0124598.1,0.05424170060893204
1390,CNP0499125.1,0.08196918530466837
1391,CNP0281368.1,0.07330400624881674
1392,CNP0215995.1,0.07442571671530049
1393,CNP0157493.2,0.02807474633396903
1394,CNP0191021.1,0.04797910424232158
1395,CNP0318881.1,0.06630408058922233
1396,CNP0209219.1,0.1733833359252158
1397,CNP0185232.3,0.09751208380122542
1398,CNP0450070.1,0.11747707621649608
1399,CNP0326488.3,0.07030545296814757
1400,CNP0204140.1,0.08356776726158711
1401,CNP0332439.0,0.11502408037950958
1402,CNP0508185.0,0.07925772534240084
1403,CNP0112974.1,0.10411553845160383
1404,CNP0199139.1,0.11006967028340994
1405,CNP0197151.1,0.10986797551836892
1406,CNP0578105.1,0.09107741611353753
1407,CNP0570729.1,0.1014406639131741
1408,CNP0372447.0,0.1306742499991978
1409,CNP0305486.0,0.1682134987347654
1410,CNP0308863.2,0.061376524356490304
1411,CNP0265525.1,0.0633127671858587
1412,CNP0221954.1,0.07107004454596902
1413,CNP0219575.2,0.06584215412261259
1414,CNP0344900.2,0.00788228618297157
1415,CNP0233378.0,0.03978587194841336
1416,CNP0134044.18,0.05332318966094407
1417,CNP0291431.1,0.10090058677625204
1418,CNP0316829.1,0.08681530473185632
1419,CNP0188534.3,0.036897774638885675
1420,CNP0230943.2,0.05971189181602483
1421,CNP0508688.1,0.08704899847284955
1422,CNP0577942.1,0.07395337813445235
1423,CNP0266177.1,0.05089635408520372
1424,CNP0521385.1,0.07715369051291715
1425,CNP0178358.1,0.05593179793170713
1426,CNP0151128.1,0.06673713943663133
1427,CNP0253275.1,0.11841958883693054
1428,CNP0186095.1,0.05389577840476502
1429,CNP0293631.3,0.06531185851199127
1430,CNP0413664.1,0.16494283174535934
1431,CNP0323427.1,0.05930098225243334
1432,CNP0180893.3,0.045947594741411475
1433,CNP0303294.1,1.1028997520998762
1434,CNP0242582.0,0.07388518255435714
1435,CNP0244865.1,0.09310526391803606
1436,CNP0235766.1,0.08302233191293738
1437,CNP0274307.1,0.10515621443697047
1438,CNP0264357.5,0.13465829326447742
1439,CNP0147069.2,0.06443096441575144
1440,CNP0070768.2,0.13813523367055996
1441,CNP0476535.6,0.06521885416271267
1442,CNP0256107.4,0.08230645444110281
1443,CNP0262102.14,0.054506385155478926
1444,CNP0367932.1,0.08283353514266337
1445,CNP0132550.3,0.038881196530001556
1446,CNP0047976.1,0.18788501301834976
1447,CNP0164693.1,0.06147115182269732
1448,CNP0294031.4,0.07715441451959222
1449,CNP0187151.7,0.05320973073365783
1450,CNP0420275.2,0.09586039869786962
1451,CNP0068101.1,0.1041136696713047
1452,CNP0270058.2,0.19776018105734583
1453,CNP0014415.1,0.1705877637068238
1454,CNP0428141.2,0.15795381676697295
1455,CNP0317494.0,0.13406374122511694
1456,CNP0426466.1,0.11343127139677936
1457,CNP0535281.1,0.041914292311405026
1458,CNP0426014.1,0.1134129924599905
1459,CNP0500957.1,0.08896164783951474
1460,CNP0132243.5,0.2016988951984504
1461,CNP0233727.1,0.17511965560665982
1462,CNP0039902.3,0.05279772209965485
1463,CNP0452076.2,0.18281239462716656
1464,CNP0168409.1,0.15085415770067087
1465,CNP0385763.2,0.21254194136379587
1466,CNP0405584.1,0.15657176437226894
1467,CNP0349551.1,0.12330609305081475
1468,CNP0441821.2,0.05813338170021928
1469,CNP0444836.1,0.1757650723754586
1470,CNP0019696.1,0.09580081080832924
1471,CNP0481634.1,0.10968531105429882
1472,CNP0441077.1,0.04960999684714081
1473,CNP0257407.1,0.09816153786233256
1474,CNP0128012.1,0.10681645684458647
1475,CNP0199857.1,0.12027335425709014
1476,CNP0381153.2,0.14839749463884955
1477,CNP0565538.1,0.2934826517939647
1478,CNP0307350.1,0.1527152661976284
1479,CNP0266654.1,0.10684942352599865
1480,CNP0139670.1,0.16353461647995673
1481,CNP0001673.1,0.1140667488810736
1482,CNP0555714.2,0.15035167429921292
1483,CNP0351795.1,0.1575308976697682
1484,CNP0433307.0,0.058405848680977
1485,CNP0048311.0,0.16107541321640884
1486,CNP0214101.0,0.08372107246982238
1487,CNP0377417.0,0.10173781649921639
1488,CNP0274438.2,0.20900860468590163
1489,CNP0381192.1,0.17600330985200047
1490,CNP0387603.1,0.0921946937993795
1491,CNP0136005.1,0.09008032659801798
1492,CNP0355223.4,0.10504306800622407
1493,CNP0524020.0,0.1604885030473818
1494,CNP0385854.1,0.1684011364512898
1495,CNP0426086.0,0.1682496244196295
1496,CNP0200286.0,0.0948447287151361
1497,CNP0128876.1,1.5409373194081584
1498,CNP0487689.1,0.09517595881634865
1499,CNP0591210.1,0.07163468213480305
1500,CNP0154999.2,0.1093667530460973
1501,CNP0383457.1,0.15056527147117327
1502,CNP0279941.0,0.15601456617401016
1503,CNP0521670.2,0.09597249631933664
1504,CNP0004161.1,0.17196090905306
1505,CNP0376789.2,0.10580986714196157
1506,CNP0603727.2,0.10125174081534567
1507,CNP0009507.1,0.12207554088822727
1508,CNP0072364.1,0.07285434913122994
1509,CNP0388771.0,0.1031435916578955
1510,CNP0147272.1,0.17371715382026068
1511,CNP0005529.1,0.14660874182766062
1512,CNP0419011.2,0.15280071412354757
1513,CNP0314303.1,0.11932822963041119
1514,CNP0523434.1,0.10643513250252895
1515,CNP0181754.1,0.06194449190636729
1516,CNP0231978.2,0.10378968414589818
1517,CNP0410214.1,0.16209431561100926
1518,CNP0397371.1,0.16431006020875585
1519,CNP0133355.1,0.13820485844836866
1520,CNP0009135.1,0.07357256189106676
1521,CNP0234709.1,0.08720795873223433
1522,CNP0148676.1,0.12293569801411591
1523,CNP0508346.1,0.10281949277959018
1524,CNP0188842.0,0.07271766768657281
1525,CNP0236845.2,0.1173010230873527
1526,CNP0062709.1,0.0675492800406361
1527,CNP0214750.1,0.1602570469124956
1528,CNP0312298.3,0.14631525634727077
1529,CNP0154148.1,0.09863995892405929
1530,CNP0338768.1,0.1041724743172499
1531,CNP0064400.1,0.09018777522580342
1532,CNP0395779.1,0.06380776870987072
1533,CNP0183935.2,0.11343370038317199
1534,CNP0017247.1,0.12454622076160253
1535,CNP0030813.2,0.12629597679007792
1536,CNP0379897.1,0.10710249396044591
1537,CNP0483900.1,0.0878507118507147
1538,CNP0024490.2,0.09722308215462584
1539,CNP0138096.1,0.11341965442911747
1540,CNP0520844.1,0.09269256334960989
1541,CNP0153781.1,0.10943635867398768
1542,CNP0443756.1,0.12116858444833474
1543,CNP0169910.1,0.07433621092296436
1544,CNP0575234.2,0.06797997870999122
1545,CNP0349623.1,0.0789825898911435
1546,CNP0536656.4,0.15491477997292413
1547,CNP0160734.2,0.11338906352365427
1548,CNP0227847.1,0.13941548040422372
1549,CNP0543797.1,0.1276000684472359
1550,CNP0122124.0,0.2036393091738943
1551,CNP0335093.1,0.13326321688091047
1552,CNP0361393.1,0.136586229447569
1553,CNP0094738.1,0.1334048733285017
1554,CNP0548953.1,0.09569303680626975
1555,CNP0234696.1,0.06937888562774787
1556,CNP0339084.1,0.11572859338361492
1557,CNP0308435.1,0.06670340093906277
1558,CNP0077696.1,0.04514463416719979
1559,CNP0171975.1,0.0573849325836144
1560,CNP0332653.7,0.07941090971416721
1561,CNP0538792.1,0.044352108690983945
1562,CNP0601760.1,0.11399936248393536
1563,CNP0005061.1,0.17251123963548423
1564,CNP0158462.3,0.13751553202853814
1565,CNP0185291.0,0.1258124964572472
1566,CNP0274677.1,0.17125610617339734
1567,CNP0512101.1,0.13814303657980243
1568,CNP0601277.0,0.13373236670410674
1569,CNP0228574.2,0.1341439834097542
1570,CNP0306014.1,0.12926970788442493
1571,CNP0109665.0,0.11933629031218089
1572,CNP0116943.3,0.15607681121552566
1573,CNP0564905.1,0.06791778897912086
1574,CNP0364005.1,0.15654286883179036
1575,CNP0347348.0,0.056287634944677305
1576,CNP0391904.2,0.07739487536118268
1577,CNP0007766.1,0.13803590697313153
1578,CNP0412760.0,0.11757707812981832
1579,CNP0046604.1,0.11350537721787139
1580,CNP0378470.2,0.10718853047214226
1581,CNP0253162.1,0.08225816001205966
1582,CNP0015907.1,0.11721737955774683
1583,CNP0137421.1,0.08113963278216361
1584,CNP0499411.1,0.13407719728813064
1585,CNP0147637.1,0.1704897018517849
1586,CNP0007888.1,0.09429350445607855
1587,CNP0600853.1,0.11162336246014981
1588,CNP0389395.2,0.10539499648766283
1589,CNP0288483.1,0.1282530421520758
1590,CNP0527668.1,0.11548749020582322
1591,CNP0074628.1,0.17644115441351263
1592,CNP0402678.0,0.10996547390297103
1593,CNP0121865.0,0.14116012328776684
1594,CNP0386766.0,0.20847242251617887
1595,CNP0235196.0,0.1569959676022602
1596,CNP0516969.2,0.10477518723467436
1597,CNP0361444.6,0.11913436712761152
1598,CNP0408477.1,0.12414537428851836
1599,CNP0192057.1,0.15138905054691035
1600,CNP0194881.1,0.08757878881687495
1601,CNP0502314.2,0.16778526054231427
1602,CNP0325515.1,0.15193686200654263
1603,CNP0449836.2,0.1258163848544699
1604,CNP0180543.1,0.16153985616413555
1605,CNP0408748.1,0.08917881999798004
1606,CNP0404106.1,0.09491725505702123
1607,CNP0313423.1,0.15832027406170654
1608,CNP0540506.1,0.12352389561273264
1609,CNP0014239.1,0.12399065311415543
1610,CNP0358807.0,0.13393495518445953
1611,CNP0288472.0,0.1961750116244769
1612,CNP0429228.1,0.12777918137408936
1613,CNP0086522.1,0.08323631013113274
1614,CNP0337723.0,0.11023000681474851
1615,CNP0573943.1,0.14736269742958033
1616,CNP0498185.3,0.11369736803028023
1617,CNP0447182.0,0.07013186806534032
1618,CNP0474629.1,0.11102156720341515
1619,CNP0235558.1,0.10042471027671668
1620,CNP0383028.0,0.08796983260283839
1621,CNP0371243.2,0.17965314892334233
1622,CNP0222714.1,0.10596378232558458
1623,CNP0036084.0,0.0573704295983603
1624,CNP0384621.2,0.14329848492643452
1625,CNP0571472.1,0.015050644644455713
1626,CNP0002570.0,0.12552206680696973
1627,CNP0162761.0,0.11205589498173231
1628,CNP0196515.0,0.14489115019170248
1629,CNP0396357.0,0.09715958569962559
1630,CNP0562985.1,0.05456055120691491
1631,CNP0018679.0,0.05364676603893579
1632,CNP0223015.1,0.11670439088436887
1633,CNP0294270.1,0.16277726033267867
1634,CNP0316083.3,0.10355605641738934
1635,CNP0270140.1,0.05437092317363516
1636,CNP0054836.0,0.08770664371314524
1637,CNP0376868.3,0.12716961073867167
1638,CNP0336773.1,0.11150075444243555
1639,CNP0228615.1,0.11703845510151663
1640,CNP0330067.1,0.09304805074007287
1641,CNP0015644.1,0.10125282370547031
1642,CNP0484523.0,0.1216733495313277
1643,CNP0139043.6,0.1242856183480855
1644,CNP0370698.0,0.10818130286302258
1645,CNP0369138.2,0.15027846019664576
1646,CNP0136014.2,0.13407933307039824
1647,CNP0075224.1,0.08148284278782825
1648,CNP0166994.1,0.17906975045539916
1649,CNP0339191.1,0.1736662333721696
1650,CNP0396390.1,0.11619478167440273
1651,CNP0002844.0,0.19591289074136248
1652,CNP0480270.0,0.16336370715693993
1653,CNP0501108.1,0.0897196468206946
1654,CNP0580639.0,0.13460655393554902
1655,CNP0054237.0,0.13126570927633902
1656,CNP0047724.0,0.1695815273419338
1657,CNP0477625.0,0.10815954637440899
1658,CNP0110310.0,0.21856440528341056
1659,CNP0605590.0,0.0707860847461065
1660,CNP0356271.0,0.13050485455702757
1661,CNP0026185.0,0.1189443221004087
1662,CNP0550665.0,0.12224870905411202
1663,CNP0349380.0,0.12938381618556238
1664,CNP0328965.0,0.08512236851073253
1665,CNP0339954.0,0.1396225819695303
1666,CNP0374242.0,0.1551279493032566
1667,CNP0455144.0,0.15660660958544242
1668,CNP0009472.0,0.11501309744479049
1669,CNP0476759.0,0.06111769025636732
1670,CNP0421924.0,0.14265025833518416
1671,CNP0269243.0,0.15603960066833902
1672,CNP0586142.0,0.08237277848710978
1673,CNP0572784.0,0.12635026196833077
1674,CNP0357855.0,0.11323850836829559
1675,CNP0399219.0,0.12490209560514161
1676,CNP0391237.0,0.07714592698733375
1677,CNP0270316.0,0.13430542372674847
1678,CNP0337914.0,0.11212797108641079
1679,CNP0009917.0,0.09535321187262429
1680,CNP0573561.0,0.08668262612193274
1681,CNP0395222.0,0.09122535596954366
1682,CNP0598246.0,0.12342929795879211
