OriginalIndex,BaseValue
0,-8.651863560218846
3,-8.651863560218846
8,-8.651863560218846
10,-8.651863560218846
14,-8.651863560218846
19,-8.651863560218846
29,-8.651863560218846
31,-8.651863560218846
33,-8.651863560218846
35,-8.651863560218846
36,-8.651863560218846
39,-8.651863560218846
41,-8.651863560218846
47,-8.651863560218846
50,-8.651863560218846
63,-8.651863560218846
70,-8.651863560218846
73,-8.651863560218846
76,-8.651863560218846
79,-8.651863560218846
80,-8.651863560218846
88,-8.651863560218846
92,-8.651863560218846
93,-8.651863560218846
95,-8.651863560218846
96,-8.651863560218846
101,-8.651863560218846
103,-8.651863560218846
106,-8.651863560218846
107,-8.651863560218846
108,-8.651863560218846
119,-8.651863560218846
123,-8.651863560218846
131,-8.651863560218846
135,-8.651863560218846
144,-8.651863560218846
149,-8.651863560218846
169,-8.651863560218846
173,-8.651863560218846
177,-8.651863560218846
185,-8.651863560218846
200,-8.651863560218846
210,-8.651863560218846
214,-8.651863560218846
216,-8.651863560218846
217,-8.651863560218846
218,-8.651863560218846
245,-8.651863560218846
248,-8.651863560218846
251,-8.651863560218846
259,-8.651863560218846
263,-8.651863560218846
265,-8.651863560218846
267,-8.651863560218846
274,-8.651863560218846
286,-8.651863560218846
288,-8.651863560218846
290,-8.651863560218846
291,-8.651863560218846
293,-8.651863560218846
295,-8.651863560218846
299,-8.651863560218846
303,-8.651863560218846
304,-8.651863560218846
311,-8.651863560218846
315,-8.651863560218846
316,-8.651863560218846
318,-8.651863560218846
321,-8.651863560218846
330,-8.651863560218846
333,-8.651863560218846
335,-8.651863560218846
346,-8.651863560218846
349,-8.651863560218846
360,-8.651863560218846
367,-8.651863560218846
373,-8.651863560218846
379,-8.651863560218846
381,-8.651863560218846
388,-8.651863560218846
398,-8.651863560218846
399,-8.651863560218846
407,-8.651863560218846
408,-8.651863560218846
409,-8.651863560218846
410,-8.651863560218846
415,-8.651863560218846
416,-8.651863560218846
424,-8.651863560218846
426,-8.651863560218846
427,-8.651863560218846
428,-8.651863560218846
431,-8.651863560218846
434,-8.651863560218846
439,-8.651863560218846
440,-8.651863560218846
450,-8.651863560218846
457,-8.651863560218846
461,-8.651863560218846
465,-8.651863560218846
467,-8.651863560218846
468,-8.651863560218846
469,-8.651863560218846
472,-8.651863560218846
483,-8.651863560218846
486,-8.651863560218846
487,-8.651863560218846
496,-8.651863560218846
500,-8.651863560218846
510,-8.651863560218846
518,-8.651863560218846
530,-8.651863560218846
532,-8.651863560218846
533,-8.651863560218846
542,-8.651863560218846
543,-8.651863560218846
549,-8.651863560218846
554,-8.651863560218846
562,-8.651863560218846
563,-8.651863560218846
565,-8.651863560218846
567,-8.651863560218846
568,-8.651863560218846
573,-8.651863560218846
576,-8.651863560218846
577,-8.651863560218846
582,-8.651863560218846
586,-8.651863560218846
590,-8.651863560218846
592,-8.651863560218846
605,-8.651863560218846
608,-8.651863560218846
620,-8.651863560218846
621,-8.651863560218846
623,-8.651863560218846
624,-8.651863560218846
633,-8.651863560218846
637,-8.651863560218846
647,-8.651863560218846
651,-8.651863560218846
655,-8.651863560218846
668,-8.651863560218846
673,-8.651863560218846
676,-8.651863560218846
683,-8.651863560218846
694,-8.651863560218846
700,-8.651863560218846
704,-8.651863560218846
708,-8.651863560218846
710,-8.651863560218846
713,-8.651863560218846
714,-8.651863560218846
718,-8.651863560218846
730,-8.651863560218846
733,-8.651863560218846
735,-8.651863560218846
736,-8.651863560218846
740,-8.651863560218846
744,-8.651863560218846
747,-8.651863560218846
756,-8.651863560218846
758,-8.651863560218846
761,-8.651863560218846
764,-8.651863560218846
765,-8.651863560218846
774,-8.651863560218846
777,-8.651863560218846
782,-8.651863560218846
788,-8.651863560218846
794,-8.651863560218846
795,-8.651863560218846
799,-8.651863560218846
819,-8.651863560218846
836,-8.651863560218846
839,-8.651863560218846
850,-8.651863560218846
852,-8.651863560218846
856,-8.651863560218846
866,-8.651863560218846
868,-8.651863560218846
881,-8.651863560218846
883,-8.651863560218846
895,-8.651863560218846
900,-8.651863560218846
902,-8.651863560218846
908,-8.651863560218846
909,-8.651863560218846
914,-8.651863560218846
916,-8.651863560218846
921,-8.651863560218846
927,-8.651863560218846
932,-8.651863560218846
937,-8.651863560218846
952,-8.651863560218846
957,-8.651863560218846
958,-8.651863560218846
960,-8.651863560218846
967,-8.651863560218846
970,-8.651863560218846
971,-8.651863560218846
973,-8.651863560218846
993,-8.651863560218846
1002,-8.651863560218846
1010,-8.651863560218846
1011,-8.651863560218846
1022,-8.651863560218846
1026,-8.651863560218846
1039,-8.651863560218846
1041,-8.651863560218846
1042,-8.651863560218846
1053,-8.651863560218846
1056,-8.651863560218846
1061,-8.651863560218846
1068,-8.651863560218846
1071,-8.651863560218846
1076,-8.651863560218846
1078,-8.651863560218846
1082,-8.651863560218846
1084,-8.651863560218846
1087,-8.651863560218846
1090,-8.651863560218846
1107,-8.651863560218846
1110,-8.651863560218846
1111,-8.651863560218846
1112,-8.651863560218846
1113,-8.651863560218846
1118,-8.651863560218846
1121,-8.651863560218846
1123,-8.651863560218846
1142,-8.651863560218846
1145,-8.651863560218846
1147,-8.651863560218846
1149,-8.651863560218846
1155,-8.651863560218846
1156,-8.651863560218846
1157,-8.651863560218846
1160,-8.651863560218846
1166,-8.651863560218846
1175,-8.651863560218846
1178,-8.651863560218846
1180,-8.651863560218846
1183,-8.651863560218846
1188,-8.651863560218846
1190,-8.651863560218846
1193,-8.651863560218846
1194,-8.651863560218846
1195,-8.651863560218846
1199,-8.651863560218846
1201,-8.651863560218846
1206,-8.651863560218846
1208,-8.651863560218846
1210,-8.651863560218846
1213,-8.651863560218846
1217,-8.651863560218846
1219,-8.651863560218846
1224,-8.651863560218846
1233,-8.651863560218846
1237,-8.651863560218846
1245,-8.651863560218846
1247,-8.651863560218846
1250,-8.651863560218846
1253,-8.651863560218846
1254,-8.651863560218846
1261,-8.651863560218846
1277,-8.651863560218846
1281,-8.651863560218846
1282,-8.651863560218846
1284,-8.651863560218846
1285,-8.651863560218846
1297,-8.651863560218846
1303,-8.651863560218846
1320,-8.651863560218846
1330,-8.651863560218846
1345,-8.651863560218846
1347,-8.651863560218846
1350,-8.651863560218846
1351,-8.651863560218846
1355,-8.651863560218846
1360,-8.651863560218846
1368,-8.651863560218846
1369,-8.651863560218846
1373,-8.651863560218846
1374,-8.651863560218846
1383,-8.651863560218846
1393,-8.651863560218846
1396,-8.651863560218846
1399,-8.651863560218846
1402,-8.651863560218846
1406,-8.651863560218846
1408,-8.651863560218846
1413,-8.651863560218846
1418,-8.651863560218846
1421,-8.651863560218846
1427,-8.651863560218846
1432,-8.651863560218846
1433,-8.651863560218846
1434,-8.651863560218846
1437,-8.651863560218846
1453,-8.651863560218846
1454,-8.651863560218846
1457,-8.651863560218846
1458,-8.651863560218846
1459,-8.651863560218846
1470,-8.651863560218846
1472,-8.651863560218846
1479,-8.651863560218846
1486,-8.651863560218846
1488,-8.651863560218846
1491,-8.651863560218846
1494,-8.651863560218846
1496,-8.651863560218846
1498,-8.651863560218846
1501,-8.651863560218846
1506,-8.651863560218846
1509,-8.651863560218846
1511,-8.651863560218846
1512,-8.651863560218846
1516,-8.651863560218846
1523,-8.651863560218846
1530,-8.651863560218846
1533,-8.651863560218846
1536,-8.651863560218846
1562,-8.651863560218846
1566,-8.651863560218846
1570,-8.651863560218846
1572,-8.651863560218846
1576,-8.651863560218846
1578,-8.651863560218846
1579,-8.651863560218846
1584,-8.651863560218846
1593,-8.651863560218846
1594,-8.651863560218846
1595,-8.651863560218846
1597,-8.651863560218846
1602,-8.651863560218846
1608,-8.651863560218846
1616,-8.651863560218846
1617,-8.651863560218846
1623,-8.651863560218846
1626,-8.651863560218846
1634,-8.651863560218846
1643,-8.651863560218846
1650,-8.651863560218846
1655,-8.651863560218846
1660,-8.651863560218846
1662,-8.651863560218846
1669,-8.651863560218846
1670,-8.651863560218846
1671,-8.651863560218846
1683,-8.651863560218846
1688,-8.651863560218846
1691,-8.651863560218846
1692,-8.651863560218846
1701,-8.651863560218846
1703,-8.651863560218846
1710,-8.651863560218846
1713,-8.651863560218846
1718,-8.651863560218846
1720,-8.651863560218846
1722,-8.651863560218846
1730,-8.651863560218846
1731,-8.651863560218846
1732,-8.651863560218846
1740,-8.651863560218846
1744,-8.651863560218846
1746,-8.651863560218846
1747,-8.651863560218846
1758,-8.651863560218846
1766,-8.651863560218846
1768,-8.651863560218846
1775,-8.651863560218846
1780,-8.651863560218846
1783,-8.651863560218846
1785,-8.651863560218846
1786,-8.651863560218846
1791,-8.651863560218846
1793,-8.651863560218846
1795,-8.651863560218846
1803,-8.651863560218846
1805,-8.651863560218846
1807,-8.651863560218846
1825,-8.651863560218846
1833,-8.651863560218846
1835,-8.651863560218846
1839,-8.651863560218846
1844,-8.651863560218846
1845,-8.651863560218846
1851,-8.651863560218846
1862,-8.651863560218846
1864,-8.651863560218846
1870,-8.651863560218846
1883,-8.651863560218846
1885,-8.651863560218846
1889,-8.651863560218846
1891,-8.651863560218846
1896,-8.651863560218846
1904,-8.651863560218846
1905,-8.651863560218846
1923,-8.651863560218846
1935,-8.651863560218846
1941,-8.651863560218846
1950,-8.651863560218846
1952,-8.651863560218846
1953,-8.651863560218846
1954,-8.651863560218846
1964,-8.651863560218846
1965,-8.651863560218846
1971,-8.651863560218846
1978,-8.651863560218846
1981,-8.651863560218846
1983,-8.651863560218846
1984,-8.651863560218846
2009,-8.651863560218846
2012,-8.651863560218846
2015,-8.651863560218846
2018,-8.651863560218846
2020,-8.651863560218846
2021,-8.651863560218846
2030,-8.651863560218846
2034,-8.651863560218846
2036,-8.651863560218846
2039,-8.651863560218846
2046,-8.651863560218846
2055,-8.651863560218846
2069,-8.651863560218846
2075,-8.651863560218846
2085,-8.651863560218846
2087,-8.651863560218846
2088,-8.651863560218846
2102,-8.651863560218846
2107,-8.651863560218846
2108,-8.651863560218846
2109,-8.651863560218846
2119,-8.651863560218846
2124,-8.651863560218846
2127,-8.651863560218846
2128,-8.651863560218846
2140,-8.651863560218846
2142,-8.651863560218846
2145,-8.651863560218846
2150,-8.651863560218846
2152,-8.651863560218846
2154,-8.651863560218846
2157,-8.651863560218846
2167,-8.651863560218846
2168,-8.651863560218846
2174,-8.651863560218846
2183,-8.651863560218846
2184,-8.651863560218846
2189,-8.651863560218846
2191,-8.651863560218846
2199,-8.651863560218846
2210,-8.651863560218846
2211,-8.651863560218846
2214,-8.651863560218846
2215,-8.651863560218846
2216,-8.651863560218846
2221,-8.651863560218846
2227,-8.651863560218846
2232,-8.651863560218846
2236,-8.651863560218846
2238,-8.651863560218846
2239,-8.651863560218846
2245,-8.651863560218846
2249,-8.651863560218846
2252,-8.651863560218846
2254,-8.651863560218846
2260,-8.651863560218846
2270,-8.651863560218846
2271,-8.651863560218846
2288,-8.651863560218846
2301,-8.651863560218846
2310,-8.651863560218846
2312,-8.651863560218846
2318,-8.651863560218846
2325,-8.651863560218846
2328,-8.651863560218846
2337,-8.651863560218846
2340,-8.651863560218846
2344,-8.651863560218846
2348,-8.651863560218846
2351,-8.651863560218846
2357,-8.651863560218846
2360,-8.651863560218846
2367,-8.651863560218846
2372,-8.651863560218846
2377,-8.651863560218846
2388,-8.651863560218846
2389,-8.651863560218846
2390,-8.651863560218846
2391,-8.651863560218846
2392,-8.651863560218846
2405,-8.651863560218846
2406,-8.651863560218846
2407,-8.651863560218846
2412,-8.651863560218846
2417,-8.651863560218846
2422,-8.651863560218846
2425,-8.651863560218846
2439,-8.651863560218846
2447,-8.651863560218846
2452,-8.651863560218846
2453,-8.651863560218846
2455,-8.651863560218846
2457,-8.651863560218846
2458,-8.651863560218846
2459,-8.651863560218846
2464,-8.651863560218846
2465,-8.651863560218846
2471,-8.651863560218846
2473,-8.651863560218846
2474,-8.651863560218846
2478,-8.651863560218846
2483,-8.651863560218846
2485,-8.651863560218846
2487,-8.651863560218846
2492,-8.651863560218846
2498,-8.651863560218846
2507,-8.651863560218846
2514,-8.651863560218846
2516,-8.651863560218846
2517,-8.651863560218846
2519,-8.651863560218846
2522,-8.651863560218846
2527,-8.651863560218846
2531,-8.651863560218846
2564,-8.651863560218846
2574,-8.651863560218846
2576,-8.651863560218846
2577,-8.651863560218846
2582,-8.651863560218846
2585,-8.651863560218846
2586,-8.651863560218846
2588,-8.651863560218846
2589,-8.651863560218846
2592,-8.651863560218846
2595,-8.651863560218846
2609,-8.651863560218846
2611,-8.651863560218846
2613,-8.651863560218846
2614,-8.651863560218846
2615,-8.651863560218846
2619,-8.651863560218846
2620,-8.651863560218846
2625,-8.651863560218846
2626,-8.651863560218846
2627,-8.651863560218846
2628,-8.651863560218846
2629,-8.651863560218846
2631,-8.651863560218846
2638,-8.651863560218846
2651,-8.651863560218846
2664,-8.651863560218846
2676,-8.651863560218846
2678,-8.651863560218846
2680,-8.651863560218846
2684,-8.651863560218846
2685,-8.651863560218846
2688,-8.651863560218846
2691,-8.651863560218846
2692,-8.651863560218846
2701,-8.651863560218846
2709,-8.651863560218846
2714,-8.651863560218846
2715,-8.651863560218846
2732,-8.651863560218846
2751,-8.651863560218846
2754,-8.651863560218846
2759,-8.651863560218846
2760,-8.651863560218846
2762,-8.651863560218846
2771,-8.651863560218846
2777,-8.651863560218846
2791,-8.651863560218846
2802,-8.651863560218846
2807,-8.651863560218846
2816,-8.651863560218846
2818,-8.651863560218846
2826,-8.651863560218846
2836,-8.651863560218846
2846,-8.651863560218846
2847,-8.651863560218846
2855,-8.651863560218846
2858,-8.651863560218846
2864,-8.651863560218846
2874,-8.651863560218846
2882,-8.651863560218846
2884,-8.651863560218846
2899,-8.651863560218846
2901,-8.651863560218846
2910,-8.651863560218846
2913,-8.651863560218846
2922,-8.651863560218846
2927,-8.651863560218846
2929,-8.651863560218846
2932,-8.651863560218846
2935,-8.651863560218846
2947,-8.651863560218846
2948,-8.651863560218846
2952,-8.651863560218846
2954,-8.651863560218846
2955,-8.651863560218846
2956,-8.651863560218846
2960,-8.651863560218846
2973,-8.651863560218846
2974,-8.651863560218846
2982,-8.651863560218846
2986,-8.651863560218846
2992,-8.651863560218846
2998,-8.651863560218846
3000,-8.651863560218846
3003,-8.651863560218846
3006,-8.651863560218846
3011,-8.651863560218846
3013,-8.651863560218846
3015,-8.651863560218846
3017,-8.651863560218846
3021,-8.651863560218846
3024,-8.651863560218846
3025,-8.651863560218846
3027,-8.651863560218846
3031,-8.651863560218846
3034,-8.651863560218846
3037,-8.651863560218846
3038,-8.651863560218846
3043,-8.651863560218846
3047,-8.651863560218846
3048,-8.651863560218846
3053,-8.651863560218846
3058,-8.651863560218846
3059,-8.651863560218846
3060,-8.651863560218846
3063,-8.651863560218846
3065,-8.651863560218846
3068,-8.651863560218846
3069,-8.651863560218846
3079,-8.651863560218846
3082,-8.651863560218846
3088,-8.651863560218846
3090,-8.651863560218846
3094,-8.651863560218846
3100,-8.651863560218846
3101,-8.651863560218846
3105,-8.651863560218846
3111,-8.651863560218846
3125,-8.651863560218846
3131,-8.651863560218846
3133,-8.651863560218846
3139,-8.651863560218846
3143,-8.651863560218846
3146,-8.651863560218846
3148,-8.651863560218846
3160,-8.651863560218846
3166,-8.651863560218846
3181,-8.651863560218846
3184,-8.651863560218846
3187,-8.651863560218846
3194,-8.651863560218846
3206,-8.651863560218846
3207,-8.651863560218846
3210,-8.651863560218846
3231,-8.651863560218846
3234,-8.651863560218846
3238,-8.651863560218846
3263,-8.651863560218846
3264,-8.651863560218846
3265,-8.651863560218846
3272,-8.651863560218846
3279,-8.651863560218846
3284,-8.651863560218846
3288,-8.651863560218846
3290,-8.651863560218846
3295,-8.651863560218846
3297,-8.651863560218846
3299,-8.651863560218846
3307,-8.651863560218846
3312,-8.651863560218846
3314,-8.651863560218846
3315,-8.651863560218846
3316,-8.651863560218846
3319,-8.651863560218846
3328,-8.651863560218846
3329,-8.651863560218846
3333,-8.651863560218846
3334,-8.651863560218846
3344,-8.651863560218846
3349,-8.651863560218846
3355,-8.651863560218846
3369,-8.651863560218846
3370,-8.651863560218846
3375,-8.651863560218846
3378,-8.651863560218846
3379,-8.651863560218846
3387,-8.651863560218846
3393,-8.651863560218846
3399,-8.651863560218846
3400,-8.651863560218846
3403,-8.651863560218846
3404,-8.651863560218846
3405,-8.651863560218846
3411,-8.651863560218846
3412,-8.651863560218846
3413,-8.651863560218846
3424,-8.651863560218846
3434,-8.651863560218846
3437,-8.651863560218846
3441,-8.651863560218846
3447,-8.651863560218846
3448,-8.651863560218846
3457,-8.651863560218846
3458,-8.651863560218846
3461,-8.651863560218846
3465,-8.651863560218846
3467,-8.651863560218846
3468,-8.651863560218846
3470,-8.651863560218846
3485,-8.651863560218846
3487,-8.651863560218846
3488,-8.651863560218846
3495,-8.651863560218846
3501,-8.651863560218846
3520,-8.651863560218846
3523,-8.651863560218846
3524,-8.651863560218846
3526,-8.651863560218846
3527,-8.651863560218846
3529,-8.651863560218846
3541,-8.651863560218846
3543,-8.651863560218846
3546,-8.651863560218846
3547,-8.651863560218846
3550,-8.651863560218846
3559,-8.651863560218846
3562,-8.651863560218846
3570,-8.651863560218846
3574,-8.651863560218846
3578,-8.651863560218846
3585,-8.651863560218846
3592,-8.651863560218846
3593,-8.651863560218846
3614,-8.651863560218846
3616,-8.651863560218846
3635,-8.651863560218846
3643,-8.651863560218846
3649,-8.651863560218846
3652,-8.651863560218846
3660,-8.651863560218846
3668,-8.651863560218846
3678,-8.651863560218846
3679,-8.651863560218846
3680,-8.651863560218846
3685,-8.651863560218846
3688,-8.651863560218846
3689,-8.651863560218846
3693,-8.651863560218846
3703,-8.651863560218846
3705,-8.651863560218846
3707,-8.651863560218846
3717,-8.651863560218846
3721,-8.651863560218846
3724,-8.651863560218846
3737,-8.651863560218846
3742,-8.651863560218846
3745,-8.651863560218846
3746,-8.651863560218846
3755,-8.651863560218846
3761,-8.651863560218846
3772,-8.651863560218846
3773,-8.651863560218846
3777,-8.651863560218846
3780,-8.651863560218846
3781,-8.651863560218846
3784,-8.651863560218846
3787,-8.651863560218846
3798,-8.651863560218846
3819,-8.651863560218846
3822,-8.651863560218846
3834,-8.651863560218846
3837,-8.651863560218846
3838,-8.651863560218846
3842,-8.651863560218846
3844,-8.651863560218846
3846,-8.651863560218846
3852,-8.651863560218846
3853,-8.651863560218846
3857,-8.651863560218846
3858,-8.651863560218846
3860,-8.651863560218846
3869,-8.651863560218846
3872,-8.651863560218846
3881,-8.651863560218846
3885,-8.651863560218846
3886,-8.651863560218846
3887,-8.651863560218846
3891,-8.651863560218846
3894,-8.651863560218846
3898,-8.651863560218846
3910,-8.651863560218846
3914,-8.651863560218846
3919,-8.651863560218846
3928,-8.651863560218846
3936,-8.651863560218846
3938,-8.651863560218846
3941,-8.651863560218846
3942,-8.651863560218846
3946,-8.651863560218846
3948,-8.651863560218846
3949,-8.651863560218846
3952,-8.651863560218846
3958,-8.651863560218846
3963,-8.651863560218846
3971,-8.651863560218846
3979,-8.651863560218846
3984,-8.651863560218846
3989,-8.651863560218846
3994,-8.651863560218846
3995,-8.651863560218846
3999,-8.651863560218846
4001,-8.651863560218846
4004,-8.651863560218846
4010,-8.651863560218846
4012,-8.651863560218846
4026,-8.651863560218846
4028,-8.651863560218846
4029,-8.651863560218846
4031,-8.651863560218846
4035,-8.651863560218846
4040,-8.651863560218846
4053,-8.651863560218846
4055,-8.651863560218846
4064,-8.651863560218846
4065,-8.651863560218846
4067,-8.651863560218846
4074,-8.651863560218846
4080,-8.651863560218846
4081,-8.651863560218846
4091,-8.651863560218846
4092,-8.651863560218846
4093,-8.651863560218846
4094,-8.651863560218846
4095,-8.651863560218846
4097,-8.651863560218846
4098,-8.651863560218846
4099,-8.651863560218846
4100,-8.651863560218846
4102,-8.651863560218846
4110,-8.651863560218846
4111,-8.651863560218846
4127,-8.651863560218846
4139,-8.651863560218846
4148,-8.651863560218846
4149,-8.651863560218846
4165,-8.651863560218846
4170,-8.651863560218846
4184,-8.651863560218846
4190,-8.651863560218846
4193,-8.651863560218846
4201,-8.651863560218846
4209,-8.651863560218846
4210,-8.651863560218846
4219,-8.651863560218846
4220,-8.651863560218846
4221,-8.651863560218846
4226,-8.651863560218846
4233,-8.651863560218846
4238,-8.651863560218846
4245,-8.651863560218846
4253,-8.651863560218846
4256,-8.651863560218846
4257,-8.651863560218846
4265,-8.651863560218846
4269,-8.651863560218846
4271,-8.651863560218846
4273,-8.651863560218846
4281,-8.651863560218846
4299,-8.651863560218846
4301,-8.651863560218846
4313,-8.651863560218846
4326,-8.651863560218846
4329,-8.651863560218846
4332,-8.651863560218846
4335,-8.651863560218846
4337,-8.651863560218846
4339,-8.651863560218846
4341,-8.651863560218846
4342,-8.651863560218846
4344,-8.651863560218846
4352,-8.651863560218846
4353,-8.651863560218846
4354,-8.651863560218846
4365,-8.651863560218846
4366,-8.651863560218846
4372,-8.651863560218846
4374,-8.651863560218846
4381,-8.651863560218846
4382,-8.651863560218846
4393,-8.651863560218846
4394,-8.651863560218846
4395,-8.651863560218846
4397,-8.651863560218846
4398,-8.651863560218846
4401,-8.651863560218846
4403,-8.651863560218846
4404,-8.651863560218846
4412,-8.651863560218846
4415,-8.651863560218846
4417,-8.651863560218846
4418,-8.651863560218846
4419,-8.651863560218846
4420,-8.651863560218846
4421,-8.651863560218846
4429,-8.651863560218846
4438,-8.651863560218846
4442,-8.651863560218846
4448,-8.651863560218846
4449,-8.651863560218846
4457,-8.651863560218846
4463,-8.651863560218846
4466,-8.651863560218846
4477,-8.651863560218846
4483,-8.651863560218846
4504,-8.651863560218846
4511,-8.651863560218846
4513,-8.651863560218846
4518,-8.651863560218846
4519,-8.651863560218846
4532,-8.651863560218846
4533,-8.651863560218846
4536,-8.651863560218846
4537,-8.651863560218846
4540,-8.651863560218846
4541,-8.651863560218846
4553,-8.651863560218846
4561,-8.651863560218846
4568,-8.651863560218846
4572,-8.651863560218846
4573,-8.651863560218846
4584,-8.651863560218846
4597,-8.651863560218846
4598,-8.651863560218846
4604,-8.651863560218846
4605,-8.651863560218846
4606,-8.651863560218846
4608,-8.651863560218846
4609,-8.651863560218846
4610,-8.651863560218846
4618,-8.651863560218846
4619,-8.651863560218846
4622,-8.651863560218846
4625,-8.651863560218846
4634,-8.651863560218846
4639,-8.651863560218846
4665,-8.651863560218846
4671,-8.651863560218846
4674,-8.651863560218846
4676,-8.651863560218846
4679,-8.651863560218846
4680,-8.651863560218846
4684,-8.651863560218846
4685,-8.651863560218846
4687,-8.651863560218846
4688,-8.651863560218846
4696,-8.651863560218846
4705,-8.651863560218846
4706,-8.651863560218846
4708,-8.651863560218846
4710,-8.651863560218846
4715,-8.651863560218846
4716,-8.651863560218846
4720,-8.651863560218846
4721,-8.651863560218846
4722,-8.651863560218846
4724,-8.651863560218846
4740,-8.651863560218846
4754,-8.651863560218846
4766,-8.651863560218846
4770,-8.651863560218846
4772,-8.651863560218846
4779,-8.651863560218846
4782,-8.651863560218846
4786,-8.651863560218846
4791,-8.651863560218846
4792,-8.651863560218846
4807,-8.651863560218846
4808,-8.651863560218846
4810,-8.651863560218846
4812,-8.651863560218846
4816,-8.651863560218846
4822,-8.651863560218846
4825,-8.651863560218846
4829,-8.651863560218846
4832,-8.651863560218846
4836,-8.651863560218846
4838,-8.651863560218846
4847,-8.651863560218846
4850,-8.651863560218846
4851,-8.651863560218846
4860,-8.651863560218846
4864,-8.651863560218846
4867,-8.651863560218846
4868,-8.651863560218846
4870,-8.651863560218846
4871,-8.651863560218846
4879,-8.651863560218846
4880,-8.651863560218846
4890,-8.651863560218846
4894,-8.651863560218846
4896,-8.651863560218846
4898,-8.651863560218846
4899,-8.651863560218846
4901,-8.651863560218846
4907,-8.651863560218846
4918,-8.651863560218846
4919,-8.651863560218846
4949,-8.651863560218846
4955,-8.651863560218846
4959,-8.651863560218846
4969,-8.651863560218846
4972,-8.651863560218846
4978,-8.651863560218846
5003,-8.651863560218846
5006,-8.651863560218846
5009,-8.651863560218846
5011,-8.651863560218846
5015,-8.651863560218846
5019,-8.651863560218846
5027,-8.651863560218846
5028,-8.651863560218846
5030,-8.651863560218846
5034,-8.651863560218846
5035,-8.651863560218846
5046,-8.651863560218846
5049,-8.651863560218846
5050,-8.651863560218846
5058,-8.651863560218846
5062,-8.651863560218846
5064,-8.651863560218846
5066,-8.651863560218846
5071,-8.651863560218846
5079,-8.651863560218846
5081,-8.651863560218846
5082,-8.651863560218846
5090,-8.651863560218846
5092,-8.651863560218846
5094,-8.651863560218846
5099,-8.651863560218846
5135,-8.651863560218846
5138,-8.651863560218846
5143,-8.651863560218846
5144,-8.651863560218846
5145,-8.651863560218846
5151,-8.651863560218846
5153,-8.651863560218846
5155,-8.651863560218846
5156,-8.651863560218846
5170,-8.651863560218846
5174,-8.651863560218846
5186,-8.651863560218846
5193,-8.651863560218846
5194,-8.651863560218846
5196,-8.651863560218846
5198,-8.651863560218846
5202,-8.651863560218846
5204,-8.651863560218846
5206,-8.651863560218846
5210,-8.651863560218846
5224,-8.651863560218846
5225,-8.651863560218846
5239,-8.651863560218846
5245,-8.651863560218846
5250,-8.651863560218846
5259,-8.651863560218846
5262,-8.651863560218846
5264,-8.651863560218846
5273,-8.651863560218846
5277,-8.651863560218846
5286,-8.651863560218846
5294,-8.651863560218846
5297,-8.651863560218846
5298,-8.651863560218846
5302,-8.651863560218846
5306,-8.651863560218846
5312,-8.651863560218846
5323,-8.651863560218846
5331,-8.651863560218846
5335,-8.651863560218846
5337,-8.651863560218846
5344,-8.651863560218846
5354,-8.651863560218846
5357,-8.651863560218846
5358,-8.651863560218846
5360,-8.651863560218846
5361,-8.651863560218846
5362,-8.651863560218846
5363,-8.651863560218846
5365,-8.651863560218846
5369,-8.651863560218846
5371,-8.651863560218846
5377,-8.651863560218846
5379,-8.651863560218846
5381,-8.651863560218846
5382,-8.651863560218846
5386,-8.651863560218846
5391,-8.651863560218846
5397,-8.651863560218846
5398,-8.651863560218846
5403,-8.651863560218846
5414,-8.651863560218846
5421,-8.651863560218846
5426,-8.651863560218846
5438,-8.651863560218846
5440,-8.651863560218846
5441,-8.651863560218846
5452,-8.651863560218846
5477,-8.651863560218846
5478,-8.651863560218846
5479,-8.651863560218846
5492,-8.651863560218846
5493,-8.651863560218846
5502,-8.651863560218846
5503,-8.651863560218846
5508,-8.651863560218846
5511,-8.651863560218846
5521,-8.651863560218846
5527,-8.651863560218846
5532,-8.651863560218846
5544,-8.651863560218846
5545,-8.651863560218846
5549,-8.651863560218846
5551,-8.651863560218846
5566,-8.651863560218846
5572,-8.651863560218846
5577,-8.651863560218846
5580,-8.651863560218846
5582,-8.651863560218846
5583,-8.651863560218846
5597,-8.651863560218846
5598,-8.651863560218846
5613,-8.651863560218846
5615,-8.651863560218846
5616,-8.651863560218846
5620,-8.651863560218846
5632,-8.651863560218846
5635,-8.651863560218846
5638,-8.651863560218846
5643,-8.651863560218846
5651,-8.651863560218846
5652,-8.651863560218846
5663,-8.651863560218846
5676,-8.651863560218846
5678,-8.651863560218846
5680,-8.651863560218846
5682,-8.651863560218846
5683,-8.651863560218846
5684,-8.651863560218846
5689,-8.651863560218846
5692,-8.651863560218846
5700,-8.651863560218846
5701,-8.651863560218846
5703,-8.651863560218846
5706,-8.651863560218846
5707,-8.651863560218846
5712,-8.651863560218846
5714,-8.651863560218846
5727,-8.651863560218846
5728,-8.651863560218846
5729,-8.651863560218846
5733,-8.651863560218846
5740,-8.651863560218846
5743,-8.651863560218846
5747,-8.651863560218846
5748,-8.651863560218846
5751,-8.651863560218846
5756,-8.651863560218846
5761,-8.651863560218846
5762,-8.651863560218846
5763,-8.651863560218846
5764,-8.651863560218846
5766,-8.651863560218846
5767,-8.651863560218846
5775,-8.651863560218846
5786,-8.651863560218846
5790,-8.651863560218846
5798,-8.651863560218846
5799,-8.651863560218846
5803,-8.651863560218846
5804,-8.651863560218846
5816,-8.651863560218846
5820,-8.651863560218846
5822,-8.651863560218846
5829,-8.651863560218846
5830,-8.651863560218846
5833,-8.651863560218846
5835,-8.651863560218846
5840,-8.651863560218846
5848,-8.651863560218846
5851,-8.651863560218846
5852,-8.651863560218846
5853,-8.651863560218846
5856,-8.651863560218846
5858,-8.651863560218846
5859,-8.651863560218846
5860,-8.651863560218846
5872,-8.651863560218846
5882,-8.651863560218846
5903,-8.651863560218846
5905,-8.651863560218846
5908,-8.651863560218846
5910,-8.651863560218846
5912,-8.651863560218846
5914,-8.651863560218846
5920,-8.651863560218846
5928,-8.651863560218846
5931,-8.651863560218846
5940,-8.651863560218846
5943,-8.651863560218846
5948,-8.651863560218846
5950,-8.651863560218846
5955,-8.651863560218846
5957,-8.651863560218846
5961,-8.651863560218846
5963,-8.651863560218846
5968,-8.651863560218846
5974,-8.651863560218846
5979,-8.651863560218846
5980,-8.651863560218846
5981,-8.651863560218846
5982,-8.651863560218846
5987,-8.651863560218846
6001,-8.651863560218846
6004,-8.651863560218846
6010,-8.651863560218846
6011,-8.651863560218846
6014,-8.651863560218846
6021,-8.651863560218846
6022,-8.651863560218846
6030,-8.651863560218846
6032,-8.651863560218846
6037,-8.651863560218846
6044,-8.651863560218846
6054,-8.651863560218846
6062,-8.651863560218846
6069,-8.651863560218846
6076,-8.651863560218846
6077,-8.651863560218846
6080,-8.651863560218846
6081,-8.651863560218846
6084,-8.651863560218846
6106,-8.651863560218846
6107,-8.651863560218846
6109,-8.651863560218846
6110,-8.651863560218846
6114,-8.651863560218846
6117,-8.651863560218846
6118,-8.651863560218846
6119,-8.651863560218846
6123,-8.651863560218846
6125,-8.651863560218846
6135,-8.651863560218846
6137,-8.651863560218846
6141,-8.651863560218846
6145,-8.651863560218846
6147,-8.651863560218846
6152,-8.651863560218846
6153,-8.651863560218846
6157,-8.651863560218846
6162,-8.651863560218846
6169,-8.651863560218846
6178,-8.651863560218846
6189,-8.651863560218846
6201,-8.651863560218846
6213,-8.651863560218846
6216,-8.651863560218846
6220,-8.651863560218846
6221,-8.651863560218846
6225,-8.651863560218846
6227,-8.651863560218846
6237,-8.651863560218846
6243,-8.651863560218846
6249,-8.651863560218846
6252,-8.651863560218846
6253,-8.651863560218846
6258,-8.651863560218846
6270,-8.651863560218846
6277,-8.651863560218846
6282,-8.651863560218846
6290,-8.651863560218846
6291,-8.651863560218846
6301,-8.651863560218846
6311,-8.651863560218846
6319,-8.651863560218846
6326,-8.651863560218846
6330,-8.651863560218846
6343,-8.651863560218846
6346,-8.651863560218846
6348,-8.651863560218846
6355,-8.651863560218846
6357,-8.651863560218846
6369,-8.651863560218846
6372,-8.651863560218846
6375,-8.651863560218846
6377,-8.651863560218846
6385,-8.651863560218846
6387,-8.651863560218846
6389,-8.651863560218846
6391,-8.651863560218846
6392,-8.651863560218846
6395,-8.651863560218846
6400,-8.651863560218846
6403,-8.651863560218846
6408,-8.651863560218846
6412,-8.651863560218846
6414,-8.651863560218846
6425,-8.651863560218846
6429,-8.651863560218846
6433,-8.651863560218846
6434,-8.651863560218846
6435,-8.651863560218846
6436,-8.651863560218846
6443,-8.651863560218846
6444,-8.651863560218846
6449,-8.651863560218846
6455,-8.651863560218846
6458,-8.651863560218846
6459,-8.651863560218846
6463,-8.651863560218846
6466,-8.651863560218846
6475,-8.651863560218846
6489,-8.651863560218846
6492,-8.651863560218846
6499,-8.651863560218846
6505,-8.651863560218846
6508,-8.651863560218846
6510,-8.651863560218846
6517,-8.651863560218846
6520,-8.651863560218846
6521,-8.651863560218846
6531,-8.651863560218846
6545,-8.651863560218846
6553,-8.651863560218846
6556,-8.651863560218846
6561,-8.651863560218846
6567,-8.651863560218846
6572,-8.651863560218846
6577,-8.651863560218846
6578,-8.651863560218846
6584,-8.651863560218846
6594,-8.651863560218846
6595,-8.651863560218846
6601,-8.651863560218846
6606,-8.651863560218846
6613,-8.651863560218846
6615,-8.651863560218846
6621,-8.651863560218846
6622,-8.651863560218846
6624,-8.651863560218846
6631,-8.651863560218846
6657,-8.651863560218846
6658,-8.651863560218846
6660,-8.651863560218846
6663,-8.651863560218846
6669,-8.651863560218846
6670,-8.651863560218846
6676,-8.651863560218846
6682,-8.651863560218846
6699,-8.651863560218846
6705,-8.651863560218846
6711,-8.651863560218846
6713,-8.651863560218846
6715,-8.651863560218846
6717,-8.651863560218846
6724,-8.651863560218846
6729,-8.651863560218846
6733,-8.651863560218846
6734,-8.651863560218846
6740,-8.651863560218846
6742,-8.651863560218846
6750,-8.651863560218846
6753,-8.651863560218846
6754,-8.651863560218846
6755,-8.651863560218846
6758,-8.651863560218846
6759,-8.651863560218846
6760,-8.651863560218846
6762,-8.651863560218846
6765,-8.651863560218846
6768,-8.651863560218846
6769,-8.651863560218846
6774,-8.651863560218846
6778,-8.651863560218846
6779,-8.651863560218846
6790,-8.651863560218846
6803,-8.651863560218846
6804,-8.651863560218846
6805,-8.651863560218846
6814,-8.651863560218846
6821,-8.651863560218846
6824,-8.651863560218846
6826,-8.651863560218846
6827,-8.651863560218846
6829,-8.651863560218846
6838,-8.651863560218846
6839,-8.651863560218846
6840,-8.651863560218846
6843,-8.651863560218846
6845,-8.651863560218846
6848,-8.651863560218846
6856,-8.651863560218846
6860,-8.651863560218846
6861,-8.651863560218846
6870,-8.651863560218846
6875,-8.651863560218846
6876,-8.651863560218846
6885,-8.651863560218846
6903,-8.651863560218846
6906,-8.651863560218846
6908,-8.651863560218846
6912,-8.651863560218846
6914,-8.651863560218846
6916,-8.651863560218846
6926,-8.651863560218846
6930,-8.651863560218846
6931,-8.651863560218846
6933,-8.651863560218846
6934,-8.651863560218846
6948,-8.651863560218846
6950,-8.651863560218846
6951,-8.651863560218846
6955,-8.651863560218846
6957,-8.651863560218846
6962,-8.651863560218846
6964,-8.651863560218846
6982,-8.651863560218846
6984,-8.651863560218846
6987,-8.651863560218846
6994,-8.651863560218846
6997,-8.651863560218846
7012,-8.651863560218846
7013,-8.651863560218846
7017,-8.651863560218846
7018,-8.651863560218846
7021,-8.651863560218846
7023,-8.651863560218846
7028,-8.651863560218846
7036,-8.651863560218846
7040,-8.651863560218846
7047,-8.651863560218846
7049,-8.651863560218846
7050,-8.651863560218846
7066,-8.651863560218846
7067,-8.651863560218846
7070,-8.651863560218846
7076,-8.651863560218846
7077,-8.651863560218846
7082,-8.651863560218846
7093,-8.651863560218846
7104,-8.651863560218846
7107,-8.651863560218846
7111,-8.651863560218846
7113,-8.651863560218846
7118,-8.651863560218846
7120,-8.651863560218846
7143,-8.651863560218846
7169,-8.651863560218846
7173,-8.651863560218846
7194,-8.651863560218846
7197,-8.651863560218846
7202,-8.651863560218846
7211,-8.651863560218846
7212,-8.651863560218846
7216,-8.651863560218846
7220,-8.651863560218846
7228,-8.651863560218846
7229,-8.651863560218846
7231,-8.651863560218846
7251,-8.651863560218846
7255,-8.651863560218846
7260,-8.651863560218846
7273,-8.651863560218846
7276,-8.651863560218846
7277,-8.651863560218846
7278,-8.651863560218846
7279,-8.651863560218846
7284,-8.651863560218846
7286,-8.651863560218846
7289,-8.651863560218846
7297,-8.651863560218846
7309,-8.651863560218846
7317,-8.651863560218846
7324,-8.651863560218846
7328,-8.651863560218846
7337,-8.651863560218846
7342,-8.651863560218846
7346,-8.651863560218846
7348,-8.651863560218846
7367,-8.651863560218846
7370,-8.651863560218846
7383,-8.651863560218846
7386,-8.651863560218846
7387,-8.651863560218846
7388,-8.651863560218846
7411,-8.651863560218846
7422,-8.651863560218846
7428,-8.651863560218846
7438,-8.651863560218846
7440,-8.651863560218846
7441,-8.651863560218846
7442,-8.651863560218846
7443,-8.651863560218846
7444,-8.651863560218846
7454,-8.651863560218846
7458,-8.651863560218846
7464,-8.651863560218846
7471,-8.651863560218846
7472,-8.651863560218846
7474,-8.651863560218846
7481,-8.651863560218846
7487,-8.651863560218846
7495,-8.651863560218846
7499,-8.651863560218846
7501,-8.651863560218846
7502,-8.651863560218846
7507,-8.651863560218846
7514,-8.651863560218846
7515,-8.651863560218846
7516,-8.651863560218846
7522,-8.651863560218846
7523,-8.651863560218846
7525,-8.651863560218846
7529,-8.651863560218846
7532,-8.651863560218846
7536,-8.651863560218846
7538,-8.651863560218846
7542,-8.651863560218846
7556,-8.651863560218846
7563,-8.651863560218846
7566,-8.651863560218846
7579,-8.651863560218846
7581,-8.651863560218846
7582,-8.651863560218846
7588,-8.651863560218846
7589,-8.651863560218846
7591,-8.651863560218846
7599,-8.651863560218846
7613,-8.651863560218846
7615,-8.651863560218846
7620,-8.651863560218846
7626,-8.651863560218846
7627,-8.651863560218846
7635,-8.651863560218846
7636,-8.651863560218846
7639,-8.651863560218846
7642,-8.651863560218846
7644,-8.651863560218846
7647,-8.651863560218846
7654,-8.651863560218846
7655,-8.651863560218846
7658,-8.651863560218846
7660,-8.651863560218846
7663,-8.651863560218846
7664,-8.651863560218846
7666,-8.651863560218846
7672,-8.651863560218846
7680,-8.651863560218846
7685,-8.651863560218846
7696,-8.651863560218846
7698,-8.651863560218846
7717,-8.651863560218846
7728,-8.651863560218846
7729,-8.651863560218846
7733,-8.651863560218846
7737,-8.651863560218846
7739,-8.651863560218846
7743,-8.651863560218846
7745,-8.651863560218846
7750,-8.651863560218846
7752,-8.651863560218846
7755,-8.651863560218846
7756,-8.651863560218846
7766,-8.651863560218846
7795,-8.651863560218846
7802,-8.651863560218846
7803,-8.651863560218846
7814,-8.651863560218846
7816,-8.651863560218846
7817,-8.651863560218846
7821,-8.651863560218846
7824,-8.651863560218846
7829,-8.651863560218846
7838,-8.651863560218846
7841,-8.651863560218846
7845,-8.651863560218846
7847,-8.651863560218846
7859,-8.651863560218846
7864,-8.651863560218846
7868,-8.651863560218846
7874,-8.651863560218846
7881,-8.651863560218846
7893,-8.651863560218846
7895,-8.651863560218846
7905,-8.651863560218846
7908,-8.651863560218846
7915,-8.651863560218846
7917,-8.651863560218846
7918,-8.651863560218846
7926,-8.651863560218846
7930,-8.651863560218846
7944,-8.651863560218846
7946,-8.651863560218846
7954,-8.651863560218846
7955,-8.651863560218846
7966,-8.651863560218846
7968,-8.651863560218846
7972,-8.651863560218846
7978,-8.651863560218846
7983,-8.651863560218846
7990,-8.651863560218846
7998,-8.651863560218846
8011,-8.651863560218846
8015,-8.651863560218846
8018,-8.651863560218846
8019,-8.651863560218846
8026,-8.651863560218846
8028,-8.651863560218846
8031,-8.651863560218846
8035,-8.651863560218846
8045,-8.651863560218846
8047,-8.651863560218846
8072,-8.651863560218846
8075,-8.651863560218846
8077,-8.651863560218846
8092,-8.651863560218846
8099,-8.651863560218846
8104,-8.651863560218846
8107,-8.651863560218846
8108,-8.651863560218846
8111,-8.651863560218846
8115,-8.651863560218846
8117,-8.651863560218846
8126,-8.651863560218846
8127,-8.651863560218846
8131,-8.651863560218846
8134,-8.651863560218846
8136,-8.651863560218846
8143,-8.651863560218846
8147,-8.651863560218846
8148,-8.651863560218846
8149,-8.651863560218846
8159,-8.651863560218846
8171,-8.651863560218846
8184,-8.651863560218846
8198,-8.651863560218846
8203,-8.651863560218846
8216,-8.651863560218846
8217,-8.651863560218846
8225,-8.651863560218846
8231,-8.651863560218846
8247,-8.651863560218846
8249,-8.651863560218846
8254,-8.651863560218846
8255,-8.651863560218846
8256,-8.651863560218846
8260,-8.651863560218846
8261,-8.651863560218846
8262,-8.651863560218846
8263,-8.651863560218846
8274,-8.651863560218846
8280,-8.651863560218846
8281,-8.651863560218846
8285,-8.651863560218846
8289,-8.651863560218846
8296,-8.651863560218846
8299,-8.651863560218846
8314,-8.651863560218846
8328,-8.651863560218846
8341,-8.651863560218846
8344,-8.651863560218846
8345,-8.651863560218846
8347,-8.651863560218846
8353,-8.651863560218846
8355,-8.651863560218846
8360,-8.651863560218846
8370,-8.651863560218846
8373,-8.651863560218846
8376,-8.651863560218846
8385,-8.651863560218846
8390,-8.651863560218846
8391,-8.651863560218846
8394,-8.651863560218846
8396,-8.651863560218846
8399,-8.651863560218846
8400,-8.651863560218846
8402,-8.651863560218846
8408,-8.651863560218846
8416,-8.651863560218846
8419,-8.651863560218846
8420,-8.651863560218846
8423,-8.651863560218846
8424,-8.651863560218846
8430,-8.651863560218846
8446,-8.651863560218846
8450,-8.651863560218846
8459,-8.651863560218846
8466,-8.651863560218846
8469,-8.651863560218846
8471,-8.651863560218846
8482,-8.651863560218846
8489,-8.651863560218846
8491,-8.651863560218846
8492,-8.651863560218846
8510,-8.651863560218846
8515,-8.651863560218846
8518,-8.651863560218846
8520,-8.651863560218846
8523,-8.651863560218846
8531,-8.651863560218846
8537,-8.651863560218846
8538,-8.651863560218846
8558,-8.651863560218846
8565,-8.651863560218846
8572,-8.651863560218846
8573,-8.651863560218846
8578,-8.651863560218846
8579,-8.651863560218846
8581,-8.651863560218846
8584,-8.651863560218846
8588,-8.651863560218846
8589,-8.651863560218846
8603,-8.651863560218846
8611,-8.651863560218846
8621,-8.651863560218846
8624,-8.651863560218846
8627,-8.651863560218846
8631,-8.651863560218846
8639,-8.651863560218846
8655,-8.651863560218846
8657,-8.651863560218846
8660,-8.651863560218846
8663,-8.651863560218846
8664,-8.651863560218846
8674,-8.651863560218846
8675,-8.651863560218846
8677,-8.651863560218846
8681,-8.651863560218846
8682,-8.651863560218846
8686,-8.651863560218846
8692,-8.651863560218846
8694,-8.651863560218846
8709,-8.651863560218846
8735,-8.651863560218846
8740,-8.651863560218846
8742,-8.651863560218846
8744,-8.651863560218846
8756,-8.651863560218846
8757,-8.651863560218846
8758,-8.651863560218846
8759,-8.651863560218846
8761,-8.651863560218846
8769,-8.651863560218846
8778,-8.651863560218846
8786,-8.651863560218846
8793,-8.651863560218846
8796,-8.651863560218846
8797,-8.651863560218846
8799,-8.651863560218846
8802,-8.651863560218846
8810,-8.651863560218846
8813,-8.651863560218846
8819,-8.651863560218846
8827,-8.651863560218846
8830,-8.651863560218846
8834,-8.651863560218846
8836,-8.651863560218846
8842,-8.651863560218846
8844,-8.651863560218846
8846,-8.651863560218846
8850,-8.651863560218846
8851,-8.651863560218846
8861,-8.651863560218846
8862,-8.651863560218846
8866,-8.651863560218846
8868,-8.651863560218846
8871,-8.651863560218846
8873,-8.651863560218846
8877,-8.651863560218846
8881,-8.651863560218846
8883,-8.651863560218846
8887,-8.651863560218846
8888,-8.651863560218846
8890,-8.651863560218846
8897,-8.651863560218846
8910,-8.651863560218846
8911,-8.651863560218846
8912,-8.651863560218846
8916,-8.651863560218846
8919,-8.651863560218846
8934,-8.651863560218846
8937,-8.651863560218846
8943,-8.651863560218846
8944,-8.651863560218846
8952,-8.651863560218846
8955,-8.651863560218846
8956,-8.651863560218846
8957,-8.651863560218846
8963,-8.651863560218846
8970,-8.651863560218846
8971,-8.651863560218846
8974,-8.651863560218846
8975,-8.651863560218846
8988,-8.651863560218846
8990,-8.651863560218846
8993,-8.651863560218846
8995,-8.651863560218846
8998,-8.651863560218846
9000,-8.651863560218846
9010,-8.651863560218846
9014,-8.651863560218846
9015,-8.651863560218846
9029,-8.651863560218846
9032,-8.651863560218846
9033,-8.651863560218846
9036,-8.651863560218846
9050,-8.651863560218846
9056,-8.651863560218846
9069,-8.651863560218846
9085,-8.651863560218846
9097,-8.651863560218846
9099,-8.651863560218846
9102,-8.651863560218846
9113,-8.651863560218846
9115,-8.651863560218846
9117,-8.651863560218846
9120,-8.651863560218846
9125,-8.651863560218846
9128,-8.651863560218846
9134,-8.651863560218846
9145,-8.651863560218846
9147,-8.651863560218846
9156,-8.651863560218846
9176,-8.651863560218846
9178,-8.651863560218846
9185,-8.651863560218846
9190,-8.651863560218846
9193,-8.651863560218846
9195,-8.651863560218846
9201,-8.651863560218846
9205,-8.651863560218846
9209,-8.651863560218846
9214,-8.651863560218846
9216,-8.651863560218846
9219,-8.651863560218846
9226,-8.651863560218846
9230,-8.651863560218846
9236,-8.651863560218846
9238,-8.651863560218846
9239,-8.651863560218846
9246,-8.651863560218846
9247,-8.651863560218846
9259,-8.651863560218846
9263,-8.651863560218846
9270,-8.651863560218846
9279,-8.651863560218846
9283,-8.651863560218846
9289,-8.651863560218846
9295,-8.651863560218846
9300,-8.651863560218846
9301,-8.651863560218846
9304,-8.651863560218846
9305,-8.651863560218846
9312,-8.651863560218846
9316,-8.651863560218846
9317,-8.651863560218846
9320,-8.651863560218846
9325,-8.651863560218846
9330,-8.651863560218846
9346,-8.651863560218846
9363,-8.651863560218846
9365,-8.651863560218846
9380,-8.651863560218846
9384,-8.651863560218846
9387,-8.651863560218846
9391,-8.651863560218846
9403,-8.651863560218846
9408,-8.651863560218846
9410,-8.651863560218846
9414,-8.651863560218846
9418,-8.651863560218846
9419,-8.651863560218846
9424,-8.651863560218846
9431,-8.651863560218846
9445,-8.651863560218846
9449,-8.651863560218846
9451,-8.651863560218846
9485,-8.651863560218846
9487,-8.651863560218846
9488,-8.651863560218846
9493,-8.651863560218846
9494,-8.651863560218846
9497,-8.651863560218846
9507,-8.651863560218846
9514,-8.651863560218846
9515,-8.651863560218846
9528,-8.651863560218846
9531,-8.651863560218846
9535,-8.651863560218846
9538,-8.651863560218846
9543,-8.651863560218846
9553,-8.651863560218846
9554,-8.651863560218846
9558,-8.651863560218846
9560,-8.651863560218846
9565,-8.651863560218846
9568,-8.651863560218846
9571,-8.651863560218846
9581,-8.651863560218846
9582,-8.651863560218846
9583,-8.651863560218846
9589,-8.651863560218846
9594,-8.651863560218846
9596,-8.651863560218846
9597,-8.651863560218846
9604,-8.651863560218846
9606,-8.651863560218846
9607,-8.651863560218846
9609,-8.651863560218846
9611,-8.651863560218846
9614,-8.651863560218846
9616,-8.651863560218846
9623,-8.651863560218846
9625,-8.651863560218846
9626,-8.651863560218846
9634,-8.651863560218846
9644,-8.651863560218846
9647,-8.651863560218846
9649,-8.651863560218846
9651,-8.651863560218846
9656,-8.651863560218846
9657,-8.651863560218846
9665,-8.651863560218846
9671,-8.651863560218846
9672,-8.651863560218846
9679,-8.651863560218846
9688,-8.651863560218846
9690,-8.651863560218846
9695,-8.651863560218846
9698,-8.651863560218846
9701,-8.651863560218846
9703,-8.651863560218846
9704,-8.651863560218846
9714,-8.651863560218846
9715,-8.651863560218846
9718,-8.651863560218846
9729,-8.651863560218846
9731,-8.651863560218846
9735,-8.651863560218846
9740,-8.651863560218846
9743,-8.651863560218846
9745,-8.651863560218846
9746,-8.651863560218846
9751,-8.651863560218846
9758,-8.651863560218846
9764,-8.651863560218846
9770,-8.651863560218846
9771,-8.651863560218846
9780,-8.651863560218846
9785,-8.651863560218846
9786,-8.651863560218846
9796,-8.651863560218846
9800,-8.651863560218846
9806,-8.651863560218846
9809,-8.651863560218846
9824,-8.651863560218846
9837,-8.651863560218846
9838,-8.651863560218846
9839,-8.651863560218846
9840,-8.651863560218846
9849,-8.651863560218846
9857,-8.651863560218846
9859,-8.651863560218846
9875,-8.651863560218846
9876,-8.651863560218846
9878,-8.651863560218846
9880,-8.651863560218846
9891,-8.651863560218846
9895,-8.651863560218846
9897,-8.651863560218846
9898,-8.651863560218846
9901,-8.651863560218846
9915,-8.651863560218846
9917,-8.651863560218846
9918,-8.651863560218846
9919,-8.651863560218846
9921,-8.651863560218846
9922,-8.651863560218846
9931,-8.651863560218846
9932,-8.651863560218846
9947,-8.651863560218846
9951,-8.651863560218846
9955,-8.651863560218846
9958,-8.651863560218846
9965,-8.651863560218846
9967,-8.651863560218846
9968,-8.651863560218846
9969,-8.651863560218846
10004,-8.651863560218846
10005,-8.651863560218846
10006,-8.651863560218846
10007,-8.651863560218846
10012,-8.651863560218846
10013,-8.651863560218846
10017,-8.651863560218846
10025,-8.651863560218846
10030,-8.651863560218846
10039,-8.651863560218846
10041,-8.651863560218846
10046,-8.651863560218846
10051,-8.651863560218846
10053,-8.651863560218846
10062,-8.651863560218846
10070,-8.651863560218846
10086,-8.651863560218846
10092,-8.651863560218846
10094,-8.651863560218846
10095,-8.651863560218846
10099,-8.651863560218846
10101,-8.651863560218846
10113,-8.651863560218846
10115,-8.651863560218846
10117,-8.651863560218846
10135,-8.651863560218846
10140,-8.651863560218846
10142,-8.651863560218846
10151,-8.651863560218846
10153,-8.651863560218846
10154,-8.651863560218846
10159,-8.651863560218846
10163,-8.651863560218846
10168,-8.651863560218846
10179,-8.651863560218846
10180,-8.651863560218846
10187,-8.651863560218846
10190,-8.651863560218846
10193,-8.651863560218846
10196,-8.651863560218846
10198,-8.651863560218846
10199,-8.651863560218846
10219,-8.651863560218846
10221,-8.651863560218846
10222,-8.651863560218846
10226,-8.651863560218846
10228,-8.651863560218846
10242,-8.651863560218846
10250,-8.651863560218846
10258,-8.651863560218846
10260,-8.651863560218846
10271,-8.651863560218846
10272,-8.651863560218846
10274,-8.651863560218846
10276,-8.651863560218846
10279,-8.651863560218846
10282,-8.651863560218846
10283,-8.651863560218846
10288,-8.651863560218846
10290,-8.651863560218846
10292,-8.651863560218846
10294,-8.651863560218846
10299,-8.651863560218846
10301,-8.651863560218846
10306,-8.651863560218846
10309,-8.651863560218846
10312,-8.651863560218846
10317,-8.651863560218846
10322,-8.651863560218846
10325,-8.651863560218846
10326,-8.651863560218846
10327,-8.651863560218846
10329,-8.651863560218846
10334,-8.651863560218846
10335,-8.651863560218846
10343,-8.651863560218846
10346,-8.651863560218846
10353,-8.651863560218846
10363,-8.651863560218846
10367,-8.651863560218846
10369,-8.651863560218846
10379,-8.651863560218846
10388,-8.651863560218846
10389,-8.651863560218846
10390,-8.651863560218846
10392,-8.651863560218846
10395,-8.651863560218846
10408,-8.651863560218846
10413,-8.651863560218846
10414,-8.651863560218846
10418,-8.651863560218846
10420,-8.651863560218846
10423,-8.651863560218846
10427,-8.651863560218846
10430,-8.651863560218846
10432,-8.651863560218846
10440,-8.651863560218846
10441,-8.651863560218846
10447,-8.651863560218846
10454,-8.651863560218846
10459,-8.651863560218846
10463,-8.651863560218846
10466,-8.651863560218846
10468,-8.651863560218846
10471,-8.651863560218846
10473,-8.651863560218846
10479,-8.651863560218846
10480,-8.651863560218846
10496,-8.651863560218846
10499,-8.651863560218846
10501,-8.651863560218846
10516,-8.651863560218846
10522,-8.651863560218846
10540,-8.651863560218846
10544,-8.651863560218846
10546,-8.651863560218846
10547,-8.651863560218846
10553,-8.651863560218846
10558,-8.651863560218846
10588,-8.651863560218846
10597,-8.651863560218846
10606,-8.651863560218846
10609,-8.651863560218846
10625,-8.651863560218846
10640,-8.651863560218846
10641,-8.651863560218846
10642,-8.651863560218846
10652,-8.651863560218846
10669,-8.651863560218846
10680,-8.651863560218846
10685,-8.651863560218846
10687,-8.651863560218846
10689,-8.651863560218846
10690,-8.651863560218846
10692,-8.651863560218846
10700,-8.651863560218846
10705,-8.651863560218846
10708,-8.651863560218846
10717,-8.651863560218846
10718,-8.651863560218846
10719,-8.651863560218846
10728,-8.651863560218846
10737,-8.651863560218846
10739,-8.651863560218846
10747,-8.651863560218846
10749,-8.651863560218846
10758,-8.651863560218846
10764,-8.651863560218846
10766,-8.651863560218846
10769,-8.651863560218846
10776,-8.651863560218846
10786,-8.651863560218846
10787,-8.651863560218846
10803,-8.651863560218846
10810,-8.651863560218846
10812,-8.651863560218846
10824,-8.651863560218846
10826,-8.651863560218846
10832,-8.651863560218846
10838,-8.651863560218846
10840,-8.651863560218846
10843,-8.651863560218846
10844,-8.651863560218846
10864,-8.651863560218846
10869,-8.651863560218846
10872,-8.651863560218846
10875,-8.651863560218846
10883,-8.651863560218846
10884,-8.651863560218846
10887,-8.651863560218846
10889,-8.651863560218846
10896,-8.651863560218846
10902,-8.651863560218846
10905,-8.651863560218846
10907,-8.651863560218846
10915,-8.651863560218846
10916,-8.651863560218846
10917,-8.651863560218846
10926,-8.651863560218846
10928,-8.651863560218846
10929,-8.651863560218846
10930,-8.651863560218846
10933,-8.651863560218846
10941,-8.651863560218846
10945,-8.651863560218846
10952,-8.651863560218846
10954,-8.651863560218846
10967,-8.651863560218846
10974,-8.651863560218846
10976,-8.651863560218846
10978,-8.651863560218846
10980,-8.651863560218846
10983,-8.651863560218846
10987,-8.651863560218846
10995,-8.651863560218846
10996,-8.651863560218846
10998,-8.651863560218846
11004,-8.651863560218846
11012,-8.651863560218846
11019,-8.651863560218846
11023,-8.651863560218846
11025,-8.651863560218846
11031,-8.651863560218846
11040,-8.651863560218846
11061,-8.651863560218846
11062,-8.651863560218846
11072,-8.651863560218846
11075,-8.651863560218846
11082,-8.651863560218846
11085,-8.651863560218846
11090,-8.651863560218846
11092,-8.651863560218846
11093,-8.651863560218846
11095,-8.651863560218846
11098,-8.651863560218846
11106,-8.651863560218846
11113,-8.651863560218846
11114,-8.651863560218846
11120,-8.651863560218846
11132,-8.651863560218846
11146,-8.651863560218846
11147,-8.651863560218846
11152,-8.651863560218846
11153,-8.651863560218846
11155,-8.651863560218846
11159,-8.651863560218846
11161,-8.651863560218846
11162,-8.651863560218846
11163,-8.651863560218846
11166,-8.651863560218846
11168,-8.651863560218846
11173,-8.651863560218846
11177,-8.651863560218846
11178,-8.651863560218846
11179,-8.651863560218846
11190,-8.651863560218846
11201,-8.651863560218846
11210,-8.651863560218846
11214,-8.651863560218846
11220,-8.651863560218846
11222,-8.651863560218846
11227,-8.651863560218846
11234,-8.651863560218846
11235,-8.651863560218846
11239,-8.651863560218846
11241,-8.651863560218846
11242,-8.651863560218846
11244,-8.651863560218846
11247,-8.651863560218846
11252,-8.651863560218846
11263,-8.651863560218846
11268,-8.651863560218846
11287,-8.651863560218846
11288,-8.651863560218846
11294,-8.651863560218846
11304,-8.651863560218846
11311,-8.651863560218846
11312,-8.651863560218846
11314,-8.651863560218846
11318,-8.651863560218846
11319,-8.651863560218846
11321,-8.651863560218846
11325,-8.651863560218846
11329,-8.651863560218846
11341,-8.651863560218846
11351,-8.651863560218846
11352,-8.651863560218846
11357,-8.651863560218846
