OriginalIndex,identifier
15,CNP0000413.0
26,CNP0000616.0
27,CNP0000625.0
28,CNP0000658.0
34,CNP0000788.0
44,CNP0001365.0
51,CNP0001702.1
52,CNP0001937.1
66,CNP0002939.0
67,CNP0003133.0
69,CNP0003409.0
71,CNP0003433.1
75,CNP0003706.1
90,CNP0005392.1
109,CNP0006854.1
110,CNP0006875.1
121,CNP0008052.3
124,CNP0008430.1
128,CNP0008673.1
129,CNP0008801.1
142,CNP0009896.2
143,CNP0009913.0
151,CNP0010659.1
156,CNP0011110.1
170,CNP0012029.1
171,CNP0012034.1
178,CNP0012742.1
183,CNP0013183.2
184,CNP0013185.1
186,CNP0013405.1
191,CNP0013698.1
198,CNP0014239.1
220,CNP0016663.1
223,CNP0016771.1
228,CNP0017297.1
237,CNP0018586.1
240,CNP0018665.1
242,CNP0018700.0
243,CNP0018722.0
256,CNP0021809.1
268,CNP0023706.1
272,CNP0024347.0
273,CNP0024381.0
275,CNP0024470.3
279,CNP0025598.1
284,CNP0026185.0
287,CNP0026271.1
296,CNP0027989.0
297,CNP0028108.0
300,CNP0028592.1
307,CNP0029694.1
310,CNP0030146.2
312,CNP0030813.2
314,CNP0031113.4
320,CNP0031996.1
322,CNP0032111.1
324,CNP0032250.1
325,CNP0032351.1
326,CNP0032523.1
327,CNP0032565.0
336,CNP0034524.1
339,CNP0035104.2
343,CNP0035616.0
344,CNP0035781.0
348,CNP0036356.1
351,CNP0036693.6
363,CNP0038563.2
366,CNP0038929.0
371,CNP0039308.1
375,CNP0039804.1
377,CNP0039873.1
378,CNP0039902.3
380,CNP0040720.0
387,CNP0041811.1
397,CNP0043046.1
421,CNP0046362.1
422,CNP0046365.0
425,CNP0046604.1
430,CNP0047267.1
437,CNP0047962.0
443,CNP0048685.0
446,CNP0049064.1
452,CNP0049465.0
463,CNP0051348.0
464,CNP0051443.0
470,CNP0052088.1
471,CNP0052293.1
477,CNP0052751.1
478,CNP0052759.5
479,CNP0052779.1
491,CNP0054414.1
494,CNP0054517.2
495,CNP0054534.1
497,CNP0054589.1
501,CNP0054836.0
505,CNP0055109.4
506,CNP0055236.3
507,CNP0055268.3
534,CNP0058565.8
546,CNP0059823.1
547,CNP0059872.1
548,CNP0059988.1
553,CNP0060538.3
555,CNP0060686.2
558,CNP0060924.2
570,CNP0062531.2
584,CNP0063372.1
585,CNP0063560.2
588,CNP0063986.1
589,CNP0064219.0
598,CNP0065128.1
599,CNP0065261.0
616,CNP0067697.1
622,CNP0068165.5
626,CNP0068555.1
627,CNP0069222.3
636,CNP0069775.1
640,CNP0070050.1
641,CNP0070050.2
642,CNP0070239.1
650,CNP0070596.1
652,CNP0070652.5
656,CNP0071200.1
657,CNP0071387.1
662,CNP0071560.1
665,CNP0071704.1
672,CNP0072214.1
677,CNP0072883.1
681,CNP0073169.1
684,CNP0073332.2
691,CNP0074021.1
709,CNP0075330.2
721,CNP0075768.1
723,CNP0075805.2
725,CNP0075834.9
729,CNP0075964.0
732,CNP0076255.1
734,CNP0076437.0
746,CNP0077616.1
751,CNP0077771.0
755,CNP0078149.0
757,CNP0078259.1
762,CNP0078830.1
773,CNP0376277.1
776,CNP0376423.2
783,CNP0376810.1
786,CNP0376866.0
787,CNP0376868.3
790,CNP0376978.1
797,CNP0377758.2
798,CNP0377785.1
805,CNP0378427.1
807,CNP0378450.12
808,CNP0378450.7
813,CNP0378642.3
815,CNP0378687.1
817,CNP0378745.1
826,CNP0379209.2
829,CNP0379359.1
838,CNP0379897.1
840,CNP0380027.2
843,CNP0380159.5
844,CNP0380196.0
848,CNP0380451.2
849,CNP0380467.2
861,CNP0381203.1
864,CNP0381293.2
865,CNP0381293.3
870,CNP0381413.3
875,CNP0381659.1
884,CNP0382105.1
886,CNP0382215.2
888,CNP0382317.1
889,CNP0382329.0
890,CNP0382414.0
893,CNP0382669.1
896,CNP0382751.1
901,CNP0382986.1
903,CNP0383028.0
904,CNP0383070.1
907,CNP0383169.2
911,CNP0383457.1
912,CNP0383465.1
915,CNP0383651.0
925,CNP0384165.2
926,CNP0384206.3
931,CNP0384654.3
938,CNP0384953.1
939,CNP0384999.2
941,CNP0385016.2
944,CNP0385242.1
961,CNP0385945.1
962,CNP0385957.0
969,CNP0386327.2
975,CNP0386576.2
977,CNP0386766.0
978,CNP0386799.1
983,CNP0387119.1
985,CNP0387144.1
991,CNP0387446.4
996,CNP0387622.1
998,CNP0387671.1
1001,CNP0387789.1
1003,CNP0387979.4
1004,CNP0388019.4
1008,CNP0388159.2
1024,CNP0388826.1
1030,CNP0389245.3
1032,CNP0389295.0
1033,CNP0389373.5
1036,CNP0389656.1
1049,CNP0390553.1
1051,CNP0390880.0
1067,CNP0391425.1
1073,CNP0391904.2
1079,CNP0392069.4
1083,CNP0392328.0
1086,CNP0392584.2
1094,CNP0393066.3
1106,CNP0393550.2
1117,CNP0394400.2
1119,CNP0394792.1
1128,CNP0395245.1
1129,CNP0395246.1
1131,CNP0395310.2
1133,CNP0395423.1
1152,CNP0397462.1
1158,CNP0398113.1
1161,CNP0398254.1
1163,CNP0398283.1
1164,CNP0398507.0
1170,CNP0398755.2
1172,CNP0398830.0
1174,CNP0398964.1
1181,CNP0399473.2
1182,CNP0399488.1
1186,CNP0399610.4
1187,CNP0399810.1
1189,CNP0399943.1
1192,CNP0400257.2
1203,CNP0401039.4
1209,CNP0401635.0
1211,CNP0401843.1
1212,CNP0402038.1
1215,CNP0402222.1
1221,CNP0402678.0
1225,CNP0403079.1
1231,CNP0403629.1
1232,CNP0403710.1
1234,CNP0403776.1
1235,CNP0403816.1
1243,CNP0404212.1
1251,CNP0405068.2
1257,CNP0405404.0
1258,CNP0405584.1
1260,CNP0405659.0
1262,CNP0405699.1
1264,CNP0405816.0
1268,CNP0405959.1
1269,CNP0405966.0
1270,CNP0406262.0
1273,CNP0406744.0
1289,CNP0407614.1
1292,CNP0407892.1
1294,CNP0408066.0
1299,CNP0408477.1
1305,CNP0408843.0
1311,CNP0409371.0
1317,CNP0409639.0
1319,CNP0409760.2
1326,CNP0410482.1
1329,CNP0410814.1
1335,CNP0411225.1
1338,CNP0411266.1
1340,CNP0411770.0
1344,CNP0411965.0
1357,CNP0412661.1
1366,CNP0413549.1
1370,CNP0413664.2
1371,CNP0413794.0
1375,CNP0414110.1
1384,CNP0415180.1
1397,CNP0416118.1
1398,CNP0416139.2
1404,CNP0416375.1
1407,CNP0416522.2
1410,CNP0416563.1
1411,CNP0416563.2
1412,CNP0416722.1
1423,CNP0417335.1
1436,CNP0417964.1
1445,CNP0418600.4
1448,CNP0418733.7
1450,CNP0419011.2
1451,CNP0419184.2
1462,CNP0419631.4
1464,CNP0419758.1
1465,CNP0419781.1
1469,CNP0419996.0
1471,CNP0420162.4
1475,CNP0420378.1
1480,CNP0420839.2
1485,CNP0421105.2
1490,CNP0421368.1
1499,CNP0421772.0
1504,CNP0421964.2
1514,CNP0422322.1
1515,CNP0422335.1
1520,CNP0422516.1
1522,CNP0422683.2
1532,CNP0423310.1
1534,CNP0423557.1
1535,CNP0423613.0
1539,CNP0423855.1
1541,CNP0423886.1
1545,CNP0424073.1
1547,CNP0424173.2
1553,CNP0424541.1
1564,CNP0425062.1
1574,CNP0425716.1
1580,CNP0425916.1
1583,CNP0426014.1
1587,CNP0426206.1
1590,CNP0426255.0
1596,CNP0426443.2
1601,CNP0426678.1
1609,CNP0427035.2
1610,CNP0427157.0
1611,CNP0427181.1
1620,CNP0427635.2
1630,CNP0428328.1
1632,CNP0428626.1
1641,CNP0429249.1
1644,CNP0429604.1
1652,CNP0430217.1
1654,CNP0430429.1
1657,CNP0430600.1
1666,CNP0431317.2
1677,CNP0431929.2
1680,CNP0432131.1
1681,CNP0432198.1
1690,CNP0432648.1
1694,CNP0432924.1
1695,CNP0432932.1
1698,CNP0433073.1
1706,CNP0433442.2
1711,CNP0433638.1
1714,CNP0433915.1
1716,CNP0434138.0
1719,CNP0434338.1
1725,CNP0434833.1
1738,CNP0435389.2
1748,CNP0435750.1
1754,CNP0436322.0
1755,CNP0436387.1
1756,CNP0436409.1
1764,CNP0437218.3
1767,CNP0437717.1
1773,CNP0438262.1
1781,CNP0438963.1
1782,CNP0439047.1
1784,CNP0439340.0
1789,CNP0439776.1
1797,CNP0441094.0
1799,CNP0441591.1
1801,CNP0441660.2
1806,CNP0442395.1
1811,CNP0442870.1
1820,CNP0444224.1
1830,CNP0445612.2
1831,CNP0445642.2
1848,CNP0447777.1
1850,CNP0448078.1
1857,CNP0449124.0
1858,CNP0449350.1
1859,CNP0449530.1
1861,CNP0449635.1
1867,CNP0449949.1
1869,CNP0450015.1
1871,CNP0450070.1
1872,CNP0450087.0
1874,CNP0450094.2
1876,CNP0450353.1
1878,CNP0450916.3
1879,CNP0451076.2
1881,CNP0451276.1
1882,CNP0451281.3
1893,CNP0452899.1
1894,CNP0452904.2
1902,CNP0453854.4
1909,CNP0454732.4
1910,CNP0454761.2
1912,CNP0454985.0
1916,CNP0455278.0
1926,CNP0456109.0
1940,CNP0457492.0
1942,CNP0458009.0
1943,CNP0458085.1
1944,CNP0458111.2
1951,CNP0458822.1
1956,CNP0459637.1
1961,CNP0460642.1
1966,CNP0461112.1
1972,CNP0461481.1
1973,CNP0461740.1
1975,CNP0461995.0
1977,CNP0462265.0
1979,CNP0462417.3
1985,CNP0462744.0
1996,CNP0463950.6
2017,CNP0467283.1
2028,CNP0468919.2
2031,CNP0469340.2
2035,CNP0469459.1
2037,CNP0469804.3
2040,CNP0469924.1
2042,CNP0470044.1
2053,CNP0472271.1
2059,CNP0473567.3
2061,CNP0473799.2
2076,CNP0476137.4
2077,CNP0476221.0
2080,CNP0476535.6
2081,CNP0476728.1
2091,CNP0477625.0
2095,CNP0477795.1
2099,CNP0478055.0
2112,CNP0478819.0
2117,CNP0478996.1
2118,CNP0478999.0
2121,CNP0479187.2
2123,CNP0479226.1
2126,CNP0479339.1
2131,CNP0479420.2
2146,CNP0480270.0
2148,CNP0480320.1
2153,CNP0480646.0
2155,CNP0480667.1
2163,CNP0480985.1
2166,CNP0481032.2
2170,CNP0481212.1
2173,CNP0481223.2
2181,CNP0481584.1
2182,CNP0481604.2
2185,CNP0481634.1
2186,CNP0481668.2
2197,CNP0482084.1
2202,CNP0482183.0
2206,CNP0482226.4
2208,CNP0482338.2
2209,CNP0482472.1
2212,CNP0482598.0
2220,CNP0482907.2
2223,CNP0483043.1
2226,CNP0483087.1
2229,CNP0483213.2
2234,CNP0483343.1
2237,CNP0483471.1
2244,CNP0483779.1
2256,CNP0484274.1
2258,CNP0484366.1
2263,CNP0484577.4
2276,CNP0485356.1
2280,CNP0485528.1
2283,CNP0485649.2
2284,CNP0485715.2
2296,CNP0486398.2
2298,CNP0486494.1
2300,CNP0486659.1
2306,CNP0486761.0
2313,CNP0486961.2
2314,CNP0487003.1
2321,CNP0487213.2
2323,CNP0487294.0
2331,CNP0487538.1
2334,CNP0487689.1
2338,CNP0487853.1
2341,CNP0487961.1
2345,CNP0488128.2
2350,CNP0488204.2
2354,CNP0488538.0
2363,CNP0488904.1
2364,CNP0488929.1
2374,CNP0489278.5
2381,CNP0489957.1
2387,CNP0490188.1
2395,CNP0490751.4
2397,CNP0490764.1
2398,CNP0490793.0
2402,CNP0491168.1
2411,CNP0491465.1
2415,CNP0491514.4
2418,CNP0491642.1
2431,CNP0492222.2
2432,CNP0492259.2
2440,CNP0492528.1
2445,CNP0492622.3
2449,CNP0492871.1
2462,CNP0493546.1
2476,CNP0494269.1
2477,CNP0494307.0
2481,CNP0494620.0
2488,CNP0494893.1
2499,CNP0495609.1
2501,CNP0495699.2
2518,CNP0496638.0
2521,CNP0496665.1
2528,CNP0496853.2
2532,CNP0496986.1
2537,CNP0497063.1
2548,CNP0497517.4
2549,CNP0497518.1
2550,CNP0497598.0
2553,CNP0497724.0
2562,CNP0497914.1
2570,CNP0498593.0
2572,CNP0498746.1
2578,CNP0498847.1
2579,CNP0498968.0
2580,CNP0498981.1
2584,CNP0499156.0
2598,CNP0499800.1
2601,CNP0499884.0
2603,CNP0499906.1
2617,CNP0500553.1
2622,CNP0500827.2
2630,CNP0501108.1
2639,CNP0501559.0
2641,CNP0501609.1
2644,CNP0501824.0
2646,CNP0501887.1
2647,CNP0501915.0
2653,CNP0502133.1
2654,CNP0502200.1
2656,CNP0502394.2
2662,CNP0502712.0
2669,CNP0502941.1
2670,CNP0502947.1
2671,CNP0503116.1
2683,CNP0503975.1
2690,CNP0504169.1
2694,CNP0504430.1
2696,CNP0504480.1
2699,CNP0504555.2
2705,CNP0504702.2
2706,CNP0504796.2
2710,CNP0505209.0
2716,CNP0505639.2
2721,CNP0505815.1
2722,CNP0505851.1
2726,CNP0505932.2
2728,CNP0505988.0
2730,CNP0506105.0
2741,CNP0506628.0
2746,CNP0506664.1
2756,CNP0507288.1
2764,CNP0507582.3
2775,CNP0508196.2
2776,CNP0508197.1
2778,CNP0508262.2
2789,CNP0508861.1
2793,CNP0509203.0
2795,CNP0509277.1
2796,CNP0509292.1
2799,CNP0509411.1
2805,CNP0509745.1
2809,CNP0509883.0
2812,CNP0510004.1
2821,CNP0510440.1
2825,CNP0510659.1
2827,CNP0510809.1
2829,CNP0511023.1
2842,CNP0511728.1
2845,CNP0511873.2
2851,CNP0512218.0
2853,CNP0512271.1
2857,CNP0512507.1
2860,CNP0512677.0
2877,CNP0513386.1
2881,CNP0513620.1
2883,CNP0513670.2
2887,CNP0513807.0
2888,CNP0513904.2
2892,CNP0514137.1
2893,CNP0514348.1
2897,CNP0514606.1
2902,CNP0514990.2
2904,CNP0515074.1
2905,CNP0515127.0
2917,CNP0515440.2
2918,CNP0515440.6
2921,CNP0515503.1
2925,CNP0515881.2
2933,CNP0516182.2
2937,CNP0516255.1
2938,CNP0516305.2
2939,CNP0516316.4
2940,CNP0516341.2
2941,CNP0516371.1
2959,CNP0517096.1
2965,CNP0517416.1
2966,CNP0517417.1
2985,CNP0518301.1
2987,CNP0518495.1
2988,CNP0518495.2
2999,CNP0519191.2
3001,CNP0519465.1
3049,CNP0521612.1
3066,CNP0522021.2
3076,CNP0522503.1
3084,CNP0522749.1
3085,CNP0522859.0
3087,CNP0522903.1
3091,CNP0523043.0
3092,CNP0523053.1
3096,CNP0523138.1
3102,CNP0523307.1
3103,CNP0523328.0
3106,CNP0523423.1
3113,CNP0523761.1
3114,CNP0523812.1
3121,CNP0524277.1
3122,CNP0524321.1
3129,CNP0524532.1
3135,CNP0524991.2
3136,CNP0524994.0
3140,CNP0525126.1
3142,CNP0525215.1
3150,CNP0525496.0
3153,CNP0525670.1
3158,CNP0526045.1
3159,CNP0526082.0
3161,CNP0526193.1
3164,CNP0526248.3
3165,CNP0526301.1
3176,CNP0527165.1
3182,CNP0527442.1
3183,CNP0527450.1
3185,CNP0527586.1
3188,CNP0527679.1
3190,CNP0527858.1
3195,CNP0527969.1
3196,CNP0528032.1
3199,CNP0528137.2
3201,CNP0528254.0
3202,CNP0528302.1
3203,CNP0528388.1
3205,CNP0528448.2
3213,CNP0528718.2
3214,CNP0528762.0
3217,CNP0528953.2
3221,CNP0529069.2
3226,CNP0529267.2
3246,CNP0530207.1
3248,CNP0530425.1
3255,CNP0530631.1
3256,CNP0530642.2
3260,CNP0530770.1
3261,CNP0530777.1
3262,CNP0530823.1
3268,CNP0531132.1
3269,CNP0531152.1
3280,CNP0531830.1
3283,CNP0531900.0
3289,CNP0532225.2
3296,CNP0532626.1
3301,CNP0532816.1
3303,CNP0532911.1
3308,CNP0533086.1
3309,CNP0533094.1
3322,CNP0534133.2
3332,CNP0534654.1
3338,CNP0535050.1
3339,CNP0535118.1
3341,CNP0535228.0
3346,CNP0535354.2
3357,CNP0535914.2
3358,CNP0535915.1
3359,CNP0535918.0
3362,CNP0536023.2
3364,CNP0536134.1
3365,CNP0536191.1
3367,CNP0536249.1
3371,CNP0536390.1
3377,CNP0536617.0
3395,CNP0537785.1
3398,CNP0537825.0
3409,CNP0538239.2
3410,CNP0538273.1
3416,CNP0538506.1
3435,CNP0539638.1
3442,CNP0539794.1
3454,CNP0540075.2
3475,CNP0540604.1
3477,CNP0540708.1
3478,CNP0540746.1
3479,CNP0540784.3
3480,CNP0540794.1
3498,CNP0541954.2
3502,CNP0542064.1
3503,CNP0542152.2
3504,CNP0542167.1
3505,CNP0542288.2
3514,CNP0542556.0
3518,CNP0542704.1
3521,CNP0542849.1
3534,CNP0543281.2
3539,CNP0543457.1
3548,CNP0543659.1
3558,CNP0544129.0
3567,CNP0544536.1
3569,CNP0544691.1
3577,CNP0544990.1
3580,CNP0545059.1
3587,CNP0545261.1
3588,CNP0545312.2
3589,CNP0545440.1
3590,CNP0545449.1
3597,CNP0545806.2
3603,CNP0546158.2
3605,CNP0546202.1
3618,CNP0546926.1
3623,CNP0547490.0
3624,CNP0547547.0
3626,CNP0547663.0
3634,CNP0547850.1
3639,CNP0548011.1
3653,CNP0548346.2
3661,CNP0548873.1
3662,CNP0548892.1
3681,CNP0549875.0
3682,CNP0549974.2
3715,CNP0551311.0
3720,CNP0551460.1
3723,CNP0551711.1
3729,CNP0552045.2
3732,CNP0552197.1
3733,CNP0552285.2
3734,CNP0552309.0
3767,CNP0553652.0
3768,CNP0553738.1
3774,CNP0554058.1
3779,CNP0554254.1
3783,CNP0554449.2
3789,CNP0554661.2
3791,CNP0554725.1
3793,CNP0554762.1
3795,CNP0554769.1
3803,CNP0555240.1
3805,CNP0555310.5
3806,CNP0555319.1
3820,CNP0555881.1
3829,CNP0556210.1
3836,CNP0556774.7
3847,CNP0557236.1
3861,CNP0557637.2
3862,CNP0557657.1
3865,CNP0557738.2
3878,CNP0558552.1
3879,CNP0558645.0
3882,CNP0558704.1
3888,CNP0558975.1
3892,CNP0559148.1
3899,CNP0559425.1
3903,CNP0559482.1
3908,CNP0559584.2
3915,CNP0559825.1
3916,CNP0559841.1
3917,CNP0559842.0
3918,CNP0559898.3
3924,CNP0560093.1
3932,CNP0560317.2
3939,CNP0560585.1
3950,CNP0561144.1
3956,CNP0561516.0
3957,CNP0561534.1
3960,CNP0561685.1
3961,CNP0561719.3
3962,CNP0561815.1
3966,CNP0561903.1
3968,CNP0562028.2
3969,CNP0562088.1
3977,CNP0562390.0
3978,CNP0562512.1
3980,CNP0562523.0
3981,CNP0562528.1
3985,CNP0562785.1
3986,CNP0562785.2
3990,CNP0563125.1
3992,CNP0563162.2
4006,CNP0563661.1
4011,CNP0563765.1
4013,CNP0563948.1
4016,CNP0564048.0
4019,CNP0564236.1
4038,CNP0564845.1
4039,CNP0564848.1
4041,CNP0564905.1
4042,CNP0565015.0
4045,CNP0565127.1
4050,CNP0565391.1
4051,CNP0565429.0
4054,CNP0565538.1
4056,CNP0565566.1
4057,CNP0565607.1
4062,CNP0565835.3
4069,CNP0566087.2
4078,CNP0566496.2
4085,CNP0566986.1
4087,CNP0567002.1
4101,CNP0567561.0
4103,CNP0567624.1
4106,CNP0567935.1
4108,CNP0568056.2
4125,CNP0568505.0
4126,CNP0568514.1
4130,CNP0568625.0
4131,CNP0568708.1
4134,CNP0568770.1
4136,CNP0568837.0
4141,CNP0568898.2
4145,CNP0569227.3
4151,CNP0569323.0
4153,CNP0569433.1
4155,CNP0569512.1
4159,CNP0569672.1
4174,CNP0570139.0
4180,CNP0570401.1
4181,CNP0570449.0
4182,CNP0570471.2
4185,CNP0570729.1
4187,CNP0570884.0
4196,CNP0571276.1
4198,CNP0571282.5
4204,CNP0571547.2
4229,CNP0572752.1
4230,CNP0572784.0
4231,CNP0572794.1
4235,CNP0573019.6
4239,CNP0573250.1
4240,CNP0573252.1
4241,CNP0573256.2
4244,CNP0573438.0
4247,CNP0573848.0
4248,CNP0573873.1
4252,CNP0574055.0
4267,CNP0574676.2
4270,CNP0574840.1
4272,CNP0574916.1
4274,CNP0575057.1
4275,CNP0575158.1
4280,CNP0575343.2
4284,CNP0575548.1
4294,CNP0575952.0
4296,CNP0575970.0
4298,CNP0576000.2
4304,CNP0576189.1
4305,CNP0576199.1
4306,CNP0576245.1
4309,CNP0576474.1
4319,CNP0576910.1
4321,CNP0577013.2
4322,CNP0577040.1
4323,CNP0577100.1
4327,CNP0577154.1
4331,CNP0577354.0
4348,CNP0578113.2
4350,CNP0578213.1
4355,CNP0578428.0
4362,CNP0578673.2
4368,CNP0578873.1
4371,CNP0578964.2
4383,CNP0579642.2
4386,CNP0579833.2
4391,CNP0580105.1
4405,CNP0580735.1
4416,CNP0581049.2
4423,CNP0581538.2
4427,CNP0581720.0
4455,CNP0582716.2
4461,CNP0583031.0
4469,CNP0583230.2
4471,CNP0583336.1
4472,CNP0583392.1
4476,CNP0583642.2
4478,CNP0583805.0
4479,CNP0583817.1
4482,CNP0583964.1
4486,CNP0584212.1
4501,CNP0584972.1
4503,CNP0585174.1
4505,CNP0585197.2
4506,CNP0585208.2
4510,CNP0585321.1
4512,CNP0585410.0
4514,CNP0585448.1
4516,CNP0585516.1
4522,CNP0585733.2
4527,CNP0586003.2
4528,CNP0586015.2
4534,CNP0586137.0
4535,CNP0586142.0
4539,CNP0586413.2
4542,CNP0586538.1
4554,CNP0586977.3
4556,CNP0587032.0
4563,CNP0587244.1
4564,CNP0587257.1
4565,CNP0587372.2
4567,CNP0587430.0
4571,CNP0587638.1
4575,CNP0587727.5
4581,CNP0588000.1
4582,CNP0588014.1
4586,CNP0588089.1
4588,CNP0588130.1
4589,CNP0588136.1
4593,CNP0588350.1
4613,CNP0589177.4
4623,CNP0589564.1
4626,CNP0589645.1
4627,CNP0589649.1
4631,CNP0589755.0
4633,CNP0589862.2
4645,CNP0590580.0
4651,CNP0591115.1
4657,CNP0591248.1
4659,CNP0591294.1
4660,CNP0591321.1
4661,CNP0591368.1
4668,CNP0591593.1
4681,CNP0592022.0
4683,CNP0592160.1
4686,CNP0592365.1
4689,CNP0592782.0
4692,CNP0592883.2
4694,CNP0593078.1
4701,CNP0593339.2
4704,CNP0593475.0
4709,CNP0593640.1
4712,CNP0593731.0
4718,CNP0593961.0
4723,CNP0594279.0
4725,CNP0594408.1
4734,CNP0594744.1
4745,CNP0595289.1
4747,CNP0595352.0
4749,CNP0595400.0
4750,CNP0595406.1
4751,CNP0595416.0
4756,CNP0595693.1
4758,CNP0595765.1
4763,CNP0595914.1
4765,CNP0596111.1
4774,CNP0596493.4
4775,CNP0596505.2
4787,CNP0596952.1
4797,CNP0597715.1
4800,CNP0597959.1
4801,CNP0597984.1
4803,CNP0598046.1
4813,CNP0598471.1
4817,CNP0598589.2
4818,CNP0598644.2
4827,CNP0599247.1
4834,CNP0599618.1
4845,CNP0599960.1
4848,CNP0600171.0
4852,CNP0600290.1
4856,CNP0600587.2
4861,CNP0600691.2
4865,CNP0601016.1
4866,CNP0601075.1
4872,CNP0601197.1
4877,CNP0601456.1
4878,CNP0601460.2
4883,CNP0601617.1
4885,CNP0601732.1
4891,CNP0601961.1
4903,CNP0602485.2
4905,CNP0602552.2
4906,CNP0602581.1
4908,CNP0602648.2
4915,CNP0602856.0
4920,CNP0602932.0
4922,CNP0603079.0
4925,CNP0603129.0
4930,CNP0603345.0
4932,CNP0603545.1
4936,CNP0603695.1
4938,CNP0603727.1
4942,CNP0603933.1
4947,CNP0604101.2
4957,CNP0604811.1
4963,CNP0605064.1
4965,CNP0605295.1
4974,CNP0605871.0
4983,CNP0606527.0
4992,CNP0079258.0
4993,CNP0079292.0
4996,CNP0079515.1
5001,CNP0079735.1
5008,CNP0080201.1
5014,CNP0080460.1
5018,CNP0080717.1
5021,CNP0080867.1
5023,CNP0080969.0
5033,CNP0081348.2
5040,CNP0081715.1
5044,CNP0082310.0
5048,CNP0082389.2
5060,CNP0083154.1
5067,CNP0083989.0
5072,CNP0084124.2
5074,CNP0084325.1
5077,CNP0084411.2
5080,CNP0084595.1
5096,CNP0085200.2
5112,CNP0086352.1
5117,CNP0086716.4
5120,CNP0086803.1
5123,CNP0086917.2
5127,CNP0087055.1
5133,CNP0087289.1
5139,CNP0087368.2
5148,CNP0088108.1
5159,CNP0089199.1
5162,CNP0089509.1
5165,CNP0089882.1
5176,CNP0090363.0
5183,CNP0091358.1
5190,CNP0091889.1
5192,CNP0091955.3
5195,CNP0092141.1
5197,CNP0092301.3
5201,CNP0092489.1
5205,CNP0092713.1
5212,CNP0093209.1
5213,CNP0093286.2
5215,CNP0093313.3
5217,CNP0093372.3
5219,CNP0093394.1
5227,CNP0093965.1
5228,CNP0094027.1
5229,CNP0094114.1
5231,CNP0094186.1
5244,CNP0095148.1
5246,CNP0095243.1
5247,CNP0095244.1
5257,CNP0095887.8
5263,CNP0096688.1
5266,CNP0096868.1
5267,CNP0096977.1
5269,CNP0097228.2
5270,CNP0097367.1
5274,CNP0097445.2
5275,CNP0097461.1
5282,CNP0098133.1
5284,CNP0098252.0
5290,CNP0098809.1
5296,CNP0099459.2
5300,CNP0099614.1
5304,CNP0099833.1
5308,CNP0099848.1
5309,CNP0099881.1
5313,CNP0100002.1
5314,CNP0100098.1
5316,CNP0100207.0
5321,CNP0100556.0
5325,CNP0100647.1
5326,CNP0100878.1
5327,CNP0100928.1
5351,CNP0102377.0
5356,CNP0102922.1
5364,CNP0103668.2
5368,CNP0104076.1
5375,CNP0104408.0
5389,CNP0105310.0
5395,CNP0105580.2
5402,CNP0106001.2
5406,CNP0106263.1
5417,CNP0106569.2
5419,CNP0106729.4
5427,CNP0106975.4
5428,CNP0106986.1
5431,CNP0107058.1
5436,CNP0107247.0
5446,CNP0107567.2
5447,CNP0107613.2
5454,CNP0107857.2
5456,CNP0107947.1
5457,CNP0107983.1
5458,CNP0107983.2
5462,CNP0108162.1
5465,CNP0108177.6
5466,CNP0108222.1
5474,CNP0108460.1
5481,CNP0108624.1
5483,CNP0108713.1
5487,CNP0108923.4
5489,CNP0109002.0
5504,CNP0109578.1
5505,CNP0109584.1
5507,CNP0109665.0
5512,CNP0109973.2
5517,CNP0110391.1
5518,CNP0110534.2
5519,CNP0110600.2
5529,CNP0110822.1
5537,CNP0111255.3
5538,CNP0111258.1
5550,CNP0111850.0
5554,CNP0111973.1
5557,CNP0112269.2
5558,CNP0112280.0
5559,CNP0112461.1
5561,CNP0112519.1
5563,CNP0112625.2
5564,CNP0112688.2
5570,CNP0112849.1
5573,CNP0112962.1
5581,CNP0113107.3
5586,CNP0113344.1
5593,CNP0113684.3
5594,CNP0113766.0
5605,CNP0114306.1
5606,CNP0114350.1
5609,CNP0114502.1
5610,CNP0114505.2
5636,CNP0115362.1
5639,CNP0115687.1
5642,CNP0115764.0
5649,CNP0115965.1
5654,CNP0116495.1
5660,CNP0116672.1
5662,CNP0116712.0
5665,CNP0116943.2
5666,CNP0116943.3
5667,CNP0116979.1
5673,CNP0117241.1
5681,CNP0117493.0
5688,CNP0117738.1
5695,CNP0118242.1
5697,CNP0118358.1
5698,CNP0118392.2
5702,CNP0118532.1
5708,CNP0118958.1
5716,CNP0119429.4
5719,CNP0119641.1
5723,CNP0119850.0
5730,CNP0120024.0
5736,CNP0120144.1
5737,CNP0120216.0
5741,CNP0120396.1
5746,CNP0120558.3
5749,CNP0120937.1
5758,CNP0121391.0
5768,CNP0121932.4
5769,CNP0121973.0
5771,CNP0122039.5
5778,CNP0122398.1
5780,CNP0122483.2
5781,CNP0122505.3
5792,CNP0123361.0
5802,CNP0123762.2
5807,CNP0123937.1
5814,CNP0124598.1
5815,CNP0124695.1
5817,CNP0124727.0
5819,CNP0124757.1
5821,CNP0124771.1
5824,CNP0124833.1
5831,CNP0125140.1
5834,CNP0125297.1
5836,CNP0125314.1
5838,CNP0125512.0
5839,CNP0125520.2
5841,CNP0125672.5
5846,CNP0125964.1
5849,CNP0126187.4
5850,CNP0126195.1
5862,CNP0126877.1
5866,CNP0127109.2
5869,CNP0127512.0
5871,CNP0127634.1
5874,CNP0127880.1
5884,CNP0128698.0
5894,CNP0129257.3
5898,CNP0129375.0
5900,CNP0129435.1
5902,CNP0129473.1
5909,CNP0129796.3
5918,CNP0130525.4
5921,CNP0130583.1
5927,CNP0130843.2
5938,CNP0131321.1
5942,CNP0131659.1
5953,CNP0132068.1
5958,CNP0132231.1
5964,CNP0132581.1
5965,CNP0132601.0
5967,CNP0132774.1
5969,CNP0132920.1
5972,CNP0132946.1
5983,CNP0133481.1
5985,CNP0133549.1
5990,CNP0133857.2
5999,CNP0134220.1
6013,CNP0134790.1
6026,CNP0135406.4
6034,CNP0135600.1
6039,CNP0136005.1
6065,CNP0137185.2
6072,CNP0137390.3
6083,CNP0137766.1
6087,CNP0137835.1
6088,CNP0137919.1
6092,CNP0138077.23
6094,CNP0138096.1
6098,CNP0138418.0
6100,CNP0138573.2
6112,CNP0139177.2
6128,CNP0139862.2
6129,CNP0139952.1
6130,CNP0140208.2
6133,CNP0140271.2
6134,CNP0140329.3
6138,CNP0140517.1
6143,CNP0140726.1
6149,CNP0141116.2
6151,CNP0141131.1
6159,CNP0141233.6
6161,CNP0141304.1
6173,CNP0141582.1
6174,CNP0141612.0
6180,CNP0141814.2
6181,CNP0141815.3
6182,CNP0141832.1
6187,CNP0141978.1
6191,CNP0142184.2
6192,CNP0142251.0
6196,CNP0142432.1
6199,CNP0142710.1
6206,CNP0143258.1
6209,CNP0143393.1
6210,CNP0143398.1
6222,CNP0143949.1
6226,CNP0144321.1
6231,CNP0144742.1
6232,CNP0144774.2
6234,CNP0144829.1
6244,CNP0145198.1
6247,CNP0145402.2
6250,CNP0145540.14
6263,CNP0145916.1
6275,CNP0146453.1
6281,CNP0146682.1
6286,CNP0147069.2
6300,CNP0147388.1
6302,CNP0147515.0
6306,CNP0147632.3
6307,CNP0147637.1
6321,CNP0148521.2
6324,CNP0148742.1
6325,CNP0148844.1
6335,CNP0149237.0
6336,CNP0149242.1
6349,CNP0149659.2
6350,CNP0149716.1
6360,CNP0150138.4
6363,CNP0150369.2
6366,CNP0150461.0
6367,CNP0150511.1
6380,CNP0150996.1
6383,CNP0151052.3
6386,CNP0151128.1
6394,CNP0151503.2
6398,CNP0151525.1
6407,CNP0151953.0
6419,CNP0152507.3
6421,CNP0152529.0
6437,CNP0153171.0
6438,CNP0153258.1
6442,CNP0153286.2
6447,CNP0153609.1
6448,CNP0153713.0
6452,CNP0153843.2
6478,CNP0154673.2
6482,CNP0154738.1
6485,CNP0154848.2
6486,CNP0154969.7
6487,CNP0154993.0
6495,CNP0155215.0
6497,CNP0155248.1
6501,CNP0155542.1
6502,CNP0155597.1
6503,CNP0155599.2
6507,CNP0155634.1
6512,CNP0155819.1
6513,CNP0155891.1
6515,CNP0155983.1
6522,CNP0156369.1
6523,CNP0156384.3
6524,CNP0156412.5
6532,CNP0156608.2
6536,CNP0156848.9
6550,CNP0157466.2
6551,CNP0157479.2
6554,CNP0157513.6
6558,CNP0157693.1
6562,CNP0157923.2
6571,CNP0158355.3
6576,CNP0158400.20
6582,CNP0158686.4
6587,CNP0158955.2
6590,CNP0159069.2
6597,CNP0159359.1
6603,CNP0159614.4
6604,CNP0159678.2
6605,CNP0159711.1
6618,CNP0160284.7
6627,CNP0160661.2
6634,CNP0160793.3
6636,CNP0160883.0
6637,CNP0160886.1
6646,CNP0161180.1
6648,CNP0161280.3
6661,CNP0162016.1
6666,CNP0162136.12
6671,CNP0162513.3
6673,CNP0162528.1
6678,CNP0162726.0
6679,CNP0162747.1
6681,CNP0162758.1
6685,CNP0162897.0
6690,CNP0163155.1
6700,CNP0163666.1
6702,CNP0163696.1
6720,CNP0164244.7
6723,CNP0164443.1
6728,CNP0164573.1
6730,CNP0164693.1
6735,CNP0164930.2
6745,CNP0165573.1
6749,CNP0165849.12
6752,CNP0165920.6
6757,CNP0166218.2
6761,CNP0166394.0
6781,CNP0167335.1
6782,CNP0167448.1
6784,CNP0167609.1
6786,CNP0167649.1
6791,CNP0168083.1
6794,CNP0168278.1
6797,CNP0168330.2
6798,CNP0168406.1
6802,CNP0168487.2
6817,CNP0169328.3
6820,CNP0169806.1
6825,CNP0169909.1
6830,CNP0169986.0
6831,CNP0170091.1
6832,CNP0170091.2
6835,CNP0170129.8
6836,CNP0170168.1
6844,CNP0170552.1
6849,CNP0170762.3
6854,CNP0171209.4
6855,CNP0171250.2
6858,CNP0171436.0
6862,CNP0171527.1
6866,CNP0171599.1
6867,CNP0171608.11
6877,CNP0171823.3
6878,CNP0171826.3
6880,CNP0171853.1
6884,CNP0171975.1
6890,CNP0172135.1
6899,CNP0172467.2
6904,CNP0172596.2
6909,CNP0172879.2
6911,CNP0172966.0
6913,CNP0173073.1
6921,CNP0173310.3
6927,CNP0173544.1
6932,CNP0173670.1
6940,CNP0173960.1
6942,CNP0174004.2
6945,CNP0174049.5
6946,CNP0174105.1
6952,CNP0174494.0
6953,CNP0174505.2
6958,CNP0174775.2
6959,CNP0174784.0
6965,CNP0174932.0
6967,CNP0175028.1
6975,CNP0175379.5
6992,CNP0176167.2
6995,CNP0176259.0
7008,CNP0176793.3
7020,CNP0177179.2
7033,CNP0177926.2
7038,CNP0178144.3
7046,CNP0178411.1
7051,CNP0178556.0
7053,CNP0178777.3
7054,CNP0178914.1
7058,CNP0178989.4
7060,CNP0179084.1
7068,CNP0179381.2
7074,CNP0179686.2
7078,CNP0179776.6
7080,CNP0179859.2
7090,CNP0180376.1
7091,CNP0180393.1
7095,CNP0180530.8
7108,CNP0180941.4
7109,CNP0180942.1
7127,CNP0181704.0
7129,CNP0181754.1
7130,CNP0181827.3
7135,CNP0182046.1
7139,CNP0182200.1
7144,CNP0182498.2
7145,CNP0182507.4
7146,CNP0182522.1
7148,CNP0182587.1
7149,CNP0182636.0
7150,CNP0182700.1
7153,CNP0182897.0
7157,CNP0182953.1
7168,CNP0183445.24
7172,CNP0183619.2
7174,CNP0183688.1
7178,CNP0183927.0
7180,CNP0184009.0
7181,CNP0184040.2
7187,CNP0184592.7
7188,CNP0184597.22
7201,CNP0185221.1
7203,CNP0185250.1
7209,CNP0185503.2
7217,CNP0185713.2
7233,CNP0186020.12
7234,CNP0186095.1
7242,CNP0186467.1
7243,CNP0186504.2
7244,CNP0186541.1
7247,CNP0186673.3
7250,CNP0186740.4
7252,CNP0186786.0
7267,CNP0187151.7
7268,CNP0187162.1
7271,CNP0187329.4
7292,CNP0188525.5
7293,CNP0188527.1
7296,CNP0188554.0
7298,CNP0188618.1
7300,CNP0188779.3
7303,CNP0189051.3
7307,CNP0189246.5
7316,CNP0189539.2
7320,CNP0189800.1
7334,CNP0190411.1
7336,CNP0190523.1
7344,CNP0190751.2
7349,CNP0191021.1
7354,CNP0191106.2
7356,CNP0191194.10
7363,CNP0191336.1
7369,CNP0191524.1
7372,CNP0191553.1
7375,CNP0191812.0
7377,CNP0191880.3
7379,CNP0191988.0
7381,CNP0192037.0
7382,CNP0192057.1
7393,CNP0192373.1
7396,CNP0192382.43
7399,CNP0192619.1
7401,CNP0192744.11
7412,CNP0193019.1
7414,CNP0193023.0
7416,CNP0193095.6
7425,CNP0193400.4
7433,CNP0193704.3
7436,CNP0193768.0
7452,CNP0194412.1
7460,CNP0194582.0
7465,CNP0194881.1
7467,CNP0194965.2
7469,CNP0195098.1
7475,CNP0195318.1
7492,CNP0196153.3
7497,CNP0196224.1
7498,CNP0196270.1
7503,CNP0196407.1
7517,CNP0196914.4
7518,CNP0196918.1
7534,CNP0197586.5
7541,CNP0197819.3
7552,CNP0198173.1
7553,CNP0198233.1
7558,CNP0198533.1
7559,CNP0198627.9
7562,CNP0198781.1
7567,CNP0199090.1
7583,CNP0199827.0
7586,CNP0200008.2
7592,CNP0200255.1
7593,CNP0200264.1
7601,CNP0200638.1
7603,CNP0200666.2
7608,CNP0200999.1
7610,CNP0201031.3
7612,CNP0201075.4
7630,CNP0201818.2
7632,CNP0201913.2
7634,CNP0201957.17
7645,CNP0202404.2
7646,CNP0202433.1
7656,CNP0202873.1
7671,CNP0203304.2
7677,CNP0203382.2
7688,CNP0203770.3
7690,CNP0203852.1
7691,CNP0204096.1
7699,CNP0204289.3
7702,CNP0204805.0
7704,CNP0204887.2
7709,CNP0205039.0
7712,CNP0205228.5
7716,CNP0205323.2
7719,CNP0205365.1
7722,CNP0205494.1
7724,CNP0205566.2
7726,CNP0205618.1
7727,CNP0205668.2
7732,CNP0205805.4
7735,CNP0205876.2
7738,CNP0205931.0
7754,CNP0206734.1
7767,CNP0207183.0
7768,CNP0207277.0
7770,CNP0207414.1
7771,CNP0207421.1
7773,CNP0207468.1
7775,CNP0207669.2
7779,CNP0207869.1
7780,CNP0207970.1
7781,CNP0207980.1
7785,CNP0208066.2
7786,CNP0208086.2
7791,CNP0208290.1
7800,CNP0208451.2
7807,CNP0208536.1
7808,CNP0208540.1
7810,CNP0208565.1
7822,CNP0209077.2
7825,CNP0209209.1
7826,CNP0209214.4
7837,CNP0209676.1
7839,CNP0209806.2
7840,CNP0209806.6
7873,CNP0211610.2
7887,CNP0212264.17
7889,CNP0212295.0
7890,CNP0212337.0
7894,CNP0212576.4
7907,CNP0212971.0
7911,CNP0213070.3
7914,CNP0213127.2
7919,CNP0213275.1
7920,CNP0213286.2
7928,CNP0213406.1
7931,CNP0213492.1
7932,CNP0213545.1
7933,CNP0213562.3
7934,CNP0213621.1
7937,CNP0213640.2
7940,CNP0213701.2
7947,CNP0214010.1
7948,CNP0214018.0
7953,CNP0214159.21
7957,CNP0214519.2
7971,CNP0215050.2
7974,CNP0215143.1
7977,CNP0215256.2
7981,CNP0215471.2
7988,CNP0215819.8
7991,CNP0215955.1
7995,CNP0216135.2
8001,CNP0216615.2
8003,CNP0216633.2
8005,CNP0216745.1
8012,CNP0217001.0
8020,CNP0217452.2
8021,CNP0217470.1
8022,CNP0217472.1
8023,CNP0217528.1
8025,CNP0217597.1
8027,CNP0217715.1
8034,CNP0218060.5
8037,CNP0218100.9
8039,CNP0218297.1
8040,CNP0218359.0
8052,CNP0218679.4
8054,CNP0218689.1
8055,CNP0218756.3
8057,CNP0218882.1
8061,CNP0218950.10
8062,CNP0219001.0
8063,CNP0219156.1
8065,CNP0219377.1
8067,CNP0219411.0
8069,CNP0219507.0
8074,CNP0219641.1
8079,CNP0219735.1
8083,CNP0220023.2
8084,CNP0220029.1
8085,CNP0220037.4
8090,CNP0220121.7
8091,CNP0220144.1
8093,CNP0220159.1
8114,CNP0220998.4
8128,CNP0221456.1
8138,CNP0221838.1
8139,CNP0221900.2
8140,CNP0221934.4
8141,CNP0221936.0
8145,CNP0222024.2
8146,CNP0222091.3
8156,CNP0222584.8
8157,CNP0222597.1
8160,CNP0222696.1
8161,CNP0222702.1
8165,CNP0222886.1
8170,CNP0223161.2
8187,CNP0223943.1
8191,CNP0224055.1
8193,CNP0224227.2
8196,CNP0224405.1
8200,CNP0224561.1
8206,CNP0224878.1
8215,CNP0225165.1
8218,CNP0225309.0
8223,CNP0225546.2
8229,CNP0225847.1
8236,CNP0226063.1
8243,CNP0226221.1
8251,CNP0226372.0
8253,CNP0226405.14
8257,CNP0226604.20
8267,CNP0226911.1
8278,CNP0227312.15
8279,CNP0227312.9
8293,CNP0227847.1
8294,CNP0227892.1
8298,CNP0227930.1
8303,CNP0228190.2
8304,CNP0228254.2
8305,CNP0228258.1
8307,CNP0228369.0
8316,CNP0228607.9
8318,CNP0228615.1
8324,CNP0228863.7
8326,CNP0228921.3
8342,CNP0229557.0
8343,CNP0229613.1
8348,CNP0229691.4
8349,CNP0229733.1
8358,CNP0230095.1
8359,CNP0230131.6
8367,CNP0230477.1
8371,CNP0230499.2
8375,CNP0230690.1
8380,CNP0230943.2
8398,CNP0231858.2
8401,CNP0231964.2
8404,CNP0231994.2
8405,CNP0232005.1
8410,CNP0232191.7
8413,CNP0232455.1
8417,CNP0232782.1
8418,CNP0232792.3
8421,CNP0232898.2
8422,CNP0232898.4
8432,CNP0233278.1
8437,CNP0233465.2
8440,CNP0233669.1
8444,CNP0233876.5
8447,CNP0233919.7
8448,CNP0234041.1
8452,CNP0234200.6
8457,CNP0234380.0
8480,CNP0235203.1
8481,CNP0235218.0
8484,CNP0235375.1
8486,CNP0235416.1
8487,CNP0235434.1
8488,CNP0235476.1
8490,CNP0235548.1
8493,CNP0235594.1
8494,CNP0235680.0
8495,CNP0235704.2
8496,CNP0235741.1
8501,CNP0235973.1
8509,CNP0236508.2
8517,CNP0236837.2
8522,CNP0237069.2
8525,CNP0237198.1
8532,CNP0237328.0
8536,CNP0237493.0
8542,CNP0238006.1
8548,CNP0238288.0
8560,CNP0238827.3
8568,CNP0239116.2
8570,CNP0239273.1
8575,CNP0239557.1
8576,CNP0239557.5
8583,CNP0239818.2
8596,CNP0240588.3
8600,CNP0240683.5
8605,CNP0241130.1
8610,CNP0241316.2
8612,CNP0241355.3
8614,CNP0241474.1
8617,CNP0241545.0
8620,CNP0241797.3
8626,CNP0242197.1
8628,CNP0242297.1
8629,CNP0242369.1
8630,CNP0242381.2
8634,CNP0242448.1
8635,CNP0242470.1
8641,CNP0242871.2
8642,CNP0242911.0
8643,CNP0243067.1
8644,CNP0243192.1
8654,CNP0243746.39
8665,CNP0244157.3
8687,CNP0245046.1
8693,CNP0245143.2
8695,CNP0245263.1
8700,CNP0245348.3
8708,CNP0245616.3
8718,CNP0246185.1
8720,CNP0246289.1
8721,CNP0246295.1
8723,CNP0246457.1
8726,CNP0246615.1
8727,CNP0246666.1
8728,CNP0246683.2
8729,CNP0246762.2
8731,CNP0246902.4
8741,CNP0247385.2
8743,CNP0247440.0
8745,CNP0247573.4
8749,CNP0247812.1
8753,CNP0247916.1
8763,CNP0248247.3
8767,CNP0248416.1
8775,CNP0248691.2
8779,CNP0249020.7
8781,CNP0249199.1
8790,CNP0249635.0
8798,CNP0249996.1
8806,CNP0250445.1
8816,CNP0250788.1
8817,CNP0250835.0
8818,CNP0250878.1
8822,CNP0250916.0
8823,CNP0250948.1
8824,CNP0250948.6
8828,CNP0251143.2
8831,CNP0251385.1
8832,CNP0251473.1
8833,CNP0251487.2
8835,CNP0251601.1
8839,CNP0251712.1
8854,CNP0252505.1
8855,CNP0252505.4
8859,CNP0252572.3
8860,CNP0252610.9
8872,CNP0252894.8
8874,CNP0252975.1
8875,CNP0252975.2
8878,CNP0253003.3
8892,CNP0253564.3
8903,CNP0253888.6
8908,CNP0254016.8
8913,CNP0254210.1
8917,CNP0254282.2
8918,CNP0254370.0
8922,CNP0254540.1
8923,CNP0254581.1
8949,CNP0255438.3
8951,CNP0255491.4
8972,CNP0256004.4
8979,CNP0256203.1
8981,CNP0256265.1
8982,CNP0256272.1
8983,CNP0256278.1
8992,CNP0256655.1
9002,CNP0257111.0
9003,CNP0257171.4
9009,CNP0257401.4
9019,CNP0257751.1
9030,CNP0258287.0
9044,CNP0259418.1
9048,CNP0259481.7
9051,CNP0259652.3
9057,CNP0259985.2
9061,CNP0260168.1
9071,CNP0260481.1
9072,CNP0260487.4
9079,CNP0260731.4
9080,CNP0260759.1
9088,CNP0261341.2
9089,CNP0261368.1
9095,CNP0261622.1
9100,CNP0261922.2
9112,CNP0262197.1
9114,CNP0262303.1
9116,CNP0262343.1
9119,CNP0262467.1
9122,CNP0262492.3
9124,CNP0262633.1
9132,CNP0263168.0
9136,CNP0263318.1
9141,CNP0263507.3
9143,CNP0263572.2
9170,CNP0265174.1
9174,CNP0265525.1
9177,CNP0265803.7
9180,CNP0265984.5
9188,CNP0266237.2
9189,CNP0266301.1
9197,CNP0266666.1
9199,CNP0266743.3
9210,CNP0267216.2
9212,CNP0267308.1
9220,CNP0267574.0
9221,CNP0267644.3
9222,CNP0267725.1
9229,CNP0268066.0
9234,CNP0268544.3
9241,CNP0268843.3
9243,CNP0269012.1
9244,CNP0269033.6
9248,CNP0269098.6
9250,CNP0269126.1
9252,CNP0269231.1
9254,CNP0269306.2
9255,CNP0269328.5
9256,CNP0269430.0
9257,CNP0269439.3
9266,CNP0269702.4
9269,CNP0269852.1
9272,CNP0270009.0
9275,CNP0270058.3
9281,CNP0270140.1
9284,CNP0270316.0
9285,CNP0270436.1
9287,CNP0270441.3
9290,CNP0270599.5
9296,CNP0270784.3
9297,CNP0270790.1
9307,CNP0271226.2
9322,CNP0271776.1
9327,CNP0271986.2
9334,CNP0272210.9
9338,CNP0272448.2
9349,CNP0272930.17
9350,CNP0273004.3
9355,CNP0273078.0
9366,CNP0273508.1
9367,CNP0273519.1
9369,CNP0273566.2
9370,CNP0273569.1
9371,CNP0273647.1
9372,CNP0273671.2
9375,CNP0273840.0
9377,CNP0274121.1
9379,CNP0274128.7
9381,CNP0274209.1
9386,CNP0274376.0
9392,CNP0274550.1
9393,CNP0274558.1
9395,CNP0274572.1
9399,CNP0274677.1
9404,CNP0274842.0
9405,CNP0274962.0
9415,CNP0275571.1
9422,CNP0276029.1
9425,CNP0276298.3
9430,CNP0276460.2
9432,CNP0276592.18
9436,CNP0276730.1
9440,CNP0277102.2
9443,CNP0277250.3
9450,CNP0277537.1
9455,CNP0277594.12
9456,CNP0277594.17
9457,CNP0277625.1
9459,CNP0277797.1
9464,CNP0277982.1
9468,CNP0278146.2
9473,CNP0278657.2
9475,CNP0278776.3
9483,CNP0279042.1
9486,CNP0279153.2
9495,CNP0279389.1
9496,CNP0279403.1
9500,CNP0279430.4
9501,CNP0279502.1
9512,CNP0280184.1
9513,CNP0280184.2
9517,CNP0280289.5
9523,CNP0280509.1
9525,CNP0280669.4
9529,CNP0280733.1
9530,CNP0280733.2
9532,CNP0280810.0
9533,CNP0280832.2
9536,CNP0280843.6
9548,CNP0281101.2
9549,CNP0281118.1
9559,CNP0281505.1
9562,CNP0281955.1
9569,CNP0282248.1
9570,CNP0282253.1
9574,CNP0282564.2
9575,CNP0282729.3
9584,CNP0283127.2
9587,CNP0283251.1
9591,CNP0283320.1
9595,CNP0283394.13
9601,CNP0283577.1
9603,CNP0283818.2
9621,CNP0284687.0
9633,CNP0285128.2
9653,CNP0286327.11
9660,CNP0286439.1
9661,CNP0286455.0
9664,CNP0286597.2
9667,CNP0286690.0
9668,CNP0286706.1
9673,CNP0286999.0
9675,CNP0287067.1
9676,CNP0287070.1
9682,CNP0287388.2
9683,CNP0287427.17
9694,CNP0287611.7
9696,CNP0287672.3
9699,CNP0287843.1
9706,CNP0288138.1
9711,CNP0288351.3
9720,CNP0288650.1
9722,CNP0288773.0
9723,CNP0288817.3
9732,CNP0289302.3
9747,CNP0289915.1
9756,CNP0290146.2
9757,CNP0290339.1
9768,CNP0290739.1
9769,CNP0290780.0
9775,CNP0291145.2
9778,CNP0291239.1
9781,CNP0291343.5
9793,CNP0291776.10
9797,CNP0292074.2
9798,CNP0292189.2
9801,CNP0292323.4
9804,CNP0292394.1
9810,CNP0292599.5
9818,CNP0292835.1
9832,CNP0293539.1
9843,CNP0294031.4
9846,CNP0294153.2
9852,CNP0294442.1
9856,CNP0294608.1
9858,CNP0294640.3
9881,CNP0295871.2
9882,CNP0295877.3
9905,CNP0296874.1
9908,CNP0297015.1
9926,CNP0297865.1
9934,CNP0298555.0
9937,CNP0298717.2
9941,CNP0298832.1
9942,CNP0298922.1
9944,CNP0298988.1
9946,CNP0299016.1
9948,CNP0299097.1
9950,CNP0299105.3
9962,CNP0300011.1
9964,CNP0300018.4
9972,CNP0300399.1
9974,CNP0300544.2
9975,CNP0300564.0
9985,CNP0301032.0
9991,CNP0301390.0
9992,CNP0301394.2
9995,CNP0301554.1
10000,CNP0301780.1
10001,CNP0301788.1
10008,CNP0302227.1
10018,CNP0302532.1
10023,CNP0302610.1
10029,CNP0302843.2
10032,CNP0303038.1
10033,CNP0303043.1
10044,CNP0303460.2
10064,CNP0304587.2
10067,CNP0304725.2
10071,CNP0304913.3
10079,CNP0305278.0
10080,CNP0305281.1
10081,CNP0305400.1
10082,CNP0305403.3
10087,CNP0305578.2
10090,CNP0305751.1
10098,CNP0306061.1
10103,CNP0306707.1
10104,CNP0306799.0
10105,CNP0306807.1
10106,CNP0306820.1
10107,CNP0306894.5
10110,CNP0306949.1
10119,CNP0307277.0
10126,CNP0307575.1
10129,CNP0307952.3
10130,CNP0308024.3
10145,CNP0309134.1
10157,CNP0309648.0
10182,CNP0311428.1
10185,CNP0311660.1
10197,CNP0311995.2
10203,CNP0312260.1
10208,CNP0312383.1
10211,CNP0312457.2
10214,CNP0312505.1
10215,CNP0312535.1
10217,CNP0312578.1
10220,CNP0312769.1
10224,CNP0312973.1
10234,CNP0313313.0
10235,CNP0313423.1
10236,CNP0313519.1
10240,CNP0313610.0
10243,CNP0313730.0
10244,CNP0313749.1
10245,CNP0313791.4
10249,CNP0314036.1
10256,CNP0314429.1
10261,CNP0314651.1
10268,CNP0315172.1
10269,CNP0315175.1
10270,CNP0315195.1
10277,CNP0315450.1
10280,CNP0315657.0
10281,CNP0315695.1
10296,CNP0316231.1
10298,CNP0316266.1
10302,CNP0316398.1
10311,CNP0316933.3
10316,CNP0317197.2
10318,CNP0317360.2
10321,CNP0317505.1
10323,CNP0317561.1
10333,CNP0318200.5
10338,CNP0318527.1
10340,CNP0318599.0
10341,CNP0318630.2
10345,CNP0318762.2
10351,CNP0318928.0
10354,CNP0319108.2
10365,CNP0319682.0
10366,CNP0319766.1
10383,CNP0320897.1
10384,CNP0320920.1
10387,CNP0321109.0
10398,CNP0321905.0
10404,CNP0322116.0
10405,CNP0322183.1
10407,CNP0322210.1
10409,CNP0322266.1
10433,CNP0323366.0
10439,CNP0323748.1
10442,CNP0323827.1
10443,CNP0323883.1
10448,CNP0323983.1
10451,CNP0324082.1
10472,CNP0325173.1
10474,CNP0325203.2
10476,CNP0325362.2
10482,CNP0325515.1
10485,CNP0325626.2
10487,CNP0325719.1
10489,CNP0325854.4
10494,CNP0326028.2
10498,CNP0326167.2
10500,CNP0326398.1
10503,CNP0326530.3
10504,CNP0326579.1
10507,CNP0326890.1
10508,CNP0326904.4
10509,CNP0326915.1
10515,CNP0327181.4
10517,CNP0327226.4
10520,CNP0327445.1
10532,CNP0328267.1
10536,CNP0328545.2
10556,CNP0330177.2
10557,CNP0330251.2
10568,CNP0330861.3
10569,CNP0330861.5
10570,CNP0330863.1
10582,CNP0331580.0
10584,CNP0331592.1
10595,CNP0332305.0
10596,CNP0332438.0
10601,CNP0332617.0
10605,CNP0332743.1
10616,CNP0333148.1
10617,CNP0333282.0
10619,CNP0333407.1
10621,CNP0333636.1
10624,CNP0333807.1
10628,CNP0334067.1
10637,CNP0334591.3
10638,CNP0334591.6
10644,CNP0335327.1
10657,CNP0336100.2
10658,CNP0336109.0
10659,CNP0336247.1
10661,CNP0336370.1
10662,CNP0336416.2
10664,CNP0336444.1
10667,CNP0336812.1
10668,CNP0336825.0
10672,CNP0337104.0
10679,CNP0337510.0
10682,CNP0337654.2
10697,CNP0339014.5
10702,CNP0339084.1
10715,CNP0339541.1
10722,CNP0340261.1
10723,CNP0340269.0
10724,CNP0340283.2
10726,CNP0340286.0
10730,CNP0341010.1
10731,CNP0341123.2
10733,CNP0341214.0
10740,CNP0341756.0
10741,CNP0341775.2
10756,CNP0342425.1
10761,CNP0343027.1
10770,CNP0343603.2
10773,CNP0343761.0
10774,CNP0343766.6
10775,CNP0343854.1
10788,CNP0344561.5
10790,CNP0344605.2
10795,CNP0345015.1
10800,CNP0345352.1
10809,CNP0345901.4
10811,CNP0345956.1
10821,CNP0346172.1
10822,CNP0346253.1
10825,CNP0346643.2
10828,CNP0346893.1
10833,CNP0347110.1
10834,CNP0347110.3
10837,CNP0347235.0
10846,CNP0348001.5
10847,CNP0348043.3
10858,CNP0348317.3
10866,CNP0348585.1
10870,CNP0348699.1
10876,CNP0348845.0
10878,CNP0348903.2
10886,CNP0349603.1
10892,CNP0349710.0
10900,CNP0350021.2
10906,CNP0350270.2
10908,CNP0350301.0
10911,CNP0350540.1
10912,CNP0350571.0
10914,CNP0350737.1
10920,CNP0351020.0
10922,CNP0351102.2
10935,CNP0351795.1
10959,CNP0352806.0
10977,CNP0353851.1
10981,CNP0354001.1
10988,CNP0354601.1
10991,CNP0354971.1
10992,CNP0354972.0
10994,CNP0355117.1
11003,CNP0355304.2
11008,CNP0355505.1
11014,CNP0355855.0
11026,CNP0356479.0
11027,CNP0356522.1
11030,CNP0356650.1
11034,CNP0356916.0
11035,CNP0356933.1
11036,CNP0356942.0
11037,CNP0357073.1
11041,CNP0357215.0
11048,CNP0357477.1
11049,CNP0357564.1
11050,CNP0357617.2
11055,CNP0358178.2
11064,CNP0358536.1
11071,CNP0358953.1
11076,CNP0359071.1
11081,CNP0359299.1
11091,CNP0360113.1
11099,CNP0360836.2
11101,CNP0361023.2
11102,CNP0361097.2
11104,CNP0361393.1
11105,CNP0361440.1
11108,CNP0361459.3
11110,CNP0361502.0
11117,CNP0361624.2
11124,CNP0361846.1
11133,CNP0362377.2
11136,CNP0362628.2
11138,CNP0362762.5
11140,CNP0362813.4
11143,CNP0362913.3
11150,CNP0363530.0
11160,CNP0364083.1
11167,CNP0364405.1
11169,CNP0364546.8
11181,CNP0365191.1
11191,CNP0365568.1
11193,CNP0365575.1
11194,CNP0365630.0
11195,CNP0365631.1
11197,CNP0365691.3
11199,CNP0365727.1
11204,CNP0365960.2
11212,CNP0366152.0
11217,CNP0366843.0
11221,CNP0367306.2
11228,CNP0367777.4
11229,CNP0367785.4
11231,CNP0367810.1
11256,CNP0369151.0
11259,CNP0369291.1
11264,CNP0369629.3
11266,CNP0369680.1
11269,CNP0369875.1
11272,CNP0370175.2
11275,CNP0370360.7
11289,CNP0370878.0
11290,CNP0371084.0
11297,CNP0371423.0
11305,CNP0371855.3
11307,CNP0371983.1
11310,CNP0372302.1
11313,CNP0372327.1
11328,CNP0372921.1
11330,CNP0373036.3
11347,CNP0374611.0
11349,CNP0374738.1
11355,CNP0375290.2
