lambda,selection_order,CNP_ID,binding_affinity,Hbond_interactions,Hydrophobic_interactions,safety_score,quality_score
0.5,1,CNP0153482.2,-14.339,15,142,0.6,0.821420581655481
0.5,2,CNP0572972.2,-13.241,11,164,0.666,0.774366128563118
0.5,3,CNP0389765.1,-12.467,18,95,0.532,0.6906575072911909
0.5,4,CNP0586769.2,-12.948,6,115,0.46799999999999997,0.5612222985991543
0.5,5,CNP0518218.1,-12.545,7,105,0.534,0.558348698029524
0.6,1,CNP0153482.2,-14.339,15,142,0.6,0.821420581655481
0.6,2,CNP0572972.2,-13.241,11,164,0.666,0.774366128563118
0.6,3,CNP0389765.1,-12.467,18,95,0.532,0.6906575072911909
0.6,4,CNP0586769.2,-12.948,6,115,0.46799999999999997,0.5612222985991543
0.6,5,CNP0518218.1,-12.545,7,105,0.534,0.558348698029524
0.7,1,CNP0153482.2,-14.339,15,142,0.6,0.821420581655481
0.7,2,CNP0572972.2,-13.241,11,164,0.666,0.774366128563118
0.7,3,CNP0389765.1,-12.467,18,95,0.532,0.6906575072911909
0.7,4,CNP0586769.2,-12.948,6,115,0.46799999999999997,0.5612222985991543
0.7,5,CNP0518218.1,-12.545,7,105,0.534,0.558348698029524
0.8,1,CNP0153482.2,-14.339,15,142,0.6,0.821420581655481
0.8,2,CNP0572972.2,-13.241,11,164,0.666,0.774366128563118
0.8,3,CNP0389765.1,-12.467,18,95,0.532,0.6906575072911909
0.8,4,CNP0586769.2,-12.948,6,115,0.46799999999999997,0.5612222985991543
0.8,5,CNP0518218.1,-12.545,7,105,0.534,0.558348698029524
0.9,1,CNP0153482.2,-14.339,15,142,0.6,0.821420581655481
0.9,2,CNP0572972.2,-13.241,11,164,0.666,0.774366128563118
0.9,3,CNP0389765.1,-12.467,18,95,0.532,0.6906575072911909
0.9,4,CNP0586769.2,-12.948,6,115,0.46799999999999997,0.5612222985991543
0.9,5,CNP0518218.1,-12.545,7,105,0.534,0.558348698029524
