cluster,identifier,Score
0,CNP0548577.0,-1.409
1,CNP0510391.1,
2,CNP0482117.1,-10.87
3,CNP0038810.1,-8.132
4,CNP0102161.2,-10.01
5,CNP0590270.2,-6.3
6,CNP0574471.1,-6.1
7,CNP0250655.1,-9.4
8,CNP0089509.1,-11.4
9,CNP0499939.2,-6.3
10,CNP0511557.2,-5.5
11,CNP0176115.1,-8.8
12,CNP0591115.1,-9.3
13,CNP0076532.2,-9.0
14,CNP0575370.1,-8.2
15,CNP0197761.1,-8.503
16,CNP0235548.1,-10.11
17,CNP0318878.3,-9.715
18,CNP0233332.0,-5.263
19,CNP0333636.1,-11.49
20,CNP0554725.1,-6.0
21,CNP0513386.1,-9.9
22,CNP0494269.1,-11.5
23,CNP0518828.1,-9.0
24,CNP0092141.1,-9.5
25,CNP0212109.1,-8.0
26,CNP0094186.1,-10.9
27,CNP0112054.0,-6.0
28,CNP0001092.0,-5.5
29,CNP0570139.0,-4.4
30,CNP0045065.1,-5.4
31,CNP0550662.1,-7.5
32,CNP0084884.1,-6.8
33,CNP0001549.1,-7.0
34,CNP0438603.1,-11.8
35,CNP0084411.2,-6.4
36,CNP0098936.1,-11.0
37,CNP0540668.1,-5.0
38,CNP0302610.1,-9.5
39,CNP0383659.1,-6.2
40,CNP0214159.21,-9.057
41,CNP0535806.1,-9.335
42,CNP0509250.0,-12.14
43,CNP0000788.0,-8.715
44,CNP0398651.1,-10.39
45,CNP0538273.1,-9.9
46,CNP0535233.0,-8.2
47,CNP0423829.2,
48,CNP0547695.1,-7.0
49,CNP0498593.0,-5.6
50,CNP0556885.1,-6.8
51,CNP0567055.1,-5.6
52,CNP0412125.2,-10.0
53,CNP0243509.3,
54,CNP0461420.1,-9.7
55,CNP0579466.0,-10.1
56,CNP0076638.1,-9.9
57,CNP0424948.1,-8.4
58,CNP0545122.1,-7.8
59,CNP0599825.2,-6.4
60,CNP0594831.2,-5.8
61,CNP0486081.2,-6.3
62,CNP0035287.8,-10.9
63,CNP0067194.9,-10.6
64,CNP0296831.3,-6.3
65,CNP0584928.1,-6.398
66,CNP0340124.3,-10.14
67,CNP0037019.0,-7.047
68,CNP0497710.2,-6.219
69,CNP0531559.0,
70,CNP0181991.0,-6.2
71,CNP0601309.1,-11.7
72,CNP0501441.1,-10.0
73,CNP0348526.1,-10.5
74,CNP0048939.1,-5.5
75,CNP0422790.1,-8.9
76,CNP0529946.1,-5.2
77,CNP0045666.1,-5.8
78,CNP0515312.1,-6.2
79,CNP0094505.1,-11.3
80,CNP0141697.1,-8.6
81,CNP0178158.1,-7.9
82,CNP0526301.2,-5.4
83,CNP0434833.1,-8.3
84,CNP0205668.2,-7.0
85,CNP0164852.0,-11.4
86,CNP0550997.1,
87,CNP0575548.1,-4.8
88,CNP0555234.2,-6.7
89,CNP0419736.1,-13.8
90,CNP0156952.1,-8.2
91,CNP0207571.1,-9.4
92,CNP0247529.1,-11.0
93,CNP0217953.1,-10.4
94,CNP0187162.1,-9.9
95,CNP0148844.1,-11.5
96,CNP0221070.2,-6.6
97,CNP0100647.1,-10.3
98,CNP0488412.1,-10.2
99,CNP0154447.1,-10.8
100,CNP0200999.1,-11.36
101,CNP0458085.1,-10.24
102,CNP0568295.1,-5.631
103,CNP0192212.1,-13.6
104,CNP0516371.1,-7.975
105,CNP0562785.1,-5.7
106,CNP0519849.1,-6.3
107,CNP0165733.1,-12.3
108,CNP0492142.1,-10.0
109,CNP0007033.1,-10.3
110,CNP0130876.0,-9.3
111,CNP0223337.2,-9.4
112,CNP0416297.1,-9.6
113,CNP0521671.2,-6.3
114,CNP0301780.1,-10.3
115,CNP0253761.1,-8.6
116,CNP0191368.0,-8.0
117,CNP0562390.0,-5.3
118,CNP0244005.2,-7.5
119,CNP0220975.1,-9.9
120,CNP0264725.2,-9.1
121,CNP0190578.2,
122,CNP0505932.2,-6.7
123,CNP0598363.2,
124,CNP0422187.1,-9.2
125,CNP0285643.1,-10.76
126,CNP0539687.1,-9.856
127,CNP0097445.2,-10.78
128,CNP0536023.1,-6.503
129,CNP0552438.2,-6.798
130,CNP0292588.2,-5.2
131,CNP0051956.1,-9.8
132,CNP0255491.4,-9.3
133,CNP0291157.2,-11.4
134,CNP0454490.1,-6.6
135,CNP0578964.2,-5.668
136,CNP0505762.1,-5.389
137,CNP0480198.1,-5.046
138,CNP0296345.1,-6.758
139,CNP0137646.0,-6.248
140,CNP0198233.4,-7.0
141,CNP0207869.1,-6.1
142,CNP0487008.2,-6.7
143,CNP0081829.1,-6.4
144,CNP0588000.1,-6.0
145,CNP0568851.2,-6.9
146,CNP0589650.2,
147,CNP0512036.2,-6.3
148,CNP0113344.1,-7.3
149,CNP0390064.0,-7.1
150,CNP0517906.1,-5.9
151,CNP0170168.1,-9.6
152,CNP0551711.1,-6.3
153,CNP0486659.2,-6.6
154,CNP0011219.1,-10.1
155,CNP0011364.1,-8.5
156,CNP0411077.1,-6.5
157,CNP0168704.2,-6.9
158,CNP0124757.1,-10.5
159,CNP0209299.1,-11.1
160,CNP0105363.0,
161,CNP0195538.2,-6.0
162,CNP0235973.1,-9.3
163,CNP0584781.1,-8.5
164,CNP0246762.2,-10.3
165,CNP0354601.1,-11.83
166,CNP0225926.1,-6.197
167,CNP0372662.2,-10.22
168,CNP0559704.1,-10.35
169,CNP0570934.2,-7.019
170,CNP0319936.0,-4.8
171,CNP0586871.1,-6.3
172,CNP0543658.1,-7.1
173,CNP0552955.2,-6.6
174,CNP0582570.2,-5.8
175,CNP0128153.1,-5.4
176,CNP0493128.2,-6.6
177,CNP0489499.1,-9.8
178,CNP0604811.1,-6.0
179,CNP0557565.1,-6.2
180,CNP0522903.1,-8.2
181,CNP0115188.2,-10.8
182,CNP0431472.1,-10.1
183,CNP0505981.1,-6.0
184,CNP0601460.2,-6.3
185,CNP0254278.1,-10.0
186,CNP0245278.2,-8.4
187,CNP0301516.1,-9.5
188,CNP0299201.2,-9.7
189,CNP0349755.1,-8.9
190,CNP0501841.1,
191,CNP0550953.2,-5.9
192,CNP0529267.2,-6.0
193,CNP0516566.2,-5.9
194,CNP0276017.1,-10.3
195,CNP0604058.2,-4.1
196,CNP0589559.2,-6.0
197,CNP0586125.1,-5.8
198,CNP0580314.1,-6.0
199,CNP0169613.1,-9.7
200,CNP0201957.19,-9.473
201,CNP0600587.2,-5.918
202,CNP0545575.2,-6.115
203,CNP0483779.1,-6.98
204,CNP0483213.2,-5.862
205,CNP0602288.2,-5.7
206,CNP0579625.1,-9.5
207,CNP0172416.0,-5.2
208,CNP0228612.0,-9.2
209,CNP0143528.1,-8.8
210,CNP0060538.1,-9.2
211,CNP0601131.1,-6.3
212,CNP0532354.2,-6.2
213,CNP0355852.2,-11.2
214,CNP0218372.1,-9.7
215,CNP0100928.1,-8.6
216,CNP0575557.1,-6.9
217,CNP0589361.1,-8.2
218,CNP0593876.1,-5.8
219,CNP0531315.2,-6.7
220,CNP0166667.0,-6.0
221,CNP0172346.0,-4.4
222,CNP0539828.2,-6.7
223,CNP0599546.1,-6.2
224,CNP0516305.2,-6.3
225,CNP0545449.2,-6.0
226,CNP0531826.2,-6.4
227,CNP0587545.1,-10.6
228,CNP0558877.2,-6.2
229,CNP0017637.1,-9.0
230,CNP0596781.1,-6.7
231,CNP0530179.1,-5.2
232,CNP0586633.1,-4.7
233,CNP0509600.2,-5.0
234,CNP0507800.1,-6.9
235,CNP0076634.1,-7.1
236,CNP0227592.1,-8.4
237,CNP0215819.8,-7.8
238,CNP0170091.1,-9.9
239,CNP0154390.2,-7.6
240,CNP0497766.2,-6.3
241,CNP0486789.2,-6.7
242,CNP0588525.2,-6.6
243,CNP0583230.2,-5.6
244,CNP0530642.2,-5.9
245,CNP0090268.1,-10.9
246,CNP0477718.1,-10.3
247,CNP0244690.1,
248,CNP0490002.1,-6.8
249,CNP0228513.1,-6.7
250,CNP0378818.3,-10.2
251,CNP0236092.1,-8.6
252,CNP0208362.0,-5.9
253,CNP0140154.1,
254,CNP0531322.2,
255,CNP0027881.0,-9.0
256,CNP0206330.1,-11.1
257,CNP0512800.1,-6.9
258,CNP0555310.5,-9.8
259,CNP0534654.1,-6.2
260,CNP0522974.2,-5.915
261,CNP0557402.1,-6.323
262,CNP0587907.1,-9.229
263,CNP0504430.2,-6.804
264,CNP0568708.2,-6.175
265,CNP0278691.1,-13.89
266,CNP0524420.1,-10.05
267,CNP0550292.2,-6.47
268,CNP0330649.2,-8.525
269,CNP0488145.1,-4.538
270,CNP0502072.1,-5.765
271,CNP0494236.1,-5.225
272,CNP0293697.1,-8.538
273,CNP0534857.1,-4.95
274,CNP0539638.1,-6.592
275,CNP0514606.1,-6.1
276,CNP0517571.1,-5.1
277,CNP0541954.1,-5.9
278,CNP0297250.3,-9.6
279,CNP0348840.1,-11.7
280,CNP0478799.1,-6.0
281,CNP0563162.2,-5.2
282,CNP0606667.2,-6.0
283,CNP0543284.1,-5.9
284,CNP0595751.2,-6.9
285,CNP0574613.2,-5.2
286,CNP0180937.1,-7.4
287,CNP0504907.2,-6.5
288,CNP0508262.2,-6.5
289,CNP0568770.2,-6.1
290,CNP0210751.0,-11.79
291,CNP0601617.2,-6.098
292,CNP0566087.1,-5.587
293,CNP0494869.2,-6.408
294,CNP0552786.1,-6.455
295,CNP0586015.2,-6.8
296,CNP0579642.1,-5.9
297,CNP0021797.0,-9.6
298,CNP0543482.2,-5.9
299,CNP0544478.2,-5.9
300,CNP0571276.1,-5.9
301,CNP0599067.2,-6.3
302,CNP0578817.1,-6.6
303,CNP0510374.1,-9.1
304,CNP0487422.1,-6.5
305,CNP0483074.1,-5.8
306,CNP0560291.1,-5.9
307,CNP0564687.1,-5.8
308,CNP0587638.2,-6.1
309,CNP0490806.1,-6.6
310,CNP0537659.1,-6.1
311,CNP0605850.1,-5.4
312,CNP0001065.0,-5.9
313,CNP0436652.1,-8.5
314,CNP0400301.1,-9.6
315,CNP0274258.0,-5.4
316,CNP0308784.2,-11.9
317,CNP0057421.3,-5.6
318,CNP0299695.1,-6.9
319,CNP0530284.0,-5.1
320,CNP0587430.0,-5.9
321,CNP0202758.1,-9.7
322,CNP0197441.2,-10.0
323,CNP0090149.1,-9.9
324,CNP0352571.2,-10.2
325,CNP0552568.2,-10.6
326,CNP0134071.1,-11.4
327,CNP0083893.1,-6.7
328,CNP0487213.2,-10.2
329,CNP0300012.1,-7.7
330,CNP0519191.2,-9.8
331,CNP0241797.3,-10.4
332,CNP0503851.2,-10.7
333,CNP0131076.1,-10.3
334,CNP0577835.1,-8.6
335,CNP0174859.14,-8.9
336,CNP0138114.1,-9.6
337,CNP0291100.16,-8.5
338,CNP0508193.2,-8.4
339,CNP0253557.1,-9.5
340,CNP0475956.0,-7.9
341,CNP0506587.2,-6.8
342,CNP0563751.1,-8.4
343,CNP0297865.1,-8.6
344,CNP0284496.1,-8.4
345,CNP0424073.1,-10.1
346,CNP0486683.3,-9.8
347,CNP0297272.1,-8.2
348,CNP0535804.1,-10.8
349,CNP0226843.2,-9.3
350,CNP0343509.1,-9.8
351,CNP0094114.1,-9.7
352,CNP0320175.1,-9.6
353,CNP0591544.1,-9.8
354,CNP0501063.1,-9.1
355,CNP0588350.1,-12.4
356,CNP0096525.2,-9.2
357,CNP0469386.1,-10.9
358,CNP0214668.6,-11.1
359,CNP0519750.1,
360,CNP0505298.3,-9.9
361,CNP0521229.3,-10.4
362,CNP0234420.2,-11.8
363,CNP0140485.3,
364,CNP0368793.1,-7.0
365,CNP0325431.1,-9.0
366,CNP0505749.1,-8.1
367,CNP0295396.2,
368,CNP0294488.1,-8.9
369,CNP0383070.1,-8.5
370,CNP0439648.3,-10.3
371,CNP0258780.7,-9.5
372,CNP0322996.2,-10.0
373,CNP0040720.0,-8.6
374,CNP0249357.1,-9.5
375,CNP0089484.1,-10.6
376,CNP0165745.10,-9.8
377,CNP0263318.1,-6.6
378,CNP0528482.2,-9.0
379,CNP0500663.1,-9.6
380,CNP0439134.1,-9.114
381,CNP0476137.4,-9.449
382,CNP0218888.0,-11.86
383,CNP0239116.2,-11.92
384,CNP0507607.1,-7.938
385,CNP0280215.1,-7.3
386,CNP0266447.1,-7.6
387,CNP0089206.1,-11.1
388,CNP0247385.2,-10.2
389,CNP0569227.3,-8.7
390,CNP0264269.1,-7.7
391,CNP0261382.1,-9.3
392,CNP0210335.1,-9.3
393,CNP0098133.1,-11.4
394,CNP0477764.2,-9.9
395,CNP0458314.4,-10.05
396,CNP0093393.1,-9.077
397,CNP0304241.1,-9.525
398,CNP0463335.1,-10.18
399,CNP0283036.1,-8.718
400,CNP0433579.1,-10.85
401,CNP0553548.0,-8.577
402,CNP0304142.3,-10.46
403,CNP0243746.39,-9.669
404,CNP0452899.1,-8.858
405,CNP0025774.1,-9.6
406,CNP0577259.0,-7.6
407,CNP0264753.1,-8.7
408,CNP0348043.3,-8.7
409,CNP0120128.3,-7.5
410,CNP0357477.1,-10.0
411,CNP0499291.1,-7.9
412,CNP0312457.2,-9.4
413,CNP0232707.1,-10.3
414,CNP0006314.1,-9.7
415,CNP0519508.1,-10.1
416,CNP0176667.1,-9.5
417,CNP0275002.1,-11.6
418,CNP0430288.2,-9.9
419,CNP0304508.1,-8.1
420,CNP0380040.1,-6.5
421,CNP0488580.1,-9.9
422,CNP0263800.12,-8.7
423,CNP0151012.1,-10.5
424,CNP0330669.3,-12.3
425,CNP0569302.1,-11.3
426,CNP0210179.1,-11.8
427,CNP0226661.7,-11.0
428,CNP0226372.0,-10.4
429,CNP0427829.2,-8.0
430,CNP0499160.1,-10.1
431,CNP0440249.1,-11.9
432,CNP0256265.1,-10.7
433,CNP0395973.1,-9.9
434,CNP0580724.1,-10.1
435,CNP0294809.14,-12.2
436,CNP0219735.1,-7.1
437,CNP0189726.2,-7.5
438,CNP0192951.0,-9.2
439,CNP0328447.1,-11.7
440,CNP0189051.3,-11.2
441,CNP0585874.1,-8.7
442,CNP0031113.4,-9.4
443,CNP0059744.8,-9.2
444,CNP0197265.1,-11.2
445,CNP0209381.10,-10.9
446,CNP0154156.1,-11.9
447,CNP0304587.2,-10.3
448,CNP0258287.0,-9.0
449,CNP0600456.1,-10.3
450,CNP0478367.0,-9.1
451,CNP0247374.1,-10.7
452,CNP0045911.2,-9.6
453,CNP0253355.2,-9.0
454,CNP0392826.1,-7.7
455,CNP0429843.2,-8.2
456,CNP0337654.2,-8.2
457,CNP0568171.2,-10.8
458,CNP0548212.3,-10.2
459,CNP0251601.1,-8.1
460,CNP0180315.3,
461,CNP0570816.3,-10.6
462,CNP0576175.2,-10.5
463,CNP0486012.3,-9.3
464,CNP0074697.1,-10.8
465,CNP0251851.1,-7.4
466,CNP0595352.0,-8.4
467,CNP0178556.0,-6.5
468,CNP0072883.1,-9.5
469,CNP0430600.1,-10.9
470,CNP0018561.0,
471,CNP0108159.3,
472,CNP0205239.2,
473,CNP0302655.0,
474,CNP0025164.0,
475,CNP0480628.1,-9.4
476,CNP0571758.1,-9.4
477,CNP0506516.1,-10.2
478,CNP0325362.2,-10.5
479,CNP0369378.3,-10.5
480,CNP0585161.1,
481,CNP0237350.0,-7.5
482,CNP0455671.1,
483,CNP0234744.0,-10.0
484,CNP0511786.1,-10.7
485,CNP0323513.2,-8.5
486,CNP0473702.2,-7.8
487,CNP0325554.2,-8.0
488,CNP0432981.1,-7.8
489,CNP0567802.1,-8.1
490,CNP0322183.1,-10.0
491,CNP0296701.0,-9.5
492,CNP0104229.1,
493,CNP0138098.1,
494,CNP0327627.1,-9.5
495,CNP0337153.2,-9.5
496,CNP0195995.1,-10.7
497,CNP0597997.1,
498,CNP0361552.3,-9.7
499,CNP0095176.1,-9.7
500,CNP0137445.1,-8.1
501,CNP0286727.2,-7.4
502,CNP0478984.1,-4.7
503,CNP0290714.0,-10.4
504,CNP0568998.1,-6.7
505,CNP0274246.1,-12.1
506,CNP0543391.1,-6.1
507,CNP0316172.1,-8.8
508,CNP0094712.0,-6.3
509,CNP0264783.0,-4.2
510,CNP0201798.1,-9.6
511,CNP0173140.1,-9.7
512,CNP0071751.1,-9.2
513,CNP0287515.1,-9.7
514,CNP0010849.1,-12.0
515,CNP0268379.1,-10.6
516,CNP0114986.3,-9.1
517,CNP0208066.2,-9.7
518,CNP0326245.1,-9.7
519,CNP0299575.2,-11.6
520,CNP0197678.2,-8.082
521,CNP0195098.1,-10.85
522,CNP0323190.2,-10.15
523,CNP0085075.1,-8.561
524,CNP0213275.1,-7.932
525,CNP0209209.1,-9.734
526,CNP0235821.1,-8.032
527,CNP0603933.1,-10.63
528,CNP0539868.1,-6.405
529,CNP0351602.1,-6.108
530,CNP0280138.2,
531,CNP0430356.1,
532,CNP0051219.1,
533,CNP0432537.1,
534,CNP0114327.1,
535,CNP0168278.3,-10.2
536,CNP0114306.1,-6.9
537,CNP0597003.1,-8.1
538,CNP0339050.2,-11.5
539,CNP0384946.4,-9.3
540,CNP0033078.0,
541,CNP0501777.1,-9.7
542,CNP0119777.1,-8.7
543,CNP0544921.4,-10.1
544,CNP0454438.1,
545,CNP0124744.4,-9.7
546,CNP0137934.5,-9.5
547,CNP0343515.2,-8.6
548,CNP0154168.1,-9.4
549,CNP0001816.1,
550,CNP0589649.1,-8.6
551,CNP0546729.1,-8.8
552,CNP0117705.1,-9.5
553,CNP0548909.1,-8.4
554,CNP0404269.2,-10.9
555,CNP0191750.1,-9.8
556,CNP0107290.3,-11.5
557,CNP0540238.1,-7.0
558,CNP0357681.1,-10.2
559,CNP0188525.5,-11.8
560,CNP0438371.0,-6.2
561,CNP0001201.0,-5.0
562,CNP0426156.2,
563,CNP0556180.1,-7.4
564,CNP0208467.2,-9.8
565,CNP0222584.8,-9.8
566,CNP0484213.1,-6.3
567,CNP0493145.1,-7.3
568,CNP0229482.1,-8.5
569,CNP0465496.1,-8.5
570,CNP0209077.2,-7.3
571,CNP0183532.1,-5.9
572,CNP0075834.9,-8.2
573,CNP0450218.1,
574,CNP0498746.1,-7.3
575,CNP0600834.1,-6.6
576,CNP0115822.2,-7.9
577,CNP0593610.1,-7.1
578,CNP0222135.4,-9.4
579,CNP0163696.1,-8.1
580,CNP0533377.1,-9.2
581,CNP0516219.1,-7.8
582,CNP0532225.2,-6.1
583,CNP0388159.2,-9.9
584,CNP0605510.1,-6.8
585,CNP0606626.1,-7.0
586,CNP0302532.1,-10.0
587,CNP0453174.1,-8.5
588,CNP0122844.3,-9.3
589,CNP0153939.3,-6.8
590,CNP0088736.1,-8.3
591,CNP0517898.1,-6.2
592,CNP0569715.1,-6.2
593,CNP0178144.3,-9.9
594,CNP0188482.8,-10.7
595,CNP0192382.43,-11.0
596,CNP0250445.1,-9.8
597,CNP0247918.1,-10.2
598,CNP0365067.1,-7.1
599,CNP0293791.2,-8.6
600,CNP0550433.1,-9.5
601,CNP0425790.2,-8.6
602,CNP0502947.1,-6.0
603,CNP0528417.1,-10.6
604,CNP0528460.4,-9.0
605,CNP0056084.0,-8.8
606,CNP0189212.2,-9.5
607,CNP0303376.1,-5.8
608,CNP0330258.1,-9.0
609,CNP0316152.1,-5.3
610,CNP0368013.0,-3.3
611,CNP0586437.1,-6.6
612,CNP0485020.1,
613,CNP0344179.1,-8.8
614,CNP0562927.1,-5.4
615,CNP0265411.1,-9.1
616,CNP0492015.1,-6.7
617,CNP0093394.1,-11.0
618,CNP0370592.1,-10.3
619,CNP0303240.1,-8.3
620,CNP0155718.1,-10.6
621,CNP0209445.1,-5.8
622,CNP0350503.0,-8.3
623,CNP0567013.1,-11.3
624,CNP0254593.1,-11.3
625,CNP0489792.1,-5.7
626,CNP0209317.2,-10.0
627,CNP0376140.3,-8.5
628,CNP0077721.1,-7.8
629,CNP0418325.2,-8.2
630,CNP0147379.5,-9.6
631,CNP0192758.4,-6.5
632,CNP0156584.4,-9.3
633,CNP0227407.1,-10.6
634,CNP0596665.1,-7.4
635,CNP0359445.0,-9.2
636,CNP0193019.1,-9.0
637,CNP0479096.1,-10.3
638,CNP0489393.1,
639,CNP0482194.1,-6.3
640,CNP0483471.1,-6.7
641,CNP0411111.1,-10.0
642,CNP0107058.1,-5.5
643,CNP0286381.2,-10.1
644,CNP0195318.1,-9.5
645,CNP0551219.1,-4.8
646,CNP0591136.1,-6.4
647,CNP0083057.0,-6.3
648,CNP0111850.0,-4.4
649,CNP0504055.1,-6.0
650,CNP0580998.2,-6.1
651,CNP0576199.1,-6.8
652,CNP0196723.6,-11.3
653,CNP0595776.1,-6.6
654,CNP0583336.1,-6.1
655,CNP0145699.1,-9.856
656,CNP0557543.1,-6.262
657,CNP0491104.1,-6.444
658,CNP0108528.17,-8.436
659,CNP0121025.2,-12.17
660,CNP0311708.1,-9.8
661,CNP0543092.1,-6.0
662,CNP0317712.1,-9.1
663,CNP0435227.1,-10.3
664,CNP0531900.0,-10.6
665,CNP0262684.2,-9.7
666,CNP0526153.1,-10.4
667,CNP0250756.19,-8.2
668,CNP0145020.1,-9.8
669,CNP0578313.1,-7.0
670,CNP0225700.3,-7.7
671,CNP0389245.3,-7.4
672,CNP0572752.1,-6.7
673,CNP0563176.1,-6.4
674,CNP0536396.0,-8.6
675,CNP0417822.2,-7.0
676,CNP0319089.1,-8.5
677,CNP0134701.2,-7.5
678,CNP0203618.2,-9.7
679,CNP0224055.1,-9.2
680,CNP0381263.1,-8.6
681,CNP0097388.2,-8.1
682,CNP0235916.1,-9.1
683,CNP0163147.1,-9.1
684,CNP0103668.2,-8.1
685,CNP0314410.1,-7.5
686,CNP0429604.1,-10.0
687,CNP0161503.1,-10.4
688,CNP0126206.1,-9.0
689,CNP0220153.1,-10.5
690,CNP0212255.7,-10.3
691,CNP0464550.1,-8.5
692,CNP0115696.1,-8.8
693,CNP0267499.7,-7.8
694,CNP0532549.1,-7.6
695,CNP0431400.1,-7.9
696,CNP0379409.2,-7.9
697,CNP0485720.0,-5.8
698,CNP0186142.2,-5.5
699,CNP0456036.1,
700,CNP0002319.1,-10.3
701,CNP0491642.1,-9.6
702,CNP0283830.0,-3.7
703,CNP0199916.1,-5.5
704,CNP0011726.1,-10.2
705,CNP0578707.1,-7.8
706,CNP0065261.0,-7.6
707,CNP0189539.2,-9.0
708,CNP0260967.6,-11.4
709,CNP0255139.4,-10.8
710,CNP0280874.1,-6.8
711,CNP0128453.2,-7.6
712,CNP0385945.1,-7.7
713,CNP0339680.0,-8.0
714,CNP0026986.0,-6.8
715,CNP0196201.1,-8.2
716,CNP0347110.3,-8.9
717,CNP0108276.2,-7.2
718,CNP0422051.1,-8.1
719,CNP0588678.0,-9.1
720,CNP0270790.1,-8.5
721,CNP0109554.1,-6.6
722,CNP0313945.1,-7.8
723,CNP0129481.1,-8.8
724,CNP0247786.0,-9.6
725,CNP0034316.1,-6.9
726,CNP0562232.0,-11.0
727,CNP0408285.0,-8.7
728,CNP0235416.1,-9.5
729,CNP0227085.1,-9.0
730,CNP0242381.2,-9.4
731,CNP0194025.1,-8.9
732,CNP0150870.5,-7.7
733,CNP0158255.1,-9.0
734,CNP0447223.0,-6.2
735,CNP0268843.3,-6.7
736,CNP0521068.1,-8.9
737,CNP0509745.1,-9.4
738,CNP0391922.3,-9.0
739,CNP0305161.1,-8.0
740,CNP0585410.0,-10.9
741,CNP0535232.1,-9.3
742,CNP0488128.2,-10.6
743,CNP0358953.1,-9.1
744,CNP0067129.1,-9.4
745,CNP0195299.0,-9.2
746,CNP0185064.1,-9.3
747,CNP0116671.1,-6.1
748,CNP0305923.0,-5.8
749,CNP0388966.1,-6.9
750,CNP0384165.2,-7.7
751,CNP0252987.2,-8.9
752,CNP0266666.1,-8.0
753,CNP0004348.1,-8.0
754,CNP0110665.1,-9.5
755,CNP0461112.1,-9.2
756,CNP0561891.0,-10.1
757,CNP0486736.1,-8.3
758,CNP0376978.1,-8.2
759,CNP0263301.1,-10.3
760,CNP0535915.1,-9.9
761,CNP0495359.1,-9.5
762,CNP0074309.1,-9.5
763,CNP0281961.1,-10.5
764,CNP0191524.1,-11.4
765,CNP0340224.0,-5.7
766,CNP0009920.0,-5.7
767,CNP0000599.0,-5.6
768,CNP0605062.0,-9.3
769,CNP0145198.1,-6.1
770,CNP0529625.0,-4.2
771,CNP0319313.0,-5.7
772,CNP0312498.0,-6.9
773,CNP0287102.1,-7.8
774,CNP0483087.1,-9.8
775,CNP0223943.1,-7.6
776,CNP0196355.1,-8.6
777,CNP0158018.5,-10.3
778,CNP0523307.1,-6.6
779,CNP0221368.3,-8.5
780,CNP0037338.1,-8.0
781,CNP0376732.2,-10.1
782,CNP0249238.4,-9.4
783,CNP0002838.0,-5.6
784,CNP0013450.2,-8.4
785,CNP0272159.1,
786,CNP0572951.0,-9.342
787,CNP0291897.3,-8.46
788,CNP0219639.1,-8.488
789,CNP0374446.3,-8.013
790,CNP0219411.0,-8.182
791,CNP0437330.2,-9.289
792,CNP0415380.1,-8.968
793,CNP0120558.3,-7.602
794,CNP0225329.7,-11.23
795,CNP0256237.2,-8.7
796,CNP0178277.2,-9.8
797,CNP0586153.1,-9.1
798,CNP0269703.3,-8.6
799,CNP0363534.3,-8.6
800,CNP0381659.1,-8.9
801,CNP0153550.1,-8.6
802,CNP0335834.1,-7.5
803,CNP0521223.1,-8.8
804,CNP0277021.1,-9.4
805,CNP0027552.0,-5.1
806,CNP0372009.2,-8.5
807,CNP0001517.0,-4.8
808,CNP0520630.0,-5.4
809,CNP0144693.1,-8.5
810,CNP0042093.2,-7.9
811,CNP0502712.0,-8.4
812,CNP0495988.0,-9.5
813,CNP0283447.0,-9.3
814,CNP0253197.0,-5.3
815,CNP0164574.4,-8.0
816,CNP0383779.1,-11.2
817,CNP0280832.2,-8.6
818,CNP0411965.0,-9.9
819,CNP0026957.2,-9.8
820,CNP0598176.1,-8.7
821,CNP0192264.1,-9.2
822,CNP0355855.0,-6.4
823,CNP0559905.1,-10.3
824,CNP0167448.1,-9.3
825,CNP0132711.2,-6.8
826,CNP0279928.2,-6.1
827,CNP0433166.0,-6.2
828,CNP0362813.4,-7.7
829,CNP0100556.0,-4.2
830,CNP0212137.1,-8.9
831,CNP0361899.3,-9.9
832,CNP0407277.1,-10.0
833,CNP0070239.1,-8.7
834,CNP0123249.1,-7.8
835,CNP0066448.0,-5.7
836,CNP0190063.1,-5.3
837,CNP0082310.0,-4.8
838,CNP0381491.1,-5.9
839,CNP0378642.4,-7.0
840,CNP0286490.2,-6.0
841,CNP0502130.2,-6.7
842,CNP0249844.1,-7.0
843,CNP0173607.0,-7.2
844,CNP0107484.1,-6.0
845,CNP0351877.1,-7.7
846,CNP0112625.2,-6.7
847,CNP0266981.1,-6.0
848,CNP0550515.1,-6.0
849,CNP0084120.2,-6.8
850,CNP0548448.1,-6.8
851,CNP0594139.1,-6.7
852,CNP0481673.1,-7.4
853,CNP0295818.1,-10.4
854,CNP0520644.1,-7.1
855,CNP0540794.1,-6.4
856,CNP0090645.1,-10.0
857,CNP0154673.2,-8.7
858,CNP0082352.1,-6.8
859,CNP0123916.2,-9.2
860,CNP0141815.3,-7.4
861,CNP0473952.1,-8.5
862,CNP0202541.1,-8.7
863,CNP0544125.1,-8.5
864,CNP0589564.1,-7.8
865,CNP0181640.1,-7.6
866,CNP0251385.1,-7.7
867,CNP0281322.1,-8.5
868,CNP0356933.1,-8.4
869,CNP0073881.1,-8.4
870,CNP0312383.1,-8.1
871,CNP0268744.2,-7.5
872,CNP0189995.3,-7.7
873,CNP0105580.2,-7.9
874,CNP0117738.1,-6.9
875,CNP0354183.1,-6.4
876,CNP0432198.1,-7.9
877,CNP0267031.2,-8.1
878,CNP0316538.1,-8.6
879,CNP0408624.1,-9.9
880,CNP0087201.6,-9.8
881,CNP0145159.1,-8.0
882,CNP0535354.2,-8.6
883,CNP0292418.1,-8.6
884,CNP0237317.1,-7.3
885,CNP0154735.1,-6.7
886,CNP0136228.1,-8.8
887,CNP0238855.2,-7.6
888,CNP0197960.6,-7.9
889,CNP0221740.1,-9.2
890,CNP0186594.1,-9.0
891,CNP0295723.1,-10.0
892,CNP0503721.1,-12.2
893,CNP0200008.2,-8.0
894,CNP0301607.1,-9.5
895,CNP0333148.1,-9.8
896,CNP0315262.1,-9.5
897,CNP0202678.1,-10.9
898,CNP0490764.1,-10.0
899,CNP0327050.1,-12.2
900,CNP0160376.0,-7.3
901,CNP0564618.0,-6.4
902,CNP0523541.0,-9.4
903,CNP0188779.3,-8.2
904,CNP0270490.3,-9.3
905,CNP0158860.1,-9.5
906,CNP0499817.0,-8.1
907,CNP0345552.2,-8.3
908,CNP0194157.2,-8.4
909,CNP0113077.1,-7.8
910,CNP0280970.0,-7.3
911,CNP0102361.1,-8.3
912,CNP0242549.1,-7.2
913,CNP0245307.1,-7.8
914,CNP0341789.4,-8.0
915,CNP0289346.2,-7.224
916,CNP0378616.1,-7.607
917,CNP0192282.1,-7.42
918,CNP0404141.1,-9.011
919,CNP0182185.2,-8.548
920,CNP0304943.1,-9.478
921,CNP0581670.1,-8.007
922,CNP0219377.1,-9.269
923,CNP0046093.2,-8.423
924,CNP0411459.3,-9.454
925,CNP0161913.1,-9.2
926,CNP0385463.2,-11.0
927,CNP0511890.0,-7.3
928,CNP0155634.1,-9.6
929,CNP0304771.2,-9.6
930,CNP0321217.1,-9.7
931,CNP0563501.2,-8.6
932,CNP0087653.1,
933,CNP0468919.2,-9.6
934,CNP0303460.1,-9.8
935,CNP0196324.1,-9.9
936,CNP0286287.11,-11.0
937,CNP0189132.3,-11.3
938,CNP0243690.6,-10.0
939,CNP0147205.1,-10.7
940,CNP0184597.22,-11.6
941,CNP0357392.2,-11.2
942,CNP0203590.2,-10.2
943,CNP0164120.0,-12.2
944,CNP0564408.1,-12.4
945,CNP0263507.3,-11.0
946,CNP0245110.3,-10.0
947,CNP0448327.1,-10.1
948,CNP0226326.24,-10.8
949,CNP0387870.3,-10.1
950,CNP0368662.4,-8.5
951,CNP0296204.5,-9.8
952,CNP0401732.2,-10.1
953,CNP0550913.1,-8.4
954,CNP0330128.12,
955,CNP0246185.1,-9.5
956,CNP0187534.1,-11.3
957,CNP0246503.4,-8.2
958,CNP0152484.0,
959,CNP0249020.7,-9.9
960,CNP0120401.3,-9.0
961,CNP0258315.10,-12.1
962,CNP0317260.1,-12.2
963,CNP0108370.1,-9.9
964,CNP0181592.1,
965,CNP0273647.1,-9.1
966,CNP0408504.2,-10.6
967,CNP0435404.1,-8.5
968,CNP0342605.1,-10.1
969,CNP0133336.1,-7.8
970,CNP0387446.4,-9.9
971,CNP0206356.2,-9.9
972,CNP0531701.1,-7.3
973,CNP0345275.1,-8.5
974,CNP0254210.1,-9.7
975,CNP0155756.2,
976,CNP0133353.5,-9.8
977,CNP0318762.2,-9.1
978,CNP0215846.1,-8.6
979,CNP0352324.0,-10.9
980,CNP0352806.0,-11.6
981,CNP0566996.1,-7.5
982,CNP0498968.0,-10.7
983,CNP0517413.1,-8.9
984,CNP0238259.1,-9.7
985,CNP0493870.1,-7.6
986,CNP0315782.2,-9.1
987,CNP0413934.1,-9.4
988,CNP0103340.2,-8.2
989,CNP0193108.2,-7.3
990,CNP0003484.0,-8.4
991,CNP0266070.1,-8.3
992,CNP0142055.3,-7.5
993,CNP0292394.1,-8.3
994,CNP0353301.1,-9.3
995,CNP0221324.1,-7.5
996,CNP0118660.1,-7.8
997,CNP0292271.1,-7.9
998,CNP0168117.1,-9.5
999,CNP0180941.1,-7.2
1000,CNP0163666.1,-10.42
1001,CNP0145923.9,-12.74
1002,CNP0242033.7,-9.4
1003,CNP0407441.1,-10.17
1004,CNP0436462.1,-10.61
1005,CNP0318527.1,-8.8
1006,CNP0255906.1,-8.1
1007,CNP0205579.9,-9.4
1008,CNP0177707.5,-8.6
1009,CNP0326915.1,-9.1
1010,CNP0175680.1,-7.8
1011,CNP0129285.4,-10.2
1012,CNP0105479.1,-9.4
1013,CNP0280901.1,-8.3
1014,CNP0363936.1,-9.1
1015,CNP0235033.7,-9.8
1016,CNP0218297.1,-9.3
1017,CNP0351950.1,-10.2
1018,CNP0180376.1,-8.1
1019,CNP0473485.0,-8.9
1020,CNP0422390.2,-8.0
1021,CNP0182946.11,-7.8
1022,CNP0391012.1,-8.4
1023,CNP0124450.1,-8.2
1024,CNP0249746.1,-8.5
1025,CNP0479233.0,-6.8
1026,CNP0487261.0,-7.6
1027,CNP0152822.1,-9.3
1028,CNP0385180.3,-9.2
1029,CNP0455927.1,-8.7
1030,CNP0143398.1,-7.7
1031,CNP0270619.3,-8.5
1032,CNP0574867.0,-7.0
1033,CNP0259652.3,-8.5
1034,CNP0252704.3,-10.3
1035,CNP0303024.1,-7.5
1036,CNP0240233.7,-10.6
1037,CNP0301082.3,-11.8
1038,CNP0175504.2,-8.1
1039,CNP0085235.1,-8.5
1040,CNP0168325.3,-7.6
1041,CNP0344517.7,-9.0
1042,CNP0162890.1,-8.5
1043,CNP0494016.1,-9.7
1044,CNP0086746.3,-9.3
1045,CNP0382269.3,-9.6
1046,CNP0043190.4,-9.3
1047,CNP0109560.1,-7.6
1048,CNP0177785.2,-7.8
1049,CNP0153528.1,-7.5
1050,CNP0280636.8,-8.7
1051,CNP0584477.2,-9.2
1052,CNP0005818.1,-10.0
1053,CNP0013038.1,-9.0
1054,CNP0187953.21,-9.9
1055,CNP0559117.0,-6.9
1056,CNP0245582.3,-8.3
1057,CNP0122112.2,-8.8
1058,CNP0292599.5,-8.7
1059,CNP0533557.2,-9.3
1060,CNP0525096.10,-9.5
1061,CNP0189563.2,-7.6
1062,CNP0262739.1,-9.0
1063,CNP0172279.1,-6.6
1064,CNP0570036.1,-8.5
1065,CNP0277250.1,-9.7
1066,CNP0230499.2,-9.1
1067,CNP0279852.3,-11.4
1068,CNP0488936.1,-10.6
1069,CNP0151495.3,-10.7
1070,CNP0404249.1,-10.9
1071,CNP0365539.3,-8.8
1072,CNP0039687.1,-9.3
1073,CNP0307226.4,-9.9
1074,CNP0156806.1,-8.6
1075,CNP0236551.4,-10.5
1076,CNP0075795.1,-10.3
1077,CNP0152761.1,-11.1
1078,CNP0271127.1,-10.2
1079,CNP0150735.1,-8.2
1080,CNP0458111.2,-7.704
1081,CNP0104142.1,-9.219
1082,CNP0317360.2,-8.226
1083,CNP0257481.1,-8.795
1084,CNP0115026.2,-8.123
1085,CNP0380097.0,-8.6
1086,CNP0398827.2,-8.7
1087,CNP0095243.1,-8.5
1088,CNP0227541.5,-10.4
1089,CNP0292483.1,-8.3
1090,CNP0184956.1,-8.7
1091,CNP0206764.1,-7.9
1092,CNP0421264.1,-8.9
1093,CNP0480320.1,-10.7
1094,CNP0153924.1,-10.8
1095,CNP0095268.1,-7.7
1096,CNP0276387.2,-7.9
1097,CNP0509883.0,-6.4
1098,CNP0514137.1,-8.1
1099,CNP0506950.1,-8.0
1100,CNP0244243.1,-11.1
1101,CNP0591669.0,-9.1
1102,CNP0260624.1,-7.4
1103,CNP0115823.2,-9.0
1104,CNP0345015.1,-8.2
1105,CNP0411931.1,-9.7
1106,CNP0596706.1,-11.8
1107,CNP0058009.0,-6.9
1108,CNP0540460.0,-7.8
1109,CNP0018835.0,-8.2
1110,CNP0267574.0,-9.4
1111,CNP0138418.0,-11.0
1112,CNP0437454.0,-7.9
1113,CNP0047689.0,-9.7
1114,CNP0278287.4,-8.5
1115,CNP0157776.0,-8.9
1116,CNP0230477.1,-5.9
1117,CNP0593230.1,-7.9
1118,CNP0306820.1,-8.5
1119,CNP0137185.3,-7.8
1120,CNP0537825.0,-7.619
1121,CNP0028521.0,-8.559
1122,CNP0432507.1,-9.622
1123,CNP0280833.4,-9.436
1124,CNP0276730.1,-8.164
1125,CNP0463950.6,-9.26
1126,CNP0554766.0,-7.624
1127,CNP0345788.0,-7.366
1128,CNP0517921.0,-6.16
1129,CNP0364409.0,
1130,CNP0469526.0,-6.11
1131,CNP0365841.1,-11.18
1132,CNP0283559.3,-8.104
1133,CNP0114518.1,-7.527
1134,CNP0368637.1,-10.92
1135,CNP0292189.2,-10.9
1136,CNP0387340.1,-9.1
1137,CNP0203230.1,-11.6
1138,CNP0592010.1,-8.9
1139,CNP0239273.1,-8.7
1140,CNP0330011.1,-8.6
1141,CNP0006819.0,-8.2
1142,CNP0298922.1,-7.7
1143,CNP0348845.0,-7.9
1144,CNP0188366.0,-7.6
1145,CNP0210794.2,-10.0
1146,CNP0248184.0,-7.4
1147,CNP0120029.1,-11.6
1148,CNP0235013.2,-9.9
1149,CNP0355092.1,-9.3
1150,CNP0185404.2,-10.8
1151,CNP0092713.1,-8.7
1152,CNP0528058.0,-6.7
1153,CNP0173073.1,-9.7
1154,CNP0183688.1,-11.0
1155,CNP0156436.2,-9.2
1156,CNP0310411.2,-10.0
1157,CNP0103076.2,-9.8
1158,CNP0075330.2,-8.6
1159,CNP0361897.1,-8.4
1160,CNP0151503.1,-7.1
1161,CNP0133456.6,-7.8
1162,CNP0419996.0,-11.3
1163,CNP0139177.2,-6.9
1164,CNP0028395.0,-8.6
1165,CNP0512652.1,-9.0
1166,CNP0601084.0,-10.2
1167,CNP0225121.0,-9.5
1168,CNP0165131.1,-7.7
1169,CNP0184009.0,-8.4
1170,CNP0179488.0,-8.01
1171,CNP0119973.0,-9.384
1172,CNP0564048.0,-9.821
1173,CNP0302963.0,-6.946
1174,CNP0601614.0,-8.264
1175,CNP0176795.0,-8.8
1176,CNP0598365.0,-9.9
1177,CNP0190473.0,-9.2
1178,CNP0220023.2,-10.8
1179,CNP0289915.1,-7.0
1180,CNP0339319.2,-7.8
1181,CNP0249635.0,-11.0
1182,CNP0199228.2,-9.7
1183,CNP0260639.1,-12.3
1184,CNP0278146.2,-10.7
1185,CNP0135035.1,-8.0
1186,CNP0345352.1,-6.8
1187,CNP0425916.1,-7.8
1188,CNP0256823.0,-9.1
1189,CNP0131178.0,-9.6
1190,CNP0294148.1,-8.6
1191,CNP0272281.0,-8.7
1192,CNP0149805.0,-9.7
1193,CNP0250451.1,-9.4
1194,CNP0408066.0,-9.8
1195,CNP0204805.0,-8.9
1196,CNP0318928.0,-9.5
1197,CNP0311987.0,-8.3
1198,CNP0143945.0,-7.9
1199,CNP0382414.0,-9.5
1200,CNP0551899.0,-6.4
1201,CNP0240310.6,-11.6
1202,CNP0373176.0,-5.5
1203,CNP0135346.0,-6.6
1204,CNP0306898.2,-10.8
1205,CNP0279259.1,-8.6
1206,CNP0206734.1,-8.6
1207,CNP0075843.4,-7.0
1208,CNP0407945.0,-9.0
1209,CNP0339401.0,-8.8
1210,CNP0239716.1,-7.4
1211,CNP0159551.1,-6.6
1212,CNP0586732.0,-8.6
1213,CNP0080595.1,-6.1
1214,CNP0197830.1,-6.9
1215,CNP0306807.1,-10.5
1216,CNP0286012.0,-10.3
1217,CNP0456392.1,-9.3
1218,CNP0014607.1,-7.6
1219,CNP0304558.2,-7.6
1220,CNP0492809.1,-9.0
1221,CNP0542288.2,-7.8
1222,CNP0115965.1,-9.8
1223,CNP0459637.1,-8.1
1224,CNP0173544.1,-7.0
1225,CNP0051443.0,-6.2
1226,CNP0018891.1,-8.7
1227,CNP0457698.1,-8.3
1228,CNP0138077.22,-11.0
1229,CNP0228607.9,-10.7
1230,CNP0043525.0,-5.4
1231,CNP0347219.12,-9.1
1232,CNP0350540.1,-8.8
1233,CNP0135643.1,-10.0
1234,CNP0272448.2,-10.8
1235,CNP0104560.1,-8.4
1236,CNP0023290.0,-8.9
1237,CNP0601076.0,-5.1
1238,CNP0177189.1,-7.7
1239,CNP0247812.1,-7.9
1240,CNP0309990.1,-8.8
1241,CNP0185982.5,-9.4
1242,CNP0488132.1,-9.4
1243,CNP0419261.4,-9.0
1244,CNP0241527.0,-6.3
1245,CNP0326116.0,-7.4
1246,CNP0260585.1,-11.3
1247,CNP0031146.0,-8.5
1248,CNP0365568.1,-10.1
1249,CNP0256299.1,-10.8
1250,CNP0277625.1,-12.1
1251,CNP0024347.0,-8.3
1252,CNP0399901.0,-7.8
1253,CNP0464352.0,-6.4
1254,CNP0507297.0,-6.4
1255,CNP0257404.0,-8.953
1256,CNP0319225.4,-9.405
1257,CNP0123691.3,-9.021
1258,CNP0108713.2,-10.32
1259,CNP0151525.1,-9.914
1260,CNP0432038.1,-10.02
1261,CNP0367773.1,-7.911
1262,CNP0014371.1,-7.717
1263,CNP0462482.1,-9.33
1264,CNP0228603.1,-10.26
1265,CNP0241356.1,-8.8
1266,CNP0252505.4,-9.9
1267,CNP0372923.1,-7.8
1268,CNP0010648.1,-8.0
1269,CNP0289067.2,-9.2
1270,CNP0463754.1,
1271,CNP0306145.2,-8.3
1272,CNP0086940.4,-9.5
1273,CNP0193970.1,-8.3
1274,CNP0318493.4,-6.4
1275,CNP0301261.2,-8.9
1276,CNP0589753.1,-8.9
1277,CNP0427294.1,-9.6
1278,CNP0356479.0,-8.6
1279,CNP0243981.2,-7.4
1280,CNP0168918.2,-7.2
1281,CNP0315175.1,-7.3
1282,CNP0302725.1,-8.2
1283,CNP0431623.1,-7.5
1284,CNP0565879.1,-7.5
1285,CNP0045804.1,-8.6
1286,CNP0182498.2,-9.0
1287,CNP0138573.2,-8.0
1288,CNP0235828.3,-6.7
1289,CNP0483890.2,-7.0
1290,CNP0206838.3,-8.0
1291,CNP0229453.1,-8.6
1292,CNP0115053.1,-6.7
1293,CNP0097703.1,-6.3
1294,CNP0387364.1,-8.9
1295,CNP0280733.2,-9.5
1296,CNP0158348.1,
1297,CNP0191493.0,-8.1
1298,CNP0207327.1,-6.4
1299,CNP0537922.0,-6.9
1300,CNP0117241.1,-9.0
1301,CNP0226063.1,-7.0
1302,CNP0111565.1,-5.6
1303,CNP0108222.1,-6.8
1304,CNP0049249.2,-9.6
1305,CNP0196830.1,-8.0
1306,CNP0154149.2,-8.0
1307,CNP0118735.1,-7.5
1308,CNP0253431.1,-8.1
1309,CNP0155619.1,-7.3
1310,CNP0262013.1,-6.6
1311,CNP0540468.1,-8.2
1312,CNP0479799.1,-5.0
1313,CNP0304586.0,
1314,CNP0339539.1,-5.9
1315,CNP0324964.1,-5.4
1316,CNP0302559.1,-6.5
1317,CNP0053161.3,-8.6
1318,CNP0157285.1,-8.3
1319,CNP0462231.1,-8.1
1320,CNP0217958.5,-8.2
1321,CNP0483640.1,-9.4
1322,CNP0176392.0,-8.2
1323,CNP0332830.1,-11.4
1324,CNP0400334.1,-8.3
1325,CNP0339014.4,-8.3
1326,CNP0385151.2,-9.6
1327,CNP0381329.1,-10.4
1328,CNP0358536.1,-10.5
1329,CNP0128595.0,-11.3
1330,CNP0248247.2,-7.9
1331,CNP0318108.0,-9.1
1332,CNP0574826.1,-10.3
1333,CNP0039804.1,-8.2
1334,CNP0391109.1,-9.2
1335,CNP0596607.0,-8.0
1336,CNP0340283.4,-9.2
1337,CNP0166576.3,-10.0
1338,CNP0563341.4,-9.9
1339,CNP0556774.7,-11.0
1340,CNP0399810.1,-11.2
1341,CNP0220544.3,-10.8
1342,CNP0380927.5,-9.7
1343,CNP0224947.1,-7.3
1344,CNP0119281.2,-8.9
1345,CNP0360836.2,-8.6
1346,CNP0237262.3,-9.3
1347,CNP0263362.1,
1348,CNP0451829.1,-10.6
1349,CNP0152272.2,-11.0
1350,CNP0008204.1,-9.4
1351,CNP0396420.1,-10.7
1352,CNP0358515.1,-10.7
1353,CNP0150856.3,-10.1
1354,CNP0331584.1,-9.4
1355,CNP0415180.1,-8.9
1356,CNP0517096.1,-10.1
1357,CNP0421171.1,-8.9
1358,CNP0602713.1,-9.2
1359,CNP0550929.1,-9.8
1360,CNP0381293.2,-9.4
1361,CNP0605295.1,-9.4
1362,CNP0080280.1,-9.5
1363,CNP0156083.1,-10.9
1364,CNP0346172.1,-9.5
1365,CNP0127940.0,-9.1
1366,CNP0269126.1,-10.0
1367,CNP0140329.3,-9.3
1368,CNP0385671.3,-8.7
1369,CNP0341207.2,-11.8
1370,CNP0238572.1,-9.0
1371,CNP0019978.1,-7.6
1372,CNP0246666.1,-8.2
1373,CNP0172035.4,-10.4
1374,CNP0387373.1,-10.9
1375,CNP0319562.1,-8.6
1376,CNP0215678.0,-7.9
1377,CNP0289971.1,-8.5
1378,CNP0350021.2,-7.1
1379,CNP0093286.2,-9.2
1380,CNP0424915.1,
1381,CNP0072003.1,-10.3
1382,CNP0197752.1,-10.9
1383,CNP0351668.0,-12.6
1384,CNP0121086.1,-10.3
1385,CNP0416196.2,-10.69
1386,CNP0316948.1,-9.714
1387,CNP0278812.3,-9.915
1388,CNP0262303.1,-9.729
1389,CNP0124598.1,-10.54
1390,CNP0499125.1,-8.783
1391,CNP0281368.1,-11.62
1392,CNP0215995.1,-11.35
1393,CNP0157493.2,-10.35
1394,CNP0191021.1,-11.5
1395,CNP0318881.1,-9.997
1396,CNP0209219.1,-7.224
1397,CNP0185232.3,-8.718
1398,CNP0450070.1,-9.202
1399,CNP0326488.3,-8.742
1400,CNP0204140.1,-9.0
1401,CNP0332439.0,-10.0
1402,CNP0508185.0,-9.5
1403,CNP0112974.1,-9.0
1404,CNP0199139.1,-11.6
1405,CNP0197151.1,-9.8
1406,CNP0578105.1,-8.7
1407,CNP0570729.1,-10.7
1408,CNP0372447.0,-10.7
1409,CNP0305486.0,-8.3
1410,CNP0308863.2,-9.3
1411,CNP0265525.1,-8.8
1412,CNP0221954.1,-10.1
1413,CNP0219575.2,-10.1
1414,CNP0344900.2,-8.5
1415,CNP0233378.0,-10.0
1416,CNP0134044.18,-8.7
1417,CNP0291431.1,-9.7
1418,CNP0316829.1,-10.2
1419,CNP0188534.3,-10.3
1420,CNP0230943.2,-11.7
1421,CNP0508688.1,-8.6
1422,CNP0577942.1,-9.1
1423,CNP0266177.1,-9.1
1424,CNP0521385.1,-10.9
1425,CNP0178358.1,-9.2
1426,CNP0151128.1,-10.8
1427,CNP0253275.1,-10.6
1428,CNP0186095.1,-9.2
1429,CNP0293631.3,-8.6
1430,CNP0413664.1,-8.8
1431,CNP0323427.1,-10.8
1432,CNP0180893.3,-9.4
1433,CNP0303294.1,-10.6
1434,CNP0242582.0,-10.4
1435,CNP0244865.1,-7.7
1436,CNP0235766.1,-11.6
1437,CNP0274307.1,-10.7
1438,CNP0264357.5,-8.9
1439,CNP0147069.2,-8.7
1440,CNP0070768.2,-10.7
1441,CNP0476535.6,-8.7
1442,CNP0256107.4,-10.2
1443,CNP0262102.14,-9.2
1444,CNP0367932.1,-9.5
1445,CNP0132550.3,-10.79
1446,CNP0047976.1,-7.194
1447,CNP0164693.1,-10.48
1448,CNP0294031.4,-10.07
1449,CNP0187151.7,-11.41
1450,CNP0420275.2,-9.6
1451,CNP0068101.1,-10.2
1452,CNP0270058.2,-9.5
1453,CNP0014415.1,-8.2
1454,CNP0428141.2,-9.6
1455,CNP0317494.0,-8.9
1456,CNP0426466.1,-8.2
1457,CNP0535281.1,
1458,CNP0426014.1,-10.8
1459,CNP0500957.1,-9.8
1460,CNP0132243.5,-8.7
1461,CNP0233727.1,-9.0
1462,CNP0039902.3,-9.3
1463,CNP0452076.2,-7.1
1464,CNP0168409.1,
1465,CNP0385763.2,-9.1
1466,CNP0405584.1,-6.8
1467,CNP0349551.1,-9.0
1468,CNP0441821.2,-8.6
1469,CNP0444836.1,-8.8
1470,CNP0019696.1,-9.2
1471,CNP0481634.1,-8.4
1472,CNP0441077.1,-10.6
1473,CNP0257407.1,-9.9
1474,CNP0128012.1,-8.5
1475,CNP0199857.1,-10.5
1476,CNP0381153.2,-9.8
1477,CNP0565538.1,-10.9
1478,CNP0307350.1,-7.6
1479,CNP0266654.1,-9.7
1480,CNP0139670.1,-7.0
1481,CNP0001673.1,-9.7
1482,CNP0555714.2,-8.4
1483,CNP0351795.1,-9.4
1484,CNP0433307.0,-8.1
1485,CNP0048311.0,-8.5
1486,CNP0214101.0,-8.2
1487,CNP0377417.0,-10.0
1488,CNP0274438.2,-7.0
1489,CNP0381192.1,-9.1
1490,CNP0387603.1,-8.5
1491,CNP0136005.1,-9.0
1492,CNP0355223.4,-10.9
1493,CNP0524020.0,-7.8
1494,CNP0385854.1,-9.3
1495,CNP0426086.0,-8.6
1496,CNP0200286.0,-7.7
1497,CNP0128876.1,-13.0
1498,CNP0487689.1,-10.9
1499,CNP0591210.1,-10.6
1500,CNP0154999.2,-9.0
1501,CNP0383457.1,-8.8
1502,CNP0279941.0,-9.2
1503,CNP0521670.2,-7.6
1504,CNP0004161.1,-8.8
1505,CNP0376789.2,-10.7
1506,CNP0603727.2,-9.6
1507,CNP0009507.1,-9.3
1508,CNP0072364.1,-9.5
1509,CNP0388771.0,-9.1
1510,CNP0147272.1,-8.5
1511,CNP0005529.1,-8.9
1512,CNP0419011.2,-9.3
1513,CNP0314303.1,-8.5
1514,CNP0523434.1,-10.3
1515,CNP0181754.1,-9.176
1516,CNP0231978.2,-8.352
1517,CNP0410214.1,-8.906
1518,CNP0397371.1,-8.067
1519,CNP0133355.1,-7.865
1520,CNP0009135.1,-8.736
1521,CNP0234709.1,-11.5
1522,CNP0148676.1,-10.73
1523,CNP0508346.1,-10.71
1524,CNP0188842.0,-11.16
1525,CNP0236845.2,-9.1
1526,CNP0062709.1,-10.5
1527,CNP0214750.1,-10.1
1528,CNP0312298.3,-8.9
1529,CNP0154148.1,-9.6
1530,CNP0338768.1,-10.96
1531,CNP0064400.1,
1532,CNP0395779.1,-9.616
1533,CNP0183935.2,-9.398
1534,CNP0017247.1,-9.527
1535,CNP0030813.2,-9.2
1536,CNP0379897.1,-8.6
1537,CNP0483900.1,-11.2
1538,CNP0024490.2,-11.4
1539,CNP0138096.1,-9.4
1540,CNP0520844.1,-9.1
1541,CNP0153781.1,-11.6
1542,CNP0443756.1,-9.7
1543,CNP0169910.1,-8.6
1544,CNP0575234.2,-9.5
1545,CNP0349623.1,-10.9
1546,CNP0536656.4,-8.3
1547,CNP0160734.2,-8.3
1548,CNP0227847.1,-8.5
1549,CNP0543797.1,-8.0
1550,CNP0122124.0,-9.1
1551,CNP0335093.1,-8.8
1552,CNP0361393.1,-7.4
1553,CNP0094738.1,-8.3
1554,CNP0548953.1,-8.6
1555,CNP0234696.1,-10.5
1556,CNP0339084.1,-8.6
1557,CNP0308435.1,-9.6
1558,CNP0077696.1,-8.6
1559,CNP0171975.1,-9.7
1560,CNP0332653.7,-9.2
1561,CNP0538792.1,-8.0
1562,CNP0601760.1,-8.6
1563,CNP0005061.1,-8.8
1564,CNP0158462.3,-11.1
1565,CNP0185291.0,
1566,CNP0274677.1,-9.8
1567,CNP0512101.1,-7.8
1568,CNP0601277.0,-9.7
1569,CNP0228574.2,-8.9
1570,CNP0306014.1,-9.0
1571,CNP0109665.0,-8.7
1572,CNP0116943.3,-8.2
1573,CNP0564905.1,-10.1
1574,CNP0364005.1,-7.4
1575,CNP0347348.0,-9.2
1576,CNP0391904.2,-8.8
1577,CNP0007766.1,-8.8
1578,CNP0412760.0,-8.5
1579,CNP0046604.1,-9.7
1580,CNP0378470.2,-9.2
1581,CNP0253162.1,-9.7
1582,CNP0015907.1,-9.8
1583,CNP0137421.1,-8.7
1584,CNP0499411.1,-9.4
1585,CNP0147637.1,-9.0
1586,CNP0007888.1,-9.2
1587,CNP0600853.1,-8.7
1588,CNP0389395.2,
1589,CNP0288483.1,-8.4
1590,CNP0527668.1,-9.2
1591,CNP0074628.1,-9.7
1592,CNP0402678.0,-9.1
1593,CNP0121865.0,-8.9
1594,CNP0386766.0,-8.2
1595,CNP0235196.0,-8.5
1596,CNP0516969.2,-10.5
1597,CNP0361444.6,-9.7
1598,CNP0408477.1,-9.1
1599,CNP0192057.1,-10.5
1600,CNP0194881.1,-10.1
1601,CNP0502314.2,-8.0
1602,CNP0325515.1,-9.6
1603,CNP0449836.2,-8.7
1604,CNP0180543.1,-8.4
1605,CNP0408748.1,-8.9
1606,CNP0404106.1,-10.6
1607,CNP0313423.1,-8.4
1608,CNP0540506.1,-8.8
1609,CNP0014239.1,-8.8
1610,CNP0358807.0,-7.4
1611,CNP0288472.0,
1612,CNP0429228.1,-9.2
1613,CNP0086522.1,
1614,CNP0337723.0,-6.7
1615,CNP0573943.1,-8.3
1616,CNP0498185.3,-8.2
1617,CNP0447182.0,-8.7
1618,CNP0474629.1,-10.1
1619,CNP0235558.1,-9.0
1620,CNP0383028.0,-7.721
1621,CNP0371243.2,-6.648
1622,CNP0222714.1,-7.047
1623,CNP0036084.0,-9.389
1624,CNP0384621.2,-7.314
1625,CNP0571472.1,
1626,CNP0002570.0,-6.6
1627,CNP0162761.0,-6.9
1628,CNP0196515.0,-5.7
1629,CNP0396357.0,-8.1
1630,CNP0562985.1,-7.6
1631,CNP0018679.0,
1632,CNP0223015.1,-8.8
1633,CNP0294270.1,-8.4
1634,CNP0316083.3,-8.7
1635,CNP0270140.1,-8.4
1636,CNP0054836.0,-6.9
1637,CNP0376868.3,-7.6
1638,CNP0336773.1,-9.4
1639,CNP0228615.1,-8.4
1640,CNP0330067.1,-9.0
1641,CNP0015644.1,-10.1
1642,CNP0484523.0,
1643,CNP0139043.6,-7.4
1644,CNP0370698.0,-6.6
1645,CNP0369138.2,-6.916
1646,CNP0136014.2,-5.742
1647,CNP0075224.1,-8.316
1648,CNP0166994.1,-7.682
1649,CNP0339191.1,-7.727
1650,CNP0396390.1,-6.771
1651,CNP0002844.0,-7.085
1652,CNP0480270.0,-7.417
1653,CNP0501108.1,-5.659
1654,CNP0580639.0,-8.027
1655,CNP0054237.0,-9.2
1656,CNP0047724.0,-9.3
1657,CNP0477625.0,-8.4
1658,CNP0110310.0,-8.6
1659,CNP0605590.0,-9.4
1660,CNP0356271.0,-8.5
1661,CNP0026185.0,-10.0
1662,CNP0550665.0,-9.6
1663,CNP0349380.0,-9.9
1664,CNP0328965.0,-8.4
1665,CNP0339954.0,-9.6
1666,CNP0374242.0,-8.3
1667,CNP0455144.0,-7.5
1668,CNP0009472.0,-8.7
1669,CNP0476759.0,-10.1
1670,CNP0421924.0,-8.9
1671,CNP0269243.0,-8.4
1672,CNP0586142.0,-8.5
1673,CNP0572784.0,-8.0
1674,CNP0357855.0,-8.9
1675,CNP0399219.0,-9.4
1676,CNP0391237.0,-9.4
1677,CNP0270316.0,-10.8
1678,CNP0337914.0,-9.8
1679,CNP0009917.0,-7.9
1680,CNP0573561.0,-10.6
1681,CNP0395222.0,-9.7
1682,CNP0598246.0,-9.8
