n_features,rmse,features
5,0.7406531468395154,"BalabanIndex_div_PathComplexityIndex,RingCount_x_Asphericity,BalabanIndex_div_Max_EState,RingCount_x_PMI2,PathComplexityIndex_x_GraphDistanceDistributionEntropy"
10,0.6801892079515743,"BalabanIndex_div_PathComplexityIndex,RingCount_x_Asphericity,BalabanIndex_div_Max_EState,RingCount_x_PMI2,PathComplexityIndex_x_GraphDistanceDistributionEntropy,RingCount_x_partial_charge_max,SSSR_count_x_Largest_ring_size,TPSA_x_SSSR_count,PMI2_x_Fused_ring_count,TotalPathCount_div_Largest_ring_size"
15,0.6742876055412592,"BalabanIndex_div_PathComplexityIndex,RingCount_x_Asphericity,BalabanIndex_div_Max_EState,RingCount_x_PMI2,PathComplexityIndex_x_GraphDistanceDistributionEntropy,RingCount_x_partial_charge_max,SSSR_count_x_Largest_ring_size,TPSA_x_SSSR_count,PMI2_x_Fused_ring_count,TotalPathCount_div_Largest_ring_size,PMI_Ratio2_x_BalabanIndex,RingCount_div_AtomInformationContent,Asphericity_x_Fused_ring_count,Eccentricity_x_PathComplexityIndex,RingCount_div_SpherocityIndex"
20,0.6671931744330398,"BalabanIndex_div_PathComplexityIndex,RingCount_x_Asphericity,BalabanIndex_div_Max_EState,RingCount_x_PMI2,PathComplexityIndex_x_GraphDistanceDistributionEntropy,RingCount_x_partial_charge_max,SSSR_count_x_Largest_ring_size,TPSA_x_SSSR_count,PMI2_x_Fused_ring_count,TotalPathCount_div_Largest_ring_size,PMI_Ratio2_x_BalabanIndex,RingCount_div_AtomInformationContent,Asphericity_x_Fused_ring_count,Eccentricity_x_PathComplexityIndex,RingCount_div_SpherocityIndex,SSSR_count_div_partial_charge_max,BertzCTIndex_x_PathComplexityIndex,BalabanIndex_div_partial_charge_max,partial_charge_min_x_BalabanIndex,Largest_ring_size_x_BertzCTIndex"
25,0.6651354665541878,"BalabanIndex_div_PathComplexityIndex,RingCount_x_Asphericity,BalabanIndex_div_Max_EState,RingCount_x_PMI2,PathComplexityIndex_x_GraphDistanceDistributionEntropy,RingCount_x_partial_charge_max,SSSR_count_x_Largest_ring_size,TPSA_x_SSSR_count,PMI2_x_Fused_ring_count,TotalPathCount_div_Largest_ring_size,PMI_Ratio2_x_BalabanIndex,RingCount_div_AtomInformationContent,Asphericity_x_Fused_ring_count,Eccentricity_x_PathComplexityIndex,RingCount_div_SpherocityIndex,SSSR_count_div_partial_charge_max,BertzCTIndex_x_PathComplexityIndex,BalabanIndex_div_partial_charge_max,partial_charge_min_x_BalabanIndex,Largest_ring_size_x_BertzCTIndex,SSSR_count_div_FractionCSP3,Max_EState_x_PathComplexityIndex,StereocenterCount_x_SSSR_count,Largest_ring_size_x_Chi3,BalabanIndex_x_PathComplexityIndex"
30,0.6619011236738684,"BalabanIndex_div_PathComplexityIndex,RingCount_x_Asphericity,BalabanIndex_div_Max_EState,RingCount_x_PMI2,PathComplexityIndex_x_GraphDistanceDistributionEntropy,RingCount_x_partial_charge_max,SSSR_count_x_Largest_ring_size,TPSA_x_SSSR_count,PMI2_x_Fused_ring_count,TotalPathCount_div_Largest_ring_size,PMI_Ratio2_x_BalabanIndex,RingCount_div_AtomInformationContent,Asphericity_x_Fused_ring_count,Eccentricity_x_PathComplexityIndex,RingCount_div_SpherocityIndex,SSSR_count_div_partial_charge_max,BertzCTIndex_x_PathComplexityIndex,BalabanIndex_div_partial_charge_max,partial_charge_min_x_BalabanIndex,Largest_ring_size_x_BertzCTIndex,SSSR_count_div_FractionCSP3,Max_EState_x_PathComplexityIndex,StereocenterCount_x_SSSR_count,Largest_ring_size_x_Chi3,BalabanIndex_x_PathComplexityIndex,RadiusOfGyration_x_Largest_ring_size,MolarRefractivity_div_TotalPathCount,Max_EState_x_Bridged_ring_count,PMI2_div_Fused_ring_count,RingCount_div_BondInformationContent"
35,0.6559757609830978,"BalabanIndex_div_PathComplexityIndex,RingCount_x_Asphericity,BalabanIndex_div_Max_EState,RingCount_x_PMI2,PathComplexityIndex_x_GraphDistanceDistributionEntropy,RingCount_x_partial_charge_max,SSSR_count_x_Largest_ring_size,TPSA_x_SSSR_count,PMI2_x_Fused_ring_count,TotalPathCount_div_Largest_ring_size,PMI_Ratio2_x_BalabanIndex,RingCount_div_AtomInformationContent,Asphericity_x_Fused_ring_count,Eccentricity_x_PathComplexityIndex,RingCount_div_SpherocityIndex,SSSR_count_div_partial_charge_max,BertzCTIndex_x_PathComplexityIndex,BalabanIndex_div_partial_charge_max,partial_charge_min_x_BalabanIndex,Largest_ring_size_x_BertzCTIndex,SSSR_count_div_FractionCSP3,Max_EState_x_PathComplexityIndex,StereocenterCount_x_SSSR_count,Largest_ring_size_x_Chi3,BalabanIndex_x_PathComplexityIndex,RadiusOfGyration_x_Largest_ring_size,MolarRefractivity_div_TotalPathCount,Max_EState_x_Bridged_ring_count,PMI2_div_Fused_ring_count,RingCount_div_BondInformationContent,BoundingBoxVolume_div_Largest_ring_size,AtomInformationContent_div_BalabanIndex,TopologicalDiameter_div_Largest_ring_size,ZagrebIndex_div_MolWt,TotalPathCount_div_RadiusOfGyration"
40,0.6524123183300639,"BalabanIndex_div_PathComplexityIndex,RingCount_x_Asphericity,BalabanIndex_div_Max_EState,RingCount_x_PMI2,PathComplexityIndex_x_GraphDistanceDistributionEntropy,RingCount_x_partial_charge_max,SSSR_count_x_Largest_ring_size,TPSA_x_SSSR_count,PMI2_x_Fused_ring_count,TotalPathCount_div_Largest_ring_size,PMI_Ratio2_x_BalabanIndex,RingCount_div_AtomInformationContent,Asphericity_x_Fused_ring_count,Eccentricity_x_PathComplexityIndex,RingCount_div_SpherocityIndex,SSSR_count_div_partial_charge_max,BertzCTIndex_x_PathComplexityIndex,BalabanIndex_div_partial_charge_max,partial_charge_min_x_BalabanIndex,Largest_ring_size_x_BertzCTIndex,SSSR_count_div_FractionCSP3,Max_EState_x_PathComplexityIndex,StereocenterCount_x_SSSR_count,Largest_ring_size_x_Chi3,BalabanIndex_x_PathComplexityIndex,RadiusOfGyration_x_Largest_ring_size,MolarRefractivity_div_TotalPathCount,Max_EState_x_Bridged_ring_count,PMI2_div_Fused_ring_count,RingCount_div_BondInformationContent,BoundingBoxVolume_div_Largest_ring_size,AtomInformationContent_div_BalabanIndex,TopologicalDiameter_div_Largest_ring_size,ZagrebIndex_div_MolWt,TotalPathCount_div_RadiusOfGyration,HBD_x_SSSR_count,RadiusOfGyration_div_BertzCTIndex,Min_EState_x_SSSR_count,BalabanIndex_div_HeteroatomCount,BalabanIndex_div_Asphericity"
45,0.6499678399777855,"BalabanIndex_div_PathComplexityIndex,RingCount_x_Asphericity,BalabanIndex_div_Max_EState,RingCount_x_PMI2,PathComplexityIndex_x_GraphDistanceDistributionEntropy,RingCount_x_partial_charge_max,SSSR_count_x_Largest_ring_size,TPSA_x_SSSR_count,PMI2_x_Fused_ring_count,TotalPathCount_div_Largest_ring_size,PMI_Ratio2_x_BalabanIndex,RingCount_div_AtomInformationContent,Asphericity_x_Fused_ring_count,Eccentricity_x_PathComplexityIndex,RingCount_div_SpherocityIndex,SSSR_count_div_partial_charge_max,BertzCTIndex_x_PathComplexityIndex,BalabanIndex_div_partial_charge_max,partial_charge_min_x_BalabanIndex,Largest_ring_size_x_BertzCTIndex,SSSR_count_div_FractionCSP3,Max_EState_x_PathComplexityIndex,StereocenterCount_x_SSSR_count,Largest_ring_size_x_Chi3,BalabanIndex_x_PathComplexityIndex,RadiusOfGyration_x_Largest_ring_size,MolarRefractivity_div_TotalPathCount,Max_EState_x_Bridged_ring_count,PMI2_div_Fused_ring_count,RingCount_div_BondInformationContent,BoundingBoxVolume_div_Largest_ring_size,AtomInformationContent_div_BalabanIndex,TopologicalDiameter_div_Largest_ring_size,ZagrebIndex_div_MolWt,TotalPathCount_div_RadiusOfGyration,HBD_x_SSSR_count,RadiusOfGyration_div_BertzCTIndex,Min_EState_x_SSSR_count,BalabanIndex_div_HeteroatomCount,BalabanIndex_div_Asphericity,SSSR_count_x_BondInformationContent,ZagrebIndex_div_CovalentRadiusSum,StereocenterCount_x_Fused_ring_count,partial_charge_max_x_BalabanIndex,DoubleBondCount_x_SSSR_count"
50,0.6483544978234324,"BalabanIndex_div_PathComplexityIndex,RingCount_x_Asphericity,BalabanIndex_div_Max_EState,RingCount_x_PMI2,PathComplexityIndex_x_GraphDistanceDistributionEntropy,RingCount_x_partial_charge_max,SSSR_count_x_Largest_ring_size,TPSA_x_SSSR_count,PMI2_x_Fused_ring_count,TotalPathCount_div_Largest_ring_size,PMI_Ratio2_x_BalabanIndex,RingCount_div_AtomInformationContent,Asphericity_x_Fused_ring_count,Eccentricity_x_PathComplexityIndex,RingCount_div_SpherocityIndex,SSSR_count_div_partial_charge_max,BertzCTIndex_x_PathComplexityIndex,BalabanIndex_div_partial_charge_max,partial_charge_min_x_BalabanIndex,Largest_ring_size_x_BertzCTIndex,SSSR_count_div_FractionCSP3,Max_EState_x_PathComplexityIndex,StereocenterCount_x_SSSR_count,Largest_ring_size_x_Chi3,BalabanIndex_x_PathComplexityIndex,RadiusOfGyration_x_Largest_ring_size,MolarRefractivity_div_TotalPathCount,Max_EState_x_Bridged_ring_count,PMI2_div_Fused_ring_count,RingCount_div_BondInformationContent,BoundingBoxVolume_div_Largest_ring_size,AtomInformationContent_div_BalabanIndex,TopologicalDiameter_div_Largest_ring_size,ZagrebIndex_div_MolWt,TotalPathCount_div_RadiusOfGyration,HBD_x_SSSR_count,RadiusOfGyration_div_BertzCTIndex,Min_EState_x_SSSR_count,BalabanIndex_div_HeteroatomCount,BalabanIndex_div_Asphericity,SSSR_count_x_BondInformationContent,ZagrebIndex_div_CovalentRadiusSum,StereocenterCount_x_Fused_ring_count,partial_charge_max_x_BalabanIndex,DoubleBondCount_x_SSSR_count,MolarRefractivity_div_BertzCTIndex,partial_charge_min_x_PathComplexityIndex,SSSR_count_div_Fused_ring_count,Fused_ring_count_div_FractionCSP3,Asphericity_x_Largest_ring_size"
55,0.6469553211575765,"BalabanIndex_div_PathComplexityIndex,RingCount_x_Asphericity,BalabanIndex_div_Max_EState,RingCount_x_PMI2,PathComplexityIndex_x_GraphDistanceDistributionEntropy,RingCount_x_partial_charge_max,SSSR_count_x_Largest_ring_size,TPSA_x_SSSR_count,PMI2_x_Fused_ring_count,TotalPathCount_div_Largest_ring_size,PMI_Ratio2_x_BalabanIndex,RingCount_div_AtomInformationContent,Asphericity_x_Fused_ring_count,Eccentricity_x_PathComplexityIndex,RingCount_div_SpherocityIndex,SSSR_count_div_partial_charge_max,BertzCTIndex_x_PathComplexityIndex,BalabanIndex_div_partial_charge_max,partial_charge_min_x_BalabanIndex,Largest_ring_size_x_BertzCTIndex,SSSR_count_div_FractionCSP3,Max_EState_x_PathComplexityIndex,StereocenterCount_x_SSSR_count,Largest_ring_size_x_Chi3,BalabanIndex_x_PathComplexityIndex,RadiusOfGyration_x_Largest_ring_size,MolarRefractivity_div_TotalPathCount,Max_EState_x_Bridged_ring_count,PMI2_div_Fused_ring_count,RingCount_div_BondInformationContent,BoundingBoxVolume_div_Largest_ring_size,AtomInformationContent_div_BalabanIndex,TopologicalDiameter_div_Largest_ring_size,ZagrebIndex_div_MolWt,TotalPathCount_div_RadiusOfGyration,HBD_x_SSSR_count,RadiusOfGyration_div_BertzCTIndex,Min_EState_x_SSSR_count,BalabanIndex_div_HeteroatomCount,BalabanIndex_div_Asphericity,SSSR_count_x_BondInformationContent,ZagrebIndex_div_CovalentRadiusSum,StereocenterCount_x_Fused_ring_count,partial_charge_max_x_BalabanIndex,DoubleBondCount_x_SSSR_count,MolarRefractivity_div_BertzCTIndex,partial_charge_min_x_PathComplexityIndex,SSSR_count_div_Fused_ring_count,Fused_ring_count_div_FractionCSP3,Asphericity_x_Largest_ring_size,Chi4_div_FractionCSP3,HBD_x_Fused_ring_count,PMI_Ratio2_x_TotalPathCount,Min_EState_x_Fused_ring_count,AtomInformationContent_x_TotalPathCount"
60,0.6347351362523019,"BalabanIndex_div_PathComplexityIndex,RingCount_x_Asphericity,BalabanIndex_div_Max_EState,RingCount_x_PMI2,PathComplexityIndex_x_GraphDistanceDistributionEntropy,RingCount_x_partial_charge_max,SSSR_count_x_Largest_ring_size,TPSA_x_SSSR_count,PMI2_x_Fused_ring_count,TotalPathCount_div_Largest_ring_size,PMI_Ratio2_x_BalabanIndex,RingCount_div_AtomInformationContent,Asphericity_x_Fused_ring_count,Eccentricity_x_PathComplexityIndex,RingCount_div_SpherocityIndex,SSSR_count_div_partial_charge_max,BertzCTIndex_x_PathComplexityIndex,BalabanIndex_div_partial_charge_max,partial_charge_min_x_BalabanIndex,Largest_ring_size_x_BertzCTIndex,SSSR_count_div_FractionCSP3,Max_EState_x_PathComplexityIndex,StereocenterCount_x_SSSR_count,Largest_ring_size_x_Chi3,BalabanIndex_x_PathComplexityIndex,RadiusOfGyration_x_Largest_ring_size,MolarRefractivity_div_TotalPathCount,Max_EState_x_Bridged_ring_count,PMI2_div_Fused_ring_count,RingCount_div_BondInformationContent,BoundingBoxVolume_div_Largest_ring_size,AtomInformationContent_div_BalabanIndex,TopologicalDiameter_div_Largest_ring_size,ZagrebIndex_div_MolWt,TotalPathCount_div_RadiusOfGyration,HBD_x_SSSR_count,RadiusOfGyration_div_BertzCTIndex,Min_EState_x_SSSR_count,BalabanIndex_div_HeteroatomCount,BalabanIndex_div_Asphericity,SSSR_count_x_BondInformationContent,ZagrebIndex_div_CovalentRadiusSum,StereocenterCount_x_Fused_ring_count,partial_charge_max_x_BalabanIndex,DoubleBondCount_x_SSSR_count,MolarRefractivity_div_BertzCTIndex,partial_charge_min_x_PathComplexityIndex,SSSR_count_div_Fused_ring_count,Fused_ring_count_div_FractionCSP3,Asphericity_x_Largest_ring_size,Chi4_div_FractionCSP3,HBD_x_Fused_ring_count,PMI_Ratio2_x_TotalPathCount,Min_EState_x_Fused_ring_count,AtomInformationContent_x_TotalPathCount,Largest_ring_size_x_PathComplexityIndex,WienerIndex_div_PMI1,RingCount_div_DoubleBondCount,SSSR_count_div_MolarRefractivity,RotatableBonds_x_Bridged_ring_count"
65,0.6350552946455467,"BalabanIndex_div_PathComplexityIndex,RingCount_x_Asphericity,BalabanIndex_div_Max_EState,RingCount_x_PMI2,PathComplexityIndex_x_GraphDistanceDistributionEntropy,RingCount_x_partial_charge_max,SSSR_count_x_Largest_ring_size,TPSA_x_SSSR_count,PMI2_x_Fused_ring_count,TotalPathCount_div_Largest_ring_size,PMI_Ratio2_x_BalabanIndex,RingCount_div_AtomInformationContent,Asphericity_x_Fused_ring_count,Eccentricity_x_PathComplexityIndex,RingCount_div_SpherocityIndex,SSSR_count_div_partial_charge_max,BertzCTIndex_x_PathComplexityIndex,BalabanIndex_div_partial_charge_max,partial_charge_min_x_BalabanIndex,Largest_ring_size_x_BertzCTIndex,SSSR_count_div_FractionCSP3,Max_EState_x_PathComplexityIndex,StereocenterCount_x_SSSR_count,Largest_ring_size_x_Chi3,BalabanIndex_x_PathComplexityIndex,RadiusOfGyration_x_Largest_ring_size,MolarRefractivity_div_TotalPathCount,Max_EState_x_Bridged_ring_count,PMI2_div_Fused_ring_count,RingCount_div_BondInformationContent,BoundingBoxVolume_div_Largest_ring_size,AtomInformationContent_div_BalabanIndex,TopologicalDiameter_div_Largest_ring_size,ZagrebIndex_div_MolWt,TotalPathCount_div_RadiusOfGyration,HBD_x_SSSR_count,RadiusOfGyration_div_BertzCTIndex,Min_EState_x_SSSR_count,BalabanIndex_div_HeteroatomCount,BalabanIndex_div_Asphericity,SSSR_count_x_BondInformationContent,ZagrebIndex_div_CovalentRadiusSum,StereocenterCount_x_Fused_ring_count,partial_charge_max_x_BalabanIndex,DoubleBondCount_x_SSSR_count,MolarRefractivity_div_BertzCTIndex,partial_charge_min_x_PathComplexityIndex,SSSR_count_div_Fused_ring_count,Fused_ring_count_div_FractionCSP3,Asphericity_x_Largest_ring_size,Chi4_div_FractionCSP3,HBD_x_Fused_ring_count,PMI_Ratio2_x_TotalPathCount,Min_EState_x_Fused_ring_count,AtomInformationContent_x_TotalPathCount,Largest_ring_size_x_PathComplexityIndex,WienerIndex_div_PMI1,RingCount_div_DoubleBondCount,SSSR_count_div_MolarRefractivity,RotatableBonds_x_Bridged_ring_count,HeteroatomCount_x_Largest_ring_size,SSSR_count_div_RingCount,Chi4_div_RadiusOfGyration,Fused_ring_count_div_Bridged_ring_count,BalabanIndex_div_TopologicalRadius"
70,0.6338053637845298,"BalabanIndex_div_PathComplexityIndex,RingCount_x_Asphericity,BalabanIndex_div_Max_EState,RingCount_x_PMI2,PathComplexityIndex_x_GraphDistanceDistributionEntropy,RingCount_x_partial_charge_max,SSSR_count_x_Largest_ring_size,TPSA_x_SSSR_count,PMI2_x_Fused_ring_count,TotalPathCount_div_Largest_ring_size,PMI_Ratio2_x_BalabanIndex,RingCount_div_AtomInformationContent,Asphericity_x_Fused_ring_count,Eccentricity_x_PathComplexityIndex,RingCount_div_SpherocityIndex,SSSR_count_div_partial_charge_max,BertzCTIndex_x_PathComplexityIndex,BalabanIndex_div_partial_charge_max,partial_charge_min_x_BalabanIndex,Largest_ring_size_x_BertzCTIndex,SSSR_count_div_FractionCSP3,Max_EState_x_PathComplexityIndex,StereocenterCount_x_SSSR_count,Largest_ring_size_x_Chi3,BalabanIndex_x_PathComplexityIndex,RadiusOfGyration_x_Largest_ring_size,MolarRefractivity_div_TotalPathCount,Max_EState_x_Bridged_ring_count,PMI2_div_Fused_ring_count,RingCount_div_BondInformationContent,BoundingBoxVolume_div_Largest_ring_size,AtomInformationContent_div_BalabanIndex,TopologicalDiameter_div_Largest_ring_size,ZagrebIndex_div_MolWt,TotalPathCount_div_RadiusOfGyration,HBD_x_SSSR_count,RadiusOfGyration_div_BertzCTIndex,Min_EState_x_SSSR_count,BalabanIndex_div_HeteroatomCount,BalabanIndex_div_Asphericity,SSSR_count_x_BondInformationContent,ZagrebIndex_div_CovalentRadiusSum,StereocenterCount_x_Fused_ring_count,partial_charge_max_x_BalabanIndex,DoubleBondCount_x_SSSR_count,MolarRefractivity_div_BertzCTIndex,partial_charge_min_x_PathComplexityIndex,SSSR_count_div_Fused_ring_count,Fused_ring_count_div_FractionCSP3,Asphericity_x_Largest_ring_size,Chi4_div_FractionCSP3,HBD_x_Fused_ring_count,PMI_Ratio2_x_TotalPathCount,Min_EState_x_Fused_ring_count,AtomInformationContent_x_TotalPathCount,Largest_ring_size_x_PathComplexityIndex,WienerIndex_div_PMI1,RingCount_div_DoubleBondCount,SSSR_count_div_MolarRefractivity,RotatableBonds_x_Bridged_ring_count,HeteroatomCount_x_Largest_ring_size,SSSR_count_div_RingCount,Chi4_div_RadiusOfGyration,Fused_ring_count_div_Bridged_ring_count,BalabanIndex_div_TopologicalRadius,Avg_EState_x_PathComplexityIndex,Max_EState_x_Largest_ring_size,SpherocityIndex_x_WienerIndex,HeteroatomCount_div_Largest_ring_size,BalabanIndex_x_AtomInformationContent"
75,0.6322825906918779,"BalabanIndex_div_PathComplexityIndex,RingCount_x_Asphericity,BalabanIndex_div_Max_EState,RingCount_x_PMI2,PathComplexityIndex_x_GraphDistanceDistributionEntropy,RingCount_x_partial_charge_max,SSSR_count_x_Largest_ring_size,TPSA_x_SSSR_count,PMI2_x_Fused_ring_count,TotalPathCount_div_Largest_ring_size,PMI_Ratio2_x_BalabanIndex,RingCount_div_AtomInformationContent,Asphericity_x_Fused_ring_count,Eccentricity_x_PathComplexityIndex,RingCount_div_SpherocityIndex,SSSR_count_div_partial_charge_max,BertzCTIndex_x_PathComplexityIndex,BalabanIndex_div_partial_charge_max,partial_charge_min_x_BalabanIndex,Largest_ring_size_x_BertzCTIndex,SSSR_count_div_FractionCSP3,Max_EState_x_PathComplexityIndex,StereocenterCount_x_SSSR_count,Largest_ring_size_x_Chi3,BalabanIndex_x_PathComplexityIndex,RadiusOfGyration_x_Largest_ring_size,MolarRefractivity_div_TotalPathCount,Max_EState_x_Bridged_ring_count,PMI2_div_Fused_ring_count,RingCount_div_BondInformationContent,BoundingBoxVolume_div_Largest_ring_size,AtomInformationContent_div_BalabanIndex,TopologicalDiameter_div_Largest_ring_size,ZagrebIndex_div_MolWt,TotalPathCount_div_RadiusOfGyration,HBD_x_SSSR_count,RadiusOfGyration_div_BertzCTIndex,Min_EState_x_SSSR_count,BalabanIndex_div_HeteroatomCount,BalabanIndex_div_Asphericity,SSSR_count_x_BondInformationContent,ZagrebIndex_div_CovalentRadiusSum,StereocenterCount_x_Fused_ring_count,partial_charge_max_x_BalabanIndex,DoubleBondCount_x_SSSR_count,MolarRefractivity_div_BertzCTIndex,partial_charge_min_x_PathComplexityIndex,SSSR_count_div_Fused_ring_count,Fused_ring_count_div_FractionCSP3,Asphericity_x_Largest_ring_size,Chi4_div_FractionCSP3,HBD_x_Fused_ring_count,PMI_Ratio2_x_TotalPathCount,Min_EState_x_Fused_ring_count,AtomInformationContent_x_TotalPathCount,Largest_ring_size_x_PathComplexityIndex,WienerIndex_div_PMI1,RingCount_div_DoubleBondCount,SSSR_count_div_MolarRefractivity,RotatableBonds_x_Bridged_ring_count,HeteroatomCount_x_Largest_ring_size,SSSR_count_div_RingCount,Chi4_div_RadiusOfGyration,Fused_ring_count_div_Bridged_ring_count,BalabanIndex_div_TopologicalRadius,Avg_EState_x_PathComplexityIndex,Max_EState_x_Largest_ring_size,SpherocityIndex_x_WienerIndex,HeteroatomCount_div_Largest_ring_size,BalabanIndex_x_AtomInformationContent,RingCount_x_SpherocityIndex,PMI_Ratio2_x_Largest_ring_size,Chi2_div_Chi4,Chi4_x_AtomInformationContent,FractionCSP3_x_BalabanIndex"
80,0.6323006473594515,"BalabanIndex_div_PathComplexityIndex,RingCount_x_Asphericity,BalabanIndex_div_Max_EState,RingCount_x_PMI2,PathComplexityIndex_x_GraphDistanceDistributionEntropy,RingCount_x_partial_charge_max,SSSR_count_x_Largest_ring_size,TPSA_x_SSSR_count,PMI2_x_Fused_ring_count,TotalPathCount_div_Largest_ring_size,PMI_Ratio2_x_BalabanIndex,RingCount_div_AtomInformationContent,Asphericity_x_Fused_ring_count,Eccentricity_x_PathComplexityIndex,RingCount_div_SpherocityIndex,SSSR_count_div_partial_charge_max,BertzCTIndex_x_PathComplexityIndex,BalabanIndex_div_partial_charge_max,partial_charge_min_x_BalabanIndex,Largest_ring_size_x_BertzCTIndex,SSSR_count_div_FractionCSP3,Max_EState_x_PathComplexityIndex,StereocenterCount_x_SSSR_count,Largest_ring_size_x_Chi3,BalabanIndex_x_PathComplexityIndex,RadiusOfGyration_x_Largest_ring_size,MolarRefractivity_div_TotalPathCount,Max_EState_x_Bridged_ring_count,PMI2_div_Fused_ring_count,RingCount_div_BondInformationContent,BoundingBoxVolume_div_Largest_ring_size,AtomInformationContent_div_BalabanIndex,TopologicalDiameter_div_Largest_ring_size,ZagrebIndex_div_MolWt,TotalPathCount_div_RadiusOfGyration,HBD_x_SSSR_count,RadiusOfGyration_div_BertzCTIndex,Min_EState_x_SSSR_count,BalabanIndex_div_HeteroatomCount,BalabanIndex_div_Asphericity,SSSR_count_x_BondInformationContent,ZagrebIndex_div_CovalentRadiusSum,StereocenterCount_x_Fused_ring_count,partial_charge_max_x_BalabanIndex,DoubleBondCount_x_SSSR_count,MolarRefractivity_div_BertzCTIndex,partial_charge_min_x_PathComplexityIndex,SSSR_count_div_Fused_ring_count,Fused_ring_count_div_FractionCSP3,Asphericity_x_Largest_ring_size,Chi4_div_FractionCSP3,HBD_x_Fused_ring_count,PMI_Ratio2_x_TotalPathCount,Min_EState_x_Fused_ring_count,AtomInformationContent_x_TotalPathCount,Largest_ring_size_x_PathComplexityIndex,WienerIndex_div_PMI1,RingCount_div_DoubleBondCount,SSSR_count_div_MolarRefractivity,RotatableBonds_x_Bridged_ring_count,HeteroatomCount_x_Largest_ring_size,SSSR_count_div_RingCount,Chi4_div_RadiusOfGyration,Fused_ring_count_div_Bridged_ring_count,BalabanIndex_div_TopologicalRadius,Avg_EState_x_PathComplexityIndex,Max_EState_x_Largest_ring_size,SpherocityIndex_x_WienerIndex,HeteroatomCount_div_Largest_ring_size,BalabanIndex_x_AtomInformationContent,RingCount_x_SpherocityIndex,PMI_Ratio2_x_Largest_ring_size,Chi2_div_Chi4,Chi4_x_AtomInformationContent,FractionCSP3_x_BalabanIndex,DoubleBondCount_x_Fused_ring_count,Chi4_x_PathComplexityIndex,Chi4_div_Bridged_ring_count,Fused_ring_count_div_BondInformationContent,StereocenterCount_x_Asphericity"
85,0.631485617037267,"BalabanIndex_div_PathComplexityIndex,RingCount_x_Asphericity,BalabanIndex_div_Max_EState,RingCount_x_PMI2,PathComplexityIndex_x_GraphDistanceDistributionEntropy,RingCount_x_partial_charge_max,SSSR_count_x_Largest_ring_size,TPSA_x_SSSR_count,PMI2_x_Fused_ring_count,TotalPathCount_div_Largest_ring_size,PMI_Ratio2_x_BalabanIndex,RingCount_div_AtomInformationContent,Asphericity_x_Fused_ring_count,Eccentricity_x_PathComplexityIndex,RingCount_div_SpherocityIndex,SSSR_count_div_partial_charge_max,BertzCTIndex_x_PathComplexityIndex,BalabanIndex_div_partial_charge_max,partial_charge_min_x_BalabanIndex,Largest_ring_size_x_BertzCTIndex,SSSR_count_div_FractionCSP3,Max_EState_x_PathComplexityIndex,StereocenterCount_x_SSSR_count,Largest_ring_size_x_Chi3,BalabanIndex_x_PathComplexityIndex,RadiusOfGyration_x_Largest_ring_size,MolarRefractivity_div_TotalPathCount,Max_EState_x_Bridged_ring_count,PMI2_div_Fused_ring_count,RingCount_div_BondInformationContent,BoundingBoxVolume_div_Largest_ring_size,AtomInformationContent_div_BalabanIndex,TopologicalDiameter_div_Largest_ring_size,ZagrebIndex_div_MolWt,TotalPathCount_div_RadiusOfGyration,HBD_x_SSSR_count,RadiusOfGyration_div_BertzCTIndex,Min_EState_x_SSSR_count,BalabanIndex_div_HeteroatomCount,BalabanIndex_div_Asphericity,SSSR_count_x_BondInformationContent,ZagrebIndex_div_CovalentRadiusSum,StereocenterCount_x_Fused_ring_count,partial_charge_max_x_BalabanIndex,DoubleBondCount_x_SSSR_count,MolarRefractivity_div_BertzCTIndex,partial_charge_min_x_PathComplexityIndex,SSSR_count_div_Fused_ring_count,Fused_ring_count_div_FractionCSP3,Asphericity_x_Largest_ring_size,Chi4_div_FractionCSP3,HBD_x_Fused_ring_count,PMI_Ratio2_x_TotalPathCount,Min_EState_x_Fused_ring_count,AtomInformationContent_x_TotalPathCount,Largest_ring_size_x_PathComplexityIndex,WienerIndex_div_PMI1,RingCount_div_DoubleBondCount,SSSR_count_div_MolarRefractivity,RotatableBonds_x_Bridged_ring_count,HeteroatomCount_x_Largest_ring_size,SSSR_count_div_RingCount,Chi4_div_RadiusOfGyration,Fused_ring_count_div_Bridged_ring_count,BalabanIndex_div_TopologicalRadius,Avg_EState_x_PathComplexityIndex,Max_EState_x_Largest_ring_size,SpherocityIndex_x_WienerIndex,HeteroatomCount_div_Largest_ring_size,BalabanIndex_x_AtomInformationContent,RingCount_x_SpherocityIndex,PMI_Ratio2_x_Largest_ring_size,Chi2_div_Chi4,Chi4_x_AtomInformationContent,FractionCSP3_x_BalabanIndex,DoubleBondCount_x_Fused_ring_count,Chi4_x_PathComplexityIndex,Chi4_div_Bridged_ring_count,Fused_ring_count_div_BondInformationContent,StereocenterCount_x_Asphericity,TotalPathCount_div_FractionCSP3,TPSA_x_PathComplexityIndex,SpherocityIndex_x_BertzCTIndex,Ether_x_SSSR_count,partial_charge_max_div_BertzCTIndex"
90,0.6321982848376748,"BalabanIndex_div_PathComplexityIndex,RingCount_x_Asphericity,BalabanIndex_div_Max_EState,RingCount_x_PMI2,PathComplexityIndex_x_GraphDistanceDistributionEntropy,RingCount_x_partial_charge_max,SSSR_count_x_Largest_ring_size,TPSA_x_SSSR_count,PMI2_x_Fused_ring_count,TotalPathCount_div_Largest_ring_size,PMI_Ratio2_x_BalabanIndex,RingCount_div_AtomInformationContent,Asphericity_x_Fused_ring_count,Eccentricity_x_PathComplexityIndex,RingCount_div_SpherocityIndex,SSSR_count_div_partial_charge_max,BertzCTIndex_x_PathComplexityIndex,BalabanIndex_div_partial_charge_max,partial_charge_min_x_BalabanIndex,Largest_ring_size_x_BertzCTIndex,SSSR_count_div_FractionCSP3,Max_EState_x_PathComplexityIndex,StereocenterCount_x_SSSR_count,Largest_ring_size_x_Chi3,BalabanIndex_x_PathComplexityIndex,RadiusOfGyration_x_Largest_ring_size,MolarRefractivity_div_TotalPathCount,Max_EState_x_Bridged_ring_count,PMI2_div_Fused_ring_count,RingCount_div_BondInformationContent,BoundingBoxVolume_div_Largest_ring_size,AtomInformationContent_div_BalabanIndex,TopologicalDiameter_div_Largest_ring_size,ZagrebIndex_div_MolWt,TotalPathCount_div_RadiusOfGyration,HBD_x_SSSR_count,RadiusOfGyration_div_BertzCTIndex,Min_EState_x_SSSR_count,BalabanIndex_div_HeteroatomCount,BalabanIndex_div_Asphericity,SSSR_count_x_BondInformationContent,ZagrebIndex_div_CovalentRadiusSum,StereocenterCount_x_Fused_ring_count,partial_charge_max_x_BalabanIndex,DoubleBondCount_x_SSSR_count,MolarRefractivity_div_BertzCTIndex,partial_charge_min_x_PathComplexityIndex,SSSR_count_div_Fused_ring_count,Fused_ring_count_div_FractionCSP3,Asphericity_x_Largest_ring_size,Chi4_div_FractionCSP3,HBD_x_Fused_ring_count,PMI_Ratio2_x_TotalPathCount,Min_EState_x_Fused_ring_count,AtomInformationContent_x_TotalPathCount,Largest_ring_size_x_PathComplexityIndex,WienerIndex_div_PMI1,RingCount_div_DoubleBondCount,SSSR_count_div_MolarRefractivity,RotatableBonds_x_Bridged_ring_count,HeteroatomCount_x_Largest_ring_size,SSSR_count_div_RingCount,Chi4_div_RadiusOfGyration,Fused_ring_count_div_Bridged_ring_count,BalabanIndex_div_TopologicalRadius,Avg_EState_x_PathComplexityIndex,Max_EState_x_Largest_ring_size,SpherocityIndex_x_WienerIndex,HeteroatomCount_div_Largest_ring_size,BalabanIndex_x_AtomInformationContent,RingCount_x_SpherocityIndex,PMI_Ratio2_x_Largest_ring_size,Chi2_div_Chi4,Chi4_x_AtomInformationContent,FractionCSP3_x_BalabanIndex,DoubleBondCount_x_Fused_ring_count,Chi4_x_PathComplexityIndex,Chi4_div_Bridged_ring_count,Fused_ring_count_div_BondInformationContent,StereocenterCount_x_Asphericity,TotalPathCount_div_FractionCSP3,TPSA_x_PathComplexityIndex,SpherocityIndex_x_BertzCTIndex,Ether_x_SSSR_count,partial_charge_max_div_BertzCTIndex,PMI2_div_RingCount,PMI1_div_Bridged_ring_count,Fused_ring_count_div_DoubleBondCount,StereocenterCount_x_BondInformationContent,SSSR_count_div_Min_EState"
95,0.6255331366026612,"BalabanIndex_div_PathComplexityIndex,RingCount_x_Asphericity,BalabanIndex_div_Max_EState,RingCount_x_PMI2,PathComplexityIndex_x_GraphDistanceDistributionEntropy,RingCount_x_partial_charge_max,SSSR_count_x_Largest_ring_size,TPSA_x_SSSR_count,PMI2_x_Fused_ring_count,TotalPathCount_div_Largest_ring_size,PMI_Ratio2_x_BalabanIndex,RingCount_div_AtomInformationContent,Asphericity_x_Fused_ring_count,Eccentricity_x_PathComplexityIndex,RingCount_div_SpherocityIndex,SSSR_count_div_partial_charge_max,BertzCTIndex_x_PathComplexityIndex,BalabanIndex_div_partial_charge_max,partial_charge_min_x_BalabanIndex,Largest_ring_size_x_BertzCTIndex,SSSR_count_div_FractionCSP3,Max_EState_x_PathComplexityIndex,StereocenterCount_x_SSSR_count,Largest_ring_size_x_Chi3,BalabanIndex_x_PathComplexityIndex,RadiusOfGyration_x_Largest_ring_size,MolarRefractivity_div_TotalPathCount,Max_EState_x_Bridged_ring_count,PMI2_div_Fused_ring_count,RingCount_div_BondInformationContent,BoundingBoxVolume_div_Largest_ring_size,AtomInformationContent_div_BalabanIndex,TopologicalDiameter_div_Largest_ring_size,ZagrebIndex_div_MolWt,TotalPathCount_div_RadiusOfGyration,HBD_x_SSSR_count,RadiusOfGyration_div_BertzCTIndex,Min_EState_x_SSSR_count,BalabanIndex_div_HeteroatomCount,BalabanIndex_div_Asphericity,SSSR_count_x_BondInformationContent,ZagrebIndex_div_CovalentRadiusSum,StereocenterCount_x_Fused_ring_count,partial_charge_max_x_BalabanIndex,DoubleBondCount_x_SSSR_count,MolarRefractivity_div_BertzCTIndex,partial_charge_min_x_PathComplexityIndex,SSSR_count_div_Fused_ring_count,Fused_ring_count_div_FractionCSP3,Asphericity_x_Largest_ring_size,Chi4_div_FractionCSP3,HBD_x_Fused_ring_count,PMI_Ratio2_x_TotalPathCount,Min_EState_x_Fused_ring_count,AtomInformationContent_x_TotalPathCount,Largest_ring_size_x_PathComplexityIndex,WienerIndex_div_PMI1,RingCount_div_DoubleBondCount,SSSR_count_div_MolarRefractivity,RotatableBonds_x_Bridged_ring_count,HeteroatomCount_x_Largest_ring_size,SSSR_count_div_RingCount,Chi4_div_RadiusOfGyration,Fused_ring_count_div_Bridged_ring_count,BalabanIndex_div_TopologicalRadius,Avg_EState_x_PathComplexityIndex,Max_EState_x_Largest_ring_size,SpherocityIndex_x_WienerIndex,HeteroatomCount_div_Largest_ring_size,BalabanIndex_x_AtomInformationContent,RingCount_x_SpherocityIndex,PMI_Ratio2_x_Largest_ring_size,Chi2_div_Chi4,Chi4_x_AtomInformationContent,FractionCSP3_x_BalabanIndex,DoubleBondCount_x_Fused_ring_count,Chi4_x_PathComplexityIndex,Chi4_div_Bridged_ring_count,Fused_ring_count_div_BondInformationContent,StereocenterCount_x_Asphericity,TotalPathCount_div_FractionCSP3,TPSA_x_PathComplexityIndex,SpherocityIndex_x_BertzCTIndex,Ether_x_SSSR_count,partial_charge_max_div_BertzCTIndex,PMI2_div_RingCount,PMI1_div_Bridged_ring_count,Fused_ring_count_div_DoubleBondCount,StereocenterCount_x_BondInformationContent,SSSR_count_div_Min_EState,PMI_Ratio2_x_Max_EState,Asphericity_div_Largest_ring_size,PathComplexityIndex_div_Largest_ring_size,WienerIndex_div_RotatableBonds,RingCount_div_RotatableBonds"
100,0.6186563636712397,"BalabanIndex_div_PathComplexityIndex,RingCount_x_Asphericity,BalabanIndex_div_Max_EState,RingCount_x_PMI2,PathComplexityIndex_x_GraphDistanceDistributionEntropy,RingCount_x_partial_charge_max,SSSR_count_x_Largest_ring_size,TPSA_x_SSSR_count,PMI2_x_Fused_ring_count,TotalPathCount_div_Largest_ring_size,PMI_Ratio2_x_BalabanIndex,RingCount_div_AtomInformationContent,Asphericity_x_Fused_ring_count,Eccentricity_x_PathComplexityIndex,RingCount_div_SpherocityIndex,SSSR_count_div_partial_charge_max,BertzCTIndex_x_PathComplexityIndex,BalabanIndex_div_partial_charge_max,partial_charge_min_x_BalabanIndex,Largest_ring_size_x_BertzCTIndex,SSSR_count_div_FractionCSP3,Max_EState_x_PathComplexityIndex,StereocenterCount_x_SSSR_count,Largest_ring_size_x_Chi3,BalabanIndex_x_PathComplexityIndex,RadiusOfGyration_x_Largest_ring_size,MolarRefractivity_div_TotalPathCount,Max_EState_x_Bridged_ring_count,PMI2_div_Fused_ring_count,RingCount_div_BondInformationContent,BoundingBoxVolume_div_Largest_ring_size,AtomInformationContent_div_BalabanIndex,TopologicalDiameter_div_Largest_ring_size,ZagrebIndex_div_MolWt,TotalPathCount_div_RadiusOfGyration,HBD_x_SSSR_count,RadiusOfGyration_div_BertzCTIndex,Min_EState_x_SSSR_count,BalabanIndex_div_HeteroatomCount,BalabanIndex_div_Asphericity,SSSR_count_x_BondInformationContent,ZagrebIndex_div_CovalentRadiusSum,StereocenterCount_x_Fused_ring_count,partial_charge_max_x_BalabanIndex,DoubleBondCount_x_SSSR_count,MolarRefractivity_div_BertzCTIndex,partial_charge_min_x_PathComplexityIndex,SSSR_count_div_Fused_ring_count,Fused_ring_count_div_FractionCSP3,Asphericity_x_Largest_ring_size,Chi4_div_FractionCSP3,HBD_x_Fused_ring_count,PMI_Ratio2_x_TotalPathCount,Min_EState_x_Fused_ring_count,AtomInformationContent_x_TotalPathCount,Largest_ring_size_x_PathComplexityIndex,WienerIndex_div_PMI1,RingCount_div_DoubleBondCount,SSSR_count_div_MolarRefractivity,RotatableBonds_x_Bridged_ring_count,HeteroatomCount_x_Largest_ring_size,SSSR_count_div_RingCount,Chi4_div_RadiusOfGyration,Fused_ring_count_div_Bridged_ring_count,BalabanIndex_div_TopologicalRadius,Avg_EState_x_PathComplexityIndex,Max_EState_x_Largest_ring_size,SpherocityIndex_x_WienerIndex,HeteroatomCount_div_Largest_ring_size,BalabanIndex_x_AtomInformationContent,RingCount_x_SpherocityIndex,PMI_Ratio2_x_Largest_ring_size,Chi2_div_Chi4,Chi4_x_AtomInformationContent,FractionCSP3_x_BalabanIndex,DoubleBondCount_x_Fused_ring_count,Chi4_x_PathComplexityIndex,Chi4_div_Bridged_ring_count,Fused_ring_count_div_BondInformationContent,StereocenterCount_x_Asphericity,TotalPathCount_div_FractionCSP3,TPSA_x_PathComplexityIndex,SpherocityIndex_x_BertzCTIndex,Ether_x_SSSR_count,partial_charge_max_div_BertzCTIndex,PMI2_div_RingCount,PMI1_div_Bridged_ring_count,Fused_ring_count_div_DoubleBondCount,StereocenterCount_x_BondInformationContent,SSSR_count_div_Min_EState,PMI_Ratio2_x_Max_EState,Asphericity_div_Largest_ring_size,PathComplexityIndex_div_Largest_ring_size,WienerIndex_div_RotatableBonds,RingCount_div_RotatableBonds,StereocenterCount_x_AtomInformationContent,HBD_x_WienerIndex,Asphericity_x_BertzCTIndex,Bridged_ring_count_div_Fused_ring_count,RotatableBonds_div_WienerIndex"
200,0.6058870902726541,"BalabanIndex_div_PathComplexityIndex,RingCount_x_Asphericity,BalabanIndex_div_Max_EState,RingCount_x_PMI2,PathComplexityIndex_x_GraphDistanceDistributionEntropy,RingCount_x_partial_charge_max,SSSR_count_x_Largest_ring_size,TPSA_x_SSSR_count,PMI2_x_Fused_ring_count,TotalPathCount_div_Largest_ring_size,PMI_Ratio2_x_BalabanIndex,RingCount_div_AtomInformationContent,Asphericity_x_Fused_ring_count,Eccentricity_x_PathComplexityIndex,RingCount_div_SpherocityIndex,SSSR_count_div_partial_charge_max,BertzCTIndex_x_PathComplexityIndex,BalabanIndex_div_partial_charge_max,partial_charge_min_x_BalabanIndex,Largest_ring_size_x_BertzCTIndex,SSSR_count_div_FractionCSP3,Max_EState_x_PathComplexityIndex,StereocenterCount_x_SSSR_count,Largest_ring_size_x_Chi3,BalabanIndex_x_PathComplexityIndex,RadiusOfGyration_x_Largest_ring_size,MolarRefractivity_div_TotalPathCount,Max_EState_x_Bridged_ring_count,PMI2_div_Fused_ring_count,RingCount_div_BondInformationContent,BoundingBoxVolume_div_Largest_ring_size,AtomInformationContent_div_BalabanIndex,TopologicalDiameter_div_Largest_ring_size,ZagrebIndex_div_MolWt,TotalPathCount_div_RadiusOfGyration,HBD_x_SSSR_count,RadiusOfGyration_div_BertzCTIndex,Min_EState_x_SSSR_count,BalabanIndex_div_HeteroatomCount,BalabanIndex_div_Asphericity,SSSR_count_x_BondInformationContent,ZagrebIndex_div_CovalentRadiusSum,StereocenterCount_x_Fused_ring_count,partial_charge_max_x_BalabanIndex,DoubleBondCount_x_SSSR_count,MolarRefractivity_div_BertzCTIndex,partial_charge_min_x_PathComplexityIndex,SSSR_count_div_Fused_ring_count,Fused_ring_count_div_FractionCSP3,Asphericity_x_Largest_ring_size,Chi4_div_FractionCSP3,HBD_x_Fused_ring_count,PMI_Ratio2_x_TotalPathCount,Min_EState_x_Fused_ring_count,AtomInformationContent_x_TotalPathCount,Largest_ring_size_x_PathComplexityIndex,WienerIndex_div_PMI1,RingCount_div_DoubleBondCount,SSSR_count_div_MolarRefractivity,RotatableBonds_x_Bridged_ring_count,HeteroatomCount_x_Largest_ring_size,SSSR_count_div_RingCount,Chi4_div_RadiusOfGyration,Fused_ring_count_div_Bridged_ring_count,BalabanIndex_div_TopologicalRadius,Avg_EState_x_PathComplexityIndex,Max_EState_x_Largest_ring_size,SpherocityIndex_x_WienerIndex,HeteroatomCount_div_Largest_ring_size,BalabanIndex_x_AtomInformationContent,RingCount_x_SpherocityIndex,PMI_Ratio2_x_Largest_ring_size,Chi2_div_Chi4,Chi4_x_AtomInformationContent,FractionCSP3_x_BalabanIndex,DoubleBondCount_x_Fused_ring_count,Chi4_x_PathComplexityIndex,Chi4_div_Bridged_ring_count,Fused_ring_count_div_BondInformationContent,StereocenterCount_x_Asphericity,TotalPathCount_div_FractionCSP3,TPSA_x_PathComplexityIndex,SpherocityIndex_x_BertzCTIndex,Ether_x_SSSR_count,partial_charge_max_div_BertzCTIndex,PMI2_div_RingCount,PMI1_div_Bridged_ring_count,Fused_ring_count_div_DoubleBondCount,StereocenterCount_x_BondInformationContent,SSSR_count_div_Min_EState,PMI_Ratio2_x_Max_EState,Asphericity_div_Largest_ring_size,PathComplexityIndex_div_Largest_ring_size,WienerIndex_div_RotatableBonds,RingCount_div_RotatableBonds,StereocenterCount_x_AtomInformationContent,HBD_x_WienerIndex,Asphericity_x_BertzCTIndex,Bridged_ring_count_div_Fused_ring_count,RotatableBonds_div_WienerIndex,StereocenterCount_div_Fused_ring_count,Ether_x_Fused_ring_count,Avg_EState_div_PathComplexityIndex,RingCount_div_Asphericity,Max_EState_div_Largest_ring_size,BalabanIndex_div_BondInformationContent,PMI3_div_WienerIndex,Chi4_x_BondInformationContent,HBD_x_StereocenterCount,TPSA_div_Fused_ring_count,RotatableBonds_div_BertzCTIndex,PMI2_x_Quaternary_Carbons,Asphericity_div_Bridged_ring_count,partial_charge_min_x_BertzCTIndex,RotatableBonds_div_Chi4,SSSR_count_div_Chi2,HBD_x_Asphericity,Fused_ring_count_div_Min_EState,BertzCTIndex_div_Max_EState,LogP_div_Chi4,SpherocityIndex_x_Fused_ring_count,FractionCSP3_div_Chi3,StereocenterCount_x_Chi2,TopologicalRadius_div_Bridged_ring_count,RingCount_div_HeteroatomCount,partial_charge_max_x_PathComplexityIndex,Chi3_div_MolarRefractivity,Min_EState_div_Largest_ring_size,RingCount_x_Carbonyl,Quaternary_Carbons_x_Bridged_ring_count,RingCount_div_Carbonyl,Largest_ring_size_div_SpherocityIndex,LogP_div_BertzCTIndex,Hydroxyl_div_BalabanIndex,Largest_ring_size_div_FragmentComplexityScore,Min_EState_div_Fused_ring_count,RingCount_div_Ether,PMI_Ratio2_div_Largest_ring_size,BoundingBoxVolume_div_RotatableBonds,StereocenterCount_div_TopologicalRadius,RingCount_x_LogP,Carbonyl_x_Fused_ring_count,Fused_ring_count_div_HBA,PathComplexityIndex_div_partial_charge_min,FractionCSP3_div_BalabanIndex,RotatableBonds_div_BoundingBoxVolume,Fused_ring_count_div_Carbonyl,HBD_div_FractionCSP3,PathComplexityIndex_div_FractionCSP3,TotalPathCount_div_partial_charge_min,StereocenterCount_div_RotatableBonds,MolWt_div_TopologicalRadius,Bridged_ring_count_div_TopologicalRadius,Fused_ring_count_div_Ether,HBA_x_SpherocityIndex,HBA_div_RotatableBonds,WienerIndex_div_HBD,RingCount_div_HBD,BalabanIndex_div_StereocenterCount,MolarRefractivity_div_HeavyAtomCount,BertzCTIndex_div_DoubleBondCount,Fused_ring_count_div_HBD,BertzCTIndex_x_BondInformationContent,AtomInformationContent_x_PathComplexityIndex,HBD_x_Quaternary_Carbons,Bridged_ring_count_div_StereocenterCount,partial_charge_min_x_Largest_ring_size,HBD_x_Ether,Hydroxyl_div_Fused_ring_count,Aromatic_ring_count_x_Chi4,TotalPathCount_div_Chi2,TPSA_x_Chi4,RingCount_div_StereocenterCount,HeteroatomCount_div_partial_charge_max,partial_charge_max_x_Largest_ring_size,TPSA_div_FractionCSP3,LogP_x_Bridged_ring_count,RotatableBonds_x_Largest_ring_size,HeavyAtomCount_div_Chi0,Min_EState_x_Quaternary_Carbons,HBD_x_Min_EState,StereocenterCount_div_DoubleBondCount,ShapeIndex_x_Bridged_ring_count,StereocenterCount_x_Aromatic_ring_count,HBD_div_RotatableBonds,Eccentricity_x_Max_EState,Aromatic_ring_count_x_Fused_ring_count,SSSR_count_div_Quaternary_Carbons,DoubleBondCount_x_Largest_ring_size,PMI2_div_RotatableBonds,Chi4_div_PMI_Ratio1,StereocenterCount_x_Min_EState,StereocenterCount_div_HBD,HBD_x_SpherocityIndex,RotatableBonds_div_HeteroatomCount,StereocenterCount_div_Min_EState,HBD_div_Min_EState,TopologicalDiameter_div_Fraction_aromatic_rings,HBA_div_RadiusOfGyration,RotatableBonds_div_PMI2"
300,0.6035921601105276,"BalabanIndex_div_PathComplexityIndex,RingCount_x_Asphericity,BalabanIndex_div_Max_EState,RingCount_x_PMI2,PathComplexityIndex_x_GraphDistanceDistributionEntropy,RingCount_x_partial_charge_max,SSSR_count_x_Largest_ring_size,TPSA_x_SSSR_count,PMI2_x_Fused_ring_count,TotalPathCount_div_Largest_ring_size,PMI_Ratio2_x_BalabanIndex,RingCount_div_AtomInformationContent,Asphericity_x_Fused_ring_count,Eccentricity_x_PathComplexityIndex,RingCount_div_SpherocityIndex,SSSR_count_div_partial_charge_max,BertzCTIndex_x_PathComplexityIndex,BalabanIndex_div_partial_charge_max,partial_charge_min_x_BalabanIndex,Largest_ring_size_x_BertzCTIndex,SSSR_count_div_FractionCSP3,Max_EState_x_PathComplexityIndex,StereocenterCount_x_SSSR_count,Largest_ring_size_x_Chi3,BalabanIndex_x_PathComplexityIndex,RadiusOfGyration_x_Largest_ring_size,MolarRefractivity_div_TotalPathCount,Max_EState_x_Bridged_ring_count,PMI2_div_Fused_ring_count,RingCount_div_BondInformationContent,BoundingBoxVolume_div_Largest_ring_size,AtomInformationContent_div_BalabanIndex,TopologicalDiameter_div_Largest_ring_size,ZagrebIndex_div_MolWt,TotalPathCount_div_RadiusOfGyration,HBD_x_SSSR_count,RadiusOfGyration_div_BertzCTIndex,Min_EState_x_SSSR_count,BalabanIndex_div_HeteroatomCount,BalabanIndex_div_Asphericity,SSSR_count_x_BondInformationContent,ZagrebIndex_div_CovalentRadiusSum,StereocenterCount_x_Fused_ring_count,partial_charge_max_x_BalabanIndex,DoubleBondCount_x_SSSR_count,MolarRefractivity_div_BertzCTIndex,partial_charge_min_x_PathComplexityIndex,SSSR_count_div_Fused_ring_count,Fused_ring_count_div_FractionCSP3,Asphericity_x_Largest_ring_size,Chi4_div_FractionCSP3,HBD_x_Fused_ring_count,PMI_Ratio2_x_TotalPathCount,Min_EState_x_Fused_ring_count,AtomInformationContent_x_TotalPathCount,Largest_ring_size_x_PathComplexityIndex,WienerIndex_div_PMI1,RingCount_div_DoubleBondCount,SSSR_count_div_MolarRefractivity,RotatableBonds_x_Bridged_ring_count,HeteroatomCount_x_Largest_ring_size,SSSR_count_div_RingCount,Chi4_div_RadiusOfGyration,Fused_ring_count_div_Bridged_ring_count,BalabanIndex_div_TopologicalRadius,Avg_EState_x_PathComplexityIndex,Max_EState_x_Largest_ring_size,SpherocityIndex_x_WienerIndex,HeteroatomCount_div_Largest_ring_size,BalabanIndex_x_AtomInformationContent,RingCount_x_SpherocityIndex,PMI_Ratio2_x_Largest_ring_size,Chi2_div_Chi4,Chi4_x_AtomInformationContent,FractionCSP3_x_BalabanIndex,DoubleBondCount_x_Fused_ring_count,Chi4_x_PathComplexityIndex,Chi4_div_Bridged_ring_count,Fused_ring_count_div_BondInformationContent,StereocenterCount_x_Asphericity,TotalPathCount_div_FractionCSP3,TPSA_x_PathComplexityIndex,SpherocityIndex_x_BertzCTIndex,Ether_x_SSSR_count,partial_charge_max_div_BertzCTIndex,PMI2_div_RingCount,PMI1_div_Bridged_ring_count,Fused_ring_count_div_DoubleBondCount,StereocenterCount_x_BondInformationContent,SSSR_count_div_Min_EState,PMI_Ratio2_x_Max_EState,Asphericity_div_Largest_ring_size,PathComplexityIndex_div_Largest_ring_size,WienerIndex_div_RotatableBonds,RingCount_div_RotatableBonds,StereocenterCount_x_AtomInformationContent,HBD_x_WienerIndex,Asphericity_x_BertzCTIndex,Bridged_ring_count_div_Fused_ring_count,RotatableBonds_div_WienerIndex,StereocenterCount_div_Fused_ring_count,Ether_x_Fused_ring_count,Avg_EState_div_PathComplexityIndex,RingCount_div_Asphericity,Max_EState_div_Largest_ring_size,BalabanIndex_div_BondInformationContent,PMI3_div_WienerIndex,Chi4_x_BondInformationContent,HBD_x_StereocenterCount,TPSA_div_Fused_ring_count,RotatableBonds_div_BertzCTIndex,PMI2_x_Quaternary_Carbons,Asphericity_div_Bridged_ring_count,partial_charge_min_x_BertzCTIndex,RotatableBonds_div_Chi4,SSSR_count_div_Chi2,HBD_x_Asphericity,Fused_ring_count_div_Min_EState,BertzCTIndex_div_Max_EState,LogP_div_Chi4,SpherocityIndex_x_Fused_ring_count,FractionCSP3_div_Chi3,StereocenterCount_x_Chi2,TopologicalRadius_div_Bridged_ring_count,RingCount_div_HeteroatomCount,partial_charge_max_x_PathComplexityIndex,Chi3_div_MolarRefractivity,Min_EState_div_Largest_ring_size,RingCount_x_Carbonyl,Quaternary_Carbons_x_Bridged_ring_count,RingCount_div_Carbonyl,Largest_ring_size_div_SpherocityIndex,LogP_div_BertzCTIndex,Hydroxyl_div_BalabanIndex,Largest_ring_size_div_FragmentComplexityScore,Min_EState_div_Fused_ring_count,RingCount_div_Ether,PMI_Ratio2_div_Largest_ring_size,BoundingBoxVolume_div_RotatableBonds,StereocenterCount_div_TopologicalRadius,RingCount_x_LogP,Carbonyl_x_Fused_ring_count,Fused_ring_count_div_HBA,PathComplexityIndex_div_partial_charge_min,FractionCSP3_div_BalabanIndex,RotatableBonds_div_BoundingBoxVolume,Fused_ring_count_div_Carbonyl,HBD_div_FractionCSP3,PathComplexityIndex_div_FractionCSP3,TotalPathCount_div_partial_charge_min,StereocenterCount_div_RotatableBonds,MolWt_div_TopologicalRadius,Bridged_ring_count_div_TopologicalRadius,Fused_ring_count_div_Ether,HBA_x_SpherocityIndex,HBA_div_RotatableBonds,WienerIndex_div_HBD,RingCount_div_HBD,BalabanIndex_div_StereocenterCount,MolarRefractivity_div_HeavyAtomCount,BertzCTIndex_div_DoubleBondCount,Fused_ring_count_div_HBD,BertzCTIndex_x_BondInformationContent,AtomInformationContent_x_PathComplexityIndex,HBD_x_Quaternary_Carbons,Bridged_ring_count_div_StereocenterCount,partial_charge_min_x_Largest_ring_size,HBD_x_Ether,Hydroxyl_div_Fused_ring_count,Aromatic_ring_count_x_Chi4,TotalPathCount_div_Chi2,TPSA_x_Chi4,RingCount_div_StereocenterCount,HeteroatomCount_div_partial_charge_max,partial_charge_max_x_Largest_ring_size,TPSA_div_FractionCSP3,LogP_x_Bridged_ring_count,RotatableBonds_x_Largest_ring_size,HeavyAtomCount_div_Chi0,Min_EState_x_Quaternary_Carbons,HBD_x_Min_EState,StereocenterCount_div_DoubleBondCount,ShapeIndex_x_Bridged_ring_count,StereocenterCount_x_Aromatic_ring_count,HBD_div_RotatableBonds,Eccentricity_x_Max_EState,Aromatic_ring_count_x_Fused_ring_count,SSSR_count_div_Quaternary_Carbons,DoubleBondCount_x_Largest_ring_size,PMI2_div_RotatableBonds,Chi4_div_PMI_Ratio1,StereocenterCount_x_Min_EState,StereocenterCount_div_HBD,HBD_x_SpherocityIndex,RotatableBonds_div_HeteroatomCount,StereocenterCount_div_Min_EState,HBD_div_Min_EState,TopologicalDiameter_div_Fraction_aromatic_rings,HBA_div_RadiusOfGyration,RotatableBonds_div_PMI2,Quaternary_Carbons_x_BondInformationContent,HBD_x_DoubleBondCount,RotatableBonds_div_Largest_ring_size,SSSR_count_div_BertzCTIndex,HBA_x_PMI_Ratio2,partial_charge_max_div_PathComplexityIndex,Fused_ring_count_div_Chi3,partial_charge_max_div_ZagrebIndex,SpherocityIndex_x_TopologicalDiameter,PathComplexityIndex_div_PMI_Ratio2,Quaternary_Carbons_div_DoubleBondCount,HBD_div_BondInformationContent,Avg_EState_x_Largest_ring_size,HBD_div_DoubleBondCount,DoubleBondCount_div_BertzCTIndex,Fused_ring_count_div_Hydroxyl,PMI_Ratio2_x_Chi3,TPSA_div_PMI_Ratio1,partial_charge_max_div_TPSA,DoubleBondCount_div_Bridged_ring_count,DoubleBondCount_div_Largest_ring_size,Ether_x_Quaternary_Carbons,WienerIndex_div_BoundingBoxVolume,Quaternary_Carbons_div_Min_EState,DoubleBondCount_x_Aromatic_ring_count,FractionCSP3_x_Largest_ring_size,Min_EState_x_Aromatic_ring_count,DoubleBondCount_div_BalabanIndex,StereocenterCount_div_HBA,HeteroatomCount_x_AtomInformationContent,BertzCTIndex_x_Chi2,RotatableBonds_x_BalabanIndex,Largest_ring_size_div_AtomInformationContent,Largest_ring_size_div_FractionCSP3,Largest_ring_size_div_Avg_EState,Chi4_div_partial_charge_max,SSSR_count_div_Hydroxyl,TPSA_x_BondInformationContent,HBD_div_Ether,Largest_ring_size_x_AtomInformationContent,Max_EState_x_Avg_EState,partial_charge_max_div_Largest_ring_size,Largest_ring_size_div_BondInformationContent,Bridged_ring_count_div_Aromatic_ring_count,BondInformationContent_x_PathComplexityIndex,Asphericity_x_SpherocityIndex,StereocenterCount_div_RingCount,partial_charge_min_div_Largest_ring_size,RadiusOfGyration_div_HeteroatomCount,Min_EState_x_BertzCTIndex,StereocenterCount_x_DoubleBondCount,HBD_div_Fraction_aromatic_rings,Quaternary_Carbons_div_RotatableBonds,RadiusOfGyration_x_BalabanIndex,InertialShapeFactor_x_SSSR_count,PMI1_div_RingCount,BondInformationContent_div_Bridged_ring_count,Hydroxyl_div_Min_EState,partial_charge_max_div_Max_EState,GraphDistanceDistributionEntropy_div_TPSA,Carbonyl_x_Quaternary_Carbons,Quaternary_Carbons_div_HBA,Min_EState_div_RotatableBonds,FractionCSP3_div_Bridged_ring_count,Hydroxyl_div_RotatableBonds,PMI_Ratio1_div_StereocenterCount,FragmentComplexityScore_div_Max_EState,Quaternary_Carbons_div_HBD,PathComplexityIndex_div_Max_EState,StereocenterCount_div_BoundingBoxVolume,StereocenterCount_x_PMI_Ratio1,SSSR_count_div_LogP,Max_EState_div_Fused_ring_count,PMI_Ratio2_x_Avg_EState,Min_EState_div_Quaternary_Carbons,TopologicalDiameter_div_CovalentRadiusSum,Carbonyl_div_Bridged_ring_count,FractionCSP3_div_HeteroatomCount,Chi4_div_HBD,FragmentComplexityScore_div_HeteroatomCount,FractionCSP3_div_Largest_ring_size,Fused_ring_count_div_LogP,MolWt_div_MolarRefractivity,Bridged_ring_count_div_SSSR_count,Hydroxyl_x_BondInformationContent,FragmentComplexityScore_div_Largest_ring_size,WienerIndex_div_Hydroxyl,Max_EState_x_AtomInformationContent,StereocenterCount_div_Hydroxyl,PMI_Ratio2_div_FragmentComplexityScore,Largest_ring_size_div_DoubleBondCount,partial_charge_max_x_TotalPathCount,TopologicalDiameter_div_RadiusOfGyration,RotatableBonds_div_Quaternary_Carbons,Ether_x_Aromatic_ring_count,Hydroxyl_div_DoubleBondCount,SpherocityIndex_x_Min_EState,BalabanIndex_div_DoubleBondCount,Aromatic_ring_count_div_Min_EState,Carbonyl_x_Aromatic_ring_count"
400,0.6034222371722093,"BalabanIndex_div_PathComplexityIndex,RingCount_x_Asphericity,BalabanIndex_div_Max_EState,RingCount_x_PMI2,PathComplexityIndex_x_GraphDistanceDistributionEntropy,RingCount_x_partial_charge_max,SSSR_count_x_Largest_ring_size,TPSA_x_SSSR_count,PMI2_x_Fused_ring_count,TotalPathCount_div_Largest_ring_size,PMI_Ratio2_x_BalabanIndex,RingCount_div_AtomInformationContent,Asphericity_x_Fused_ring_count,Eccentricity_x_PathComplexityIndex,RingCount_div_SpherocityIndex,SSSR_count_div_partial_charge_max,BertzCTIndex_x_PathComplexityIndex,BalabanIndex_div_partial_charge_max,partial_charge_min_x_BalabanIndex,Largest_ring_size_x_BertzCTIndex,SSSR_count_div_FractionCSP3,Max_EState_x_PathComplexityIndex,StereocenterCount_x_SSSR_count,Largest_ring_size_x_Chi3,BalabanIndex_x_PathComplexityIndex,RadiusOfGyration_x_Largest_ring_size,MolarRefractivity_div_TotalPathCount,Max_EState_x_Bridged_ring_count,PMI2_div_Fused_ring_count,RingCount_div_BondInformationContent,BoundingBoxVolume_div_Largest_ring_size,AtomInformationContent_div_BalabanIndex,TopologicalDiameter_div_Largest_ring_size,ZagrebIndex_div_MolWt,TotalPathCount_div_RadiusOfGyration,HBD_x_SSSR_count,RadiusOfGyration_div_BertzCTIndex,Min_EState_x_SSSR_count,BalabanIndex_div_HeteroatomCount,BalabanIndex_div_Asphericity,SSSR_count_x_BondInformationContent,ZagrebIndex_div_CovalentRadiusSum,StereocenterCount_x_Fused_ring_count,partial_charge_max_x_BalabanIndex,DoubleBondCount_x_SSSR_count,MolarRefractivity_div_BertzCTIndex,partial_charge_min_x_PathComplexityIndex,SSSR_count_div_Fused_ring_count,Fused_ring_count_div_FractionCSP3,Asphericity_x_Largest_ring_size,Chi4_div_FractionCSP3,HBD_x_Fused_ring_count,PMI_Ratio2_x_TotalPathCount,Min_EState_x_Fused_ring_count,AtomInformationContent_x_TotalPathCount,Largest_ring_size_x_PathComplexityIndex,WienerIndex_div_PMI1,RingCount_div_DoubleBondCount,SSSR_count_div_MolarRefractivity,RotatableBonds_x_Bridged_ring_count,HeteroatomCount_x_Largest_ring_size,SSSR_count_div_RingCount,Chi4_div_RadiusOfGyration,Fused_ring_count_div_Bridged_ring_count,BalabanIndex_div_TopologicalRadius,Avg_EState_x_PathComplexityIndex,Max_EState_x_Largest_ring_size,SpherocityIndex_x_WienerIndex,HeteroatomCount_div_Largest_ring_size,BalabanIndex_x_AtomInformationContent,RingCount_x_SpherocityIndex,PMI_Ratio2_x_Largest_ring_size,Chi2_div_Chi4,Chi4_x_AtomInformationContent,FractionCSP3_x_BalabanIndex,DoubleBondCount_x_Fused_ring_count,Chi4_x_PathComplexityIndex,Chi4_div_Bridged_ring_count,Fused_ring_count_div_BondInformationContent,StereocenterCount_x_Asphericity,TotalPathCount_div_FractionCSP3,TPSA_x_PathComplexityIndex,SpherocityIndex_x_BertzCTIndex,Ether_x_SSSR_count,partial_charge_max_div_BertzCTIndex,PMI2_div_RingCount,PMI1_div_Bridged_ring_count,Fused_ring_count_div_DoubleBondCount,StereocenterCount_x_BondInformationContent,SSSR_count_div_Min_EState,PMI_Ratio2_x_Max_EState,Asphericity_div_Largest_ring_size,PathComplexityIndex_div_Largest_ring_size,WienerIndex_div_RotatableBonds,RingCount_div_RotatableBonds,StereocenterCount_x_AtomInformationContent,HBD_x_WienerIndex,Asphericity_x_BertzCTIndex,Bridged_ring_count_div_Fused_ring_count,RotatableBonds_div_WienerIndex,StereocenterCount_div_Fused_ring_count,Ether_x_Fused_ring_count,Avg_EState_div_PathComplexityIndex,RingCount_div_Asphericity,Max_EState_div_Largest_ring_size,BalabanIndex_div_BondInformationContent,PMI3_div_WienerIndex,Chi4_x_BondInformationContent,HBD_x_StereocenterCount,TPSA_div_Fused_ring_count,RotatableBonds_div_BertzCTIndex,PMI2_x_Quaternary_Carbons,Asphericity_div_Bridged_ring_count,partial_charge_min_x_BertzCTIndex,RotatableBonds_div_Chi4,SSSR_count_div_Chi2,HBD_x_Asphericity,Fused_ring_count_div_Min_EState,BertzCTIndex_div_Max_EState,LogP_div_Chi4,SpherocityIndex_x_Fused_ring_count,FractionCSP3_div_Chi3,StereocenterCount_x_Chi2,TopologicalRadius_div_Bridged_ring_count,RingCount_div_HeteroatomCount,partial_charge_max_x_PathComplexityIndex,Chi3_div_MolarRefractivity,Min_EState_div_Largest_ring_size,RingCount_x_Carbonyl,Quaternary_Carbons_x_Bridged_ring_count,RingCount_div_Carbonyl,Largest_ring_size_div_SpherocityIndex,LogP_div_BertzCTIndex,Hydroxyl_div_BalabanIndex,Largest_ring_size_div_FragmentComplexityScore,Min_EState_div_Fused_ring_count,RingCount_div_Ether,PMI_Ratio2_div_Largest_ring_size,BoundingBoxVolume_div_RotatableBonds,StereocenterCount_div_TopologicalRadius,RingCount_x_LogP,Carbonyl_x_Fused_ring_count,Fused_ring_count_div_HBA,PathComplexityIndex_div_partial_charge_min,FractionCSP3_div_BalabanIndex,RotatableBonds_div_BoundingBoxVolume,Fused_ring_count_div_Carbonyl,HBD_div_FractionCSP3,PathComplexityIndex_div_FractionCSP3,TotalPathCount_div_partial_charge_min,StereocenterCount_div_RotatableBonds,MolWt_div_TopologicalRadius,Bridged_ring_count_div_TopologicalRadius,Fused_ring_count_div_Ether,HBA_x_SpherocityIndex,HBA_div_RotatableBonds,WienerIndex_div_HBD,RingCount_div_HBD,BalabanIndex_div_StereocenterCount,MolarRefractivity_div_HeavyAtomCount,BertzCTIndex_div_DoubleBondCount,Fused_ring_count_div_HBD,BertzCTIndex_x_BondInformationContent,AtomInformationContent_x_PathComplexityIndex,HBD_x_Quaternary_Carbons,Bridged_ring_count_div_StereocenterCount,partial_charge_min_x_Largest_ring_size,HBD_x_Ether,Hydroxyl_div_Fused_ring_count,Aromatic_ring_count_x_Chi4,TotalPathCount_div_Chi2,TPSA_x_Chi4,RingCount_div_StereocenterCount,HeteroatomCount_div_partial_charge_max,partial_charge_max_x_Largest_ring_size,TPSA_div_FractionCSP3,LogP_x_Bridged_ring_count,RotatableBonds_x_Largest_ring_size,HeavyAtomCount_div_Chi0,Min_EState_x_Quaternary_Carbons,HBD_x_Min_EState,StereocenterCount_div_DoubleBondCount,ShapeIndex_x_Bridged_ring_count,StereocenterCount_x_Aromatic_ring_count,HBD_div_RotatableBonds,Eccentricity_x_Max_EState,Aromatic_ring_count_x_Fused_ring_count,SSSR_count_div_Quaternary_Carbons,DoubleBondCount_x_Largest_ring_size,PMI2_div_RotatableBonds,Chi4_div_PMI_Ratio1,StereocenterCount_x_Min_EState,StereocenterCount_div_HBD,HBD_x_SpherocityIndex,RotatableBonds_div_HeteroatomCount,StereocenterCount_div_Min_EState,HBD_div_Min_EState,TopologicalDiameter_div_Fraction_aromatic_rings,HBA_div_RadiusOfGyration,RotatableBonds_div_PMI2,Quaternary_Carbons_x_BondInformationContent,HBD_x_DoubleBondCount,RotatableBonds_div_Largest_ring_size,SSSR_count_div_BertzCTIndex,HBA_x_PMI_Ratio2,partial_charge_max_div_PathComplexityIndex,Fused_ring_count_div_Chi3,partial_charge_max_div_ZagrebIndex,SpherocityIndex_x_TopologicalDiameter,PathComplexityIndex_div_PMI_Ratio2,Quaternary_Carbons_div_DoubleBondCount,HBD_div_BondInformationContent,Avg_EState_x_Largest_ring_size,HBD_div_DoubleBondCount,DoubleBondCount_div_BertzCTIndex,Fused_ring_count_div_Hydroxyl,PMI_Ratio2_x_Chi3,TPSA_div_PMI_Ratio1,partial_charge_max_div_TPSA,DoubleBondCount_div_Bridged_ring_count,DoubleBondCount_div_Largest_ring_size,Ether_x_Quaternary_Carbons,WienerIndex_div_BoundingBoxVolume,Quaternary_Carbons_div_Min_EState,DoubleBondCount_x_Aromatic_ring_count,FractionCSP3_x_Largest_ring_size,Min_EState_x_Aromatic_ring_count,DoubleBondCount_div_BalabanIndex,StereocenterCount_div_HBA,HeteroatomCount_x_AtomInformationContent,BertzCTIndex_x_Chi2,RotatableBonds_x_BalabanIndex,Largest_ring_size_div_AtomInformationContent,Largest_ring_size_div_FractionCSP3,Largest_ring_size_div_Avg_EState,Chi4_div_partial_charge_max,SSSR_count_div_Hydroxyl,TPSA_x_BondInformationContent,HBD_div_Ether,Largest_ring_size_x_AtomInformationContent,Max_EState_x_Avg_EState,partial_charge_max_div_Largest_ring_size,Largest_ring_size_div_BondInformationContent,Bridged_ring_count_div_Aromatic_ring_count,BondInformationContent_x_PathComplexityIndex,Asphericity_x_SpherocityIndex,StereocenterCount_div_RingCount,partial_charge_min_div_Largest_ring_size,RadiusOfGyration_div_HeteroatomCount,Min_EState_x_BertzCTIndex,StereocenterCount_x_DoubleBondCount,HBD_div_Fraction_aromatic_rings,Quaternary_Carbons_div_RotatableBonds,RadiusOfGyration_x_BalabanIndex,InertialShapeFactor_x_SSSR_count,PMI1_div_RingCount,BondInformationContent_div_Bridged_ring_count,Hydroxyl_div_Min_EState,partial_charge_max_div_Max_EState,GraphDistanceDistributionEntropy_div_TPSA,Carbonyl_x_Quaternary_Carbons,Quaternary_Carbons_div_HBA,Min_EState_div_RotatableBonds,FractionCSP3_div_Bridged_ring_count,Hydroxyl_div_RotatableBonds,PMI_Ratio1_div_StereocenterCount,FragmentComplexityScore_div_Max_EState,Quaternary_Carbons_div_HBD,PathComplexityIndex_div_Max_EState,StereocenterCount_div_BoundingBoxVolume,StereocenterCount_x_PMI_Ratio1,SSSR_count_div_LogP,Max_EState_div_Fused_ring_count,PMI_Ratio2_x_Avg_EState,Min_EState_div_Quaternary_Carbons,TopologicalDiameter_div_CovalentRadiusSum,Carbonyl_div_Bridged_ring_count,FractionCSP3_div_HeteroatomCount,Chi4_div_HBD,FragmentComplexityScore_div_HeteroatomCount,FractionCSP3_div_Largest_ring_size,Fused_ring_count_div_LogP,MolWt_div_MolarRefractivity,Bridged_ring_count_div_SSSR_count,Hydroxyl_x_BondInformationContent,FragmentComplexityScore_div_Largest_ring_size,WienerIndex_div_Hydroxyl,Max_EState_x_AtomInformationContent,StereocenterCount_div_Hydroxyl,PMI_Ratio2_div_FragmentComplexityScore,Largest_ring_size_div_DoubleBondCount,partial_charge_max_x_TotalPathCount,TopologicalDiameter_div_RadiusOfGyration,RotatableBonds_div_Quaternary_Carbons,Ether_x_Aromatic_ring_count,Hydroxyl_div_DoubleBondCount,SpherocityIndex_x_Min_EState,BalabanIndex_div_DoubleBondCount,Aromatic_ring_count_div_Min_EState,Carbonyl_x_Aromatic_ring_count,StereocenterCount_x_Ether,Aromatic_ring_count_div_DoubleBondCount,DoubleBondCount_x_BalabanIndex,Aromatic_ring_count_div_StereocenterCount,StereocenterCount_div_Chi4,StereocenterCount_div_Ether,HBD_div_MolarRefractivity,AtomInformationContent_div_Largest_ring_size,PMI_Ratio1_div_HBA,Largest_ring_size_div_partial_charge_min,StereocenterCount_x_WienerIndex,PMI_Ratio2_div_FractionCSP3,Carbonyl_div_Largest_ring_size,Aromatic_ring_count_div_RotatableBonds,PMI_Ratio2_x_AtomInformationContent,DoubleBondCount_div_Quaternary_Carbons,Largest_ring_size_div_partial_charge_max,MolWt_div_CovalentRadiusSum,HBD_div_TPSA,BalabanIndex_div_Min_EState,Largest_ring_size_div_Bridged_ring_count,HBD_x_Carbonyl,Largest_ring_size_div_Min_EState,Max_EState_div_FractionCSP3,Avg_EState_div_Largest_ring_size,TPSA_div_DoubleBondCount,TPSA_x_Fraction_aromatic_rings,HBD_div_SSSR_count,HBD_div_Carbonyl,Asphericity_div_RotatableBonds,BondInformationContent_div_Largest_ring_size,Fraction_aromatic_rings_div_Fused_ring_count,LogP_x_Quaternary_Carbons,SpherocityIndex_x_Ether,InertialShapeFactor_div_Bridged_ring_count,Carbonyl_div_BertzCTIndex,Min_EState_div_FractionCSP3,SpherocityIndex_x_PMI1,Asphericity_x_AtomInformationContent,RotatableBonds_div_Asphericity,Chi4_div_DoubleBondCount,BertzCTIndex_div_AtomInformationContent,BertzCTIndex_div_BoundingBoxVolume,Quaternary_Carbons_x_Aromatic_ring_count,Chi4_div_SSSR_count,Hydroxyl_div_Fraction_aromatic_rings,HBA_div_HBD,Ether_div_HBD,Largest_ring_size_div_RotatableBonds,Hydroxyl_div_RingCount,RadiusOfGyration_div_TopologicalRadius,Ether_div_RotatableBonds,StereocenterCount_div_BondInformationContent,PMI_Ratio2_x_partial_charge_min,Min_EState_div_partial_charge_max,Ester_x_BalabanIndex,BalabanIndex_x_BondInformationContent,BalabanIndex_div_Carbonyl,MolarRefractivity_x_AtomInformationContent,BertzCTIndex_div_Carbonyl,RotatableBonds_x_Hydroxyl,RotatableBonds_div_StereocenterCount,Hydroxyl_div_TPSA,LogP_x_Ester,Chi4_div_BoundingBoxVolume,BertzCTIndex_div_RingCount,AtomInformationContent_div_FractionCSP3,StereocenterCount_div_Carbonyl,TPSA_div_CovalentRadiusSum,Asphericity_div_FractionCSP3,PMI_Ratio1_div_Max_EState,LogP_div_Largest_ring_size,Max_EState_x_partial_charge_min,Min_EState_div_PMI_Ratio1,Aromatic_ring_count_div_HBD,SpherocityIndex_div_Bridged_ring_count,TPSA_x_partial_charge_max,Chi4_div_PMI_Ratio2,PMI_Ratio1_div_HeavyAtomCount,RadiusOfGyration_x_PathComplexityIndex,Carbonyl_div_BalabanIndex,TopologicalRadius_div_StereocenterCount,Spiro_atom_count_div_BalabanIndex,Ether_div_RingCount,Asphericity_div_Aromatic_ring_count,LogP_div_Asphericity,FractionCSP3_div_HeavyAtomCount,LogP_div_Bridged_ring_count,Fraction_aromatic_rings_div_FractionCSP3,LogP_div_StereocenterCount,Fraction_aromatic_rings_div_Ether,InertialShapeFactor_div_Quaternary_Carbons,InertialShapeFactor_x_BertzCTIndex,partial_charge_min_div_HBA,SpherocityIndex_x_PathComplexityIndex,HBD_div_Hydroxyl,FractionCSP3_x_PMI_Ratio1,HBD_x_ShapeIndex,LogP_div_PathComplexityIndex,Ether_x_PathComplexityIndex"
500,0.603312323331952,"BalabanIndex_div_PathComplexityIndex,RingCount_x_Asphericity,BalabanIndex_div_Max_EState,RingCount_x_PMI2,PathComplexityIndex_x_GraphDistanceDistributionEntropy,RingCount_x_partial_charge_max,SSSR_count_x_Largest_ring_size,TPSA_x_SSSR_count,PMI2_x_Fused_ring_count,TotalPathCount_div_Largest_ring_size,PMI_Ratio2_x_BalabanIndex,RingCount_div_AtomInformationContent,Asphericity_x_Fused_ring_count,Eccentricity_x_PathComplexityIndex,RingCount_div_SpherocityIndex,SSSR_count_div_partial_charge_max,BertzCTIndex_x_PathComplexityIndex,BalabanIndex_div_partial_charge_max,partial_charge_min_x_BalabanIndex,Largest_ring_size_x_BertzCTIndex,SSSR_count_div_FractionCSP3,Max_EState_x_PathComplexityIndex,StereocenterCount_x_SSSR_count,Largest_ring_size_x_Chi3,BalabanIndex_x_PathComplexityIndex,RadiusOfGyration_x_Largest_ring_size,MolarRefractivity_div_TotalPathCount,Max_EState_x_Bridged_ring_count,PMI2_div_Fused_ring_count,RingCount_div_BondInformationContent,BoundingBoxVolume_div_Largest_ring_size,AtomInformationContent_div_BalabanIndex,TopologicalDiameter_div_Largest_ring_size,ZagrebIndex_div_MolWt,TotalPathCount_div_RadiusOfGyration,HBD_x_SSSR_count,RadiusOfGyration_div_BertzCTIndex,Min_EState_x_SSSR_count,BalabanIndex_div_HeteroatomCount,BalabanIndex_div_Asphericity,SSSR_count_x_BondInformationContent,ZagrebIndex_div_CovalentRadiusSum,StereocenterCount_x_Fused_ring_count,partial_charge_max_x_BalabanIndex,DoubleBondCount_x_SSSR_count,MolarRefractivity_div_BertzCTIndex,partial_charge_min_x_PathComplexityIndex,SSSR_count_div_Fused_ring_count,Fused_ring_count_div_FractionCSP3,Asphericity_x_Largest_ring_size,Chi4_div_FractionCSP3,HBD_x_Fused_ring_count,PMI_Ratio2_x_TotalPathCount,Min_EState_x_Fused_ring_count,AtomInformationContent_x_TotalPathCount,Largest_ring_size_x_PathComplexityIndex,WienerIndex_div_PMI1,RingCount_div_DoubleBondCount,SSSR_count_div_MolarRefractivity,RotatableBonds_x_Bridged_ring_count,HeteroatomCount_x_Largest_ring_size,SSSR_count_div_RingCount,Chi4_div_RadiusOfGyration,Fused_ring_count_div_Bridged_ring_count,BalabanIndex_div_TopologicalRadius,Avg_EState_x_PathComplexityIndex,Max_EState_x_Largest_ring_size,SpherocityIndex_x_WienerIndex,HeteroatomCount_div_Largest_ring_size,BalabanIndex_x_AtomInformationContent,RingCount_x_SpherocityIndex,PMI_Ratio2_x_Largest_ring_size,Chi2_div_Chi4,Chi4_x_AtomInformationContent,FractionCSP3_x_BalabanIndex,DoubleBondCount_x_Fused_ring_count,Chi4_x_PathComplexityIndex,Chi4_div_Bridged_ring_count,Fused_ring_count_div_BondInformationContent,StereocenterCount_x_Asphericity,TotalPathCount_div_FractionCSP3,TPSA_x_PathComplexityIndex,SpherocityIndex_x_BertzCTIndex,Ether_x_SSSR_count,partial_charge_max_div_BertzCTIndex,PMI2_div_RingCount,PMI1_div_Bridged_ring_count,Fused_ring_count_div_DoubleBondCount,StereocenterCount_x_BondInformationContent,SSSR_count_div_Min_EState,PMI_Ratio2_x_Max_EState,Asphericity_div_Largest_ring_size,PathComplexityIndex_div_Largest_ring_size,WienerIndex_div_RotatableBonds,RingCount_div_RotatableBonds,StereocenterCount_x_AtomInformationContent,HBD_x_WienerIndex,Asphericity_x_BertzCTIndex,Bridged_ring_count_div_Fused_ring_count,RotatableBonds_div_WienerIndex,StereocenterCount_div_Fused_ring_count,Ether_x_Fused_ring_count,Avg_EState_div_PathComplexityIndex,RingCount_div_Asphericity,Max_EState_div_Largest_ring_size,BalabanIndex_div_BondInformationContent,PMI3_div_WienerIndex,Chi4_x_BondInformationContent,HBD_x_StereocenterCount,TPSA_div_Fused_ring_count,RotatableBonds_div_BertzCTIndex,PMI2_x_Quaternary_Carbons,Asphericity_div_Bridged_ring_count,partial_charge_min_x_BertzCTIndex,RotatableBonds_div_Chi4,SSSR_count_div_Chi2,HBD_x_Asphericity,Fused_ring_count_div_Min_EState,BertzCTIndex_div_Max_EState,LogP_div_Chi4,SpherocityIndex_x_Fused_ring_count,FractionCSP3_div_Chi3,StereocenterCount_x_Chi2,TopologicalRadius_div_Bridged_ring_count,RingCount_div_HeteroatomCount,partial_charge_max_x_PathComplexityIndex,Chi3_div_MolarRefractivity,Min_EState_div_Largest_ring_size,RingCount_x_Carbonyl,Quaternary_Carbons_x_Bridged_ring_count,RingCount_div_Carbonyl,Largest_ring_size_div_SpherocityIndex,LogP_div_BertzCTIndex,Hydroxyl_div_BalabanIndex,Largest_ring_size_div_FragmentComplexityScore,Min_EState_div_Fused_ring_count,RingCount_div_Ether,PMI_Ratio2_div_Largest_ring_size,BoundingBoxVolume_div_RotatableBonds,StereocenterCount_div_TopologicalRadius,RingCount_x_LogP,Carbonyl_x_Fused_ring_count,Fused_ring_count_div_HBA,PathComplexityIndex_div_partial_charge_min,FractionCSP3_div_BalabanIndex,RotatableBonds_div_BoundingBoxVolume,Fused_ring_count_div_Carbonyl,HBD_div_FractionCSP3,PathComplexityIndex_div_FractionCSP3,TotalPathCount_div_partial_charge_min,StereocenterCount_div_RotatableBonds,MolWt_div_TopologicalRadius,Bridged_ring_count_div_TopologicalRadius,Fused_ring_count_div_Ether,HBA_x_SpherocityIndex,HBA_div_RotatableBonds,WienerIndex_div_HBD,RingCount_div_HBD,BalabanIndex_div_StereocenterCount,MolarRefractivity_div_HeavyAtomCount,BertzCTIndex_div_DoubleBondCount,Fused_ring_count_div_HBD,BertzCTIndex_x_BondInformationContent,AtomInformationContent_x_PathComplexityIndex,HBD_x_Quaternary_Carbons,Bridged_ring_count_div_StereocenterCount,partial_charge_min_x_Largest_ring_size,HBD_x_Ether,Hydroxyl_div_Fused_ring_count,Aromatic_ring_count_x_Chi4,TotalPathCount_div_Chi2,TPSA_x_Chi4,RingCount_div_StereocenterCount,HeteroatomCount_div_partial_charge_max,partial_charge_max_x_Largest_ring_size,TPSA_div_FractionCSP3,LogP_x_Bridged_ring_count,RotatableBonds_x_Largest_ring_size,HeavyAtomCount_div_Chi0,Min_EState_x_Quaternary_Carbons,HBD_x_Min_EState,StereocenterCount_div_DoubleBondCount,ShapeIndex_x_Bridged_ring_count,StereocenterCount_x_Aromatic_ring_count,HBD_div_RotatableBonds,Eccentricity_x_Max_EState,Aromatic_ring_count_x_Fused_ring_count,SSSR_count_div_Quaternary_Carbons,DoubleBondCount_x_Largest_ring_size,PMI2_div_RotatableBonds,Chi4_div_PMI_Ratio1,StereocenterCount_x_Min_EState,StereocenterCount_div_HBD,HBD_x_SpherocityIndex,RotatableBonds_div_HeteroatomCount,StereocenterCount_div_Min_EState,HBD_div_Min_EState,TopologicalDiameter_div_Fraction_aromatic_rings,HBA_div_RadiusOfGyration,RotatableBonds_div_PMI2,Quaternary_Carbons_x_BondInformationContent,HBD_x_DoubleBondCount,RotatableBonds_div_Largest_ring_size,SSSR_count_div_BertzCTIndex,HBA_x_PMI_Ratio2,partial_charge_max_div_PathComplexityIndex,Fused_ring_count_div_Chi3,partial_charge_max_div_ZagrebIndex,SpherocityIndex_x_TopologicalDiameter,PathComplexityIndex_div_PMI_Ratio2,Quaternary_Carbons_div_DoubleBondCount,HBD_div_BondInformationContent,Avg_EState_x_Largest_ring_size,HBD_div_DoubleBondCount,DoubleBondCount_div_BertzCTIndex,Fused_ring_count_div_Hydroxyl,PMI_Ratio2_x_Chi3,TPSA_div_PMI_Ratio1,partial_charge_max_div_TPSA,DoubleBondCount_div_Bridged_ring_count,DoubleBondCount_div_Largest_ring_size,Ether_x_Quaternary_Carbons,WienerIndex_div_BoundingBoxVolume,Quaternary_Carbons_div_Min_EState,DoubleBondCount_x_Aromatic_ring_count,FractionCSP3_x_Largest_ring_size,Min_EState_x_Aromatic_ring_count,DoubleBondCount_div_BalabanIndex,StereocenterCount_div_HBA,HeteroatomCount_x_AtomInformationContent,BertzCTIndex_x_Chi2,RotatableBonds_x_BalabanIndex,Largest_ring_size_div_AtomInformationContent,Largest_ring_size_div_FractionCSP3,Largest_ring_size_div_Avg_EState,Chi4_div_partial_charge_max,SSSR_count_div_Hydroxyl,TPSA_x_BondInformationContent,HBD_div_Ether,Largest_ring_size_x_AtomInformationContent,Max_EState_x_Avg_EState,partial_charge_max_div_Largest_ring_size,Largest_ring_size_div_BondInformationContent,Bridged_ring_count_div_Aromatic_ring_count,BondInformationContent_x_PathComplexityIndex,Asphericity_x_SpherocityIndex,StereocenterCount_div_RingCount,partial_charge_min_div_Largest_ring_size,RadiusOfGyration_div_HeteroatomCount,Min_EState_x_BertzCTIndex,StereocenterCount_x_DoubleBondCount,HBD_div_Fraction_aromatic_rings,Quaternary_Carbons_div_RotatableBonds,RadiusOfGyration_x_BalabanIndex,InertialShapeFactor_x_SSSR_count,PMI1_div_RingCount,BondInformationContent_div_Bridged_ring_count,Hydroxyl_div_Min_EState,partial_charge_max_div_Max_EState,GraphDistanceDistributionEntropy_div_TPSA,Carbonyl_x_Quaternary_Carbons,Quaternary_Carbons_div_HBA,Min_EState_div_RotatableBonds,FractionCSP3_div_Bridged_ring_count,Hydroxyl_div_RotatableBonds,PMI_Ratio1_div_StereocenterCount,FragmentComplexityScore_div_Max_EState,Quaternary_Carbons_div_HBD,PathComplexityIndex_div_Max_EState,StereocenterCount_div_BoundingBoxVolume,StereocenterCount_x_PMI_Ratio1,SSSR_count_div_LogP,Max_EState_div_Fused_ring_count,PMI_Ratio2_x_Avg_EState,Min_EState_div_Quaternary_Carbons,TopologicalDiameter_div_CovalentRadiusSum,Carbonyl_div_Bridged_ring_count,FractionCSP3_div_HeteroatomCount,Chi4_div_HBD,FragmentComplexityScore_div_HeteroatomCount,FractionCSP3_div_Largest_ring_size,Fused_ring_count_div_LogP,MolWt_div_MolarRefractivity,Bridged_ring_count_div_SSSR_count,Hydroxyl_x_BondInformationContent,FragmentComplexityScore_div_Largest_ring_size,WienerIndex_div_Hydroxyl,Max_EState_x_AtomInformationContent,StereocenterCount_div_Hydroxyl,PMI_Ratio2_div_FragmentComplexityScore,Largest_ring_size_div_DoubleBondCount,partial_charge_max_x_TotalPathCount,TopologicalDiameter_div_RadiusOfGyration,RotatableBonds_div_Quaternary_Carbons,Ether_x_Aromatic_ring_count,Hydroxyl_div_DoubleBondCount,SpherocityIndex_x_Min_EState,BalabanIndex_div_DoubleBondCount,Aromatic_ring_count_div_Min_EState,Carbonyl_x_Aromatic_ring_count,StereocenterCount_x_Ether,Aromatic_ring_count_div_DoubleBondCount,DoubleBondCount_x_BalabanIndex,Aromatic_ring_count_div_StereocenterCount,StereocenterCount_div_Chi4,StereocenterCount_div_Ether,HBD_div_MolarRefractivity,AtomInformationContent_div_Largest_ring_size,PMI_Ratio1_div_HBA,Largest_ring_size_div_partial_charge_min,StereocenterCount_x_WienerIndex,PMI_Ratio2_div_FractionCSP3,Carbonyl_div_Largest_ring_size,Aromatic_ring_count_div_RotatableBonds,PMI_Ratio2_x_AtomInformationContent,DoubleBondCount_div_Quaternary_Carbons,Largest_ring_size_div_partial_charge_max,MolWt_div_CovalentRadiusSum,HBD_div_TPSA,BalabanIndex_div_Min_EState,Largest_ring_size_div_Bridged_ring_count,HBD_x_Carbonyl,Largest_ring_size_div_Min_EState,Max_EState_div_FractionCSP3,Avg_EState_div_Largest_ring_size,TPSA_div_DoubleBondCount,TPSA_x_Fraction_aromatic_rings,HBD_div_SSSR_count,HBD_div_Carbonyl,Asphericity_div_RotatableBonds,BondInformationContent_div_Largest_ring_size,Fraction_aromatic_rings_div_Fused_ring_count,LogP_x_Quaternary_Carbons,SpherocityIndex_x_Ether,InertialShapeFactor_div_Bridged_ring_count,Carbonyl_div_BertzCTIndex,Min_EState_div_FractionCSP3,SpherocityIndex_x_PMI1,Asphericity_x_AtomInformationContent,RotatableBonds_div_Asphericity,Chi4_div_DoubleBondCount,BertzCTIndex_div_AtomInformationContent,BertzCTIndex_div_BoundingBoxVolume,Quaternary_Carbons_x_Aromatic_ring_count,Chi4_div_SSSR_count,Hydroxyl_div_Fraction_aromatic_rings,HBA_div_HBD,Ether_div_HBD,Largest_ring_size_div_RotatableBonds,Hydroxyl_div_RingCount,RadiusOfGyration_div_TopologicalRadius,Ether_div_RotatableBonds,StereocenterCount_div_BondInformationContent,PMI_Ratio2_x_partial_charge_min,Min_EState_div_partial_charge_max,Ester_x_BalabanIndex,BalabanIndex_x_BondInformationContent,BalabanIndex_div_Carbonyl,MolarRefractivity_x_AtomInformationContent,BertzCTIndex_div_Carbonyl,RotatableBonds_x_Hydroxyl,RotatableBonds_div_StereocenterCount,Hydroxyl_div_TPSA,LogP_x_Ester,Chi4_div_BoundingBoxVolume,BertzCTIndex_div_RingCount,AtomInformationContent_div_FractionCSP3,StereocenterCount_div_Carbonyl,TPSA_div_CovalentRadiusSum,Asphericity_div_FractionCSP3,PMI_Ratio1_div_Max_EState,LogP_div_Largest_ring_size,Max_EState_x_partial_charge_min,Min_EState_div_PMI_Ratio1,Aromatic_ring_count_div_HBD,SpherocityIndex_div_Bridged_ring_count,TPSA_x_partial_charge_max,Chi4_div_PMI_Ratio2,PMI_Ratio1_div_HeavyAtomCount,RadiusOfGyration_x_PathComplexityIndex,Carbonyl_div_BalabanIndex,TopologicalRadius_div_StereocenterCount,Spiro_atom_count_div_BalabanIndex,Ether_div_RingCount,Asphericity_div_Aromatic_ring_count,LogP_div_Asphericity,FractionCSP3_div_HeavyAtomCount,LogP_div_Bridged_ring_count,Fraction_aromatic_rings_div_FractionCSP3,LogP_div_StereocenterCount,Fraction_aromatic_rings_div_Ether,InertialShapeFactor_div_Quaternary_Carbons,InertialShapeFactor_x_BertzCTIndex,partial_charge_min_div_HBA,SpherocityIndex_x_PathComplexityIndex,HBD_div_Hydroxyl,FractionCSP3_x_PMI_Ratio1,HBD_x_ShapeIndex,LogP_div_PathComplexityIndex,Ether_x_PathComplexityIndex,Quaternary_Carbons_div_LogP,SpherocityIndex_x_Largest_ring_size,Ether_div_Hydroxyl,Min_EState_div_SSSR_count,Eccentricity_x_Avg_EState,HBD_div_StereocenterCount,HBD_x_LogP,Bridged_ring_count_div_Ester,BondInformationContent_x_GraphDistanceDistributionEntropy,Hydroxyl_div_HBD,Hydroxyl_x_Carbonyl,TPSA_div_RingCount,StereocenterCount_div_LogP,LogP_div_Fraction_aromatic_rings,BondInformationContent_div_PMI_Ratio1,SpherocityIndex_div_Aromatic_ring_count,DoubleBondCount_div_Chi4,Carbonyl_div_HeteroatomCount,Min_EState_div_RadiusOfGyration,PMI_Ratio1_div_BondInformationContent,Ether_div_Spiro_atom_count,ShapeIndex_x_Hydroxyl,TPSA_div_Ether,InertialShapeFactor_x_Chi4,PathComplexityIndex_div_GraphDistanceDistributionEntropy,FractionCSP3_x_Fraction_aromatic_rings,HBA_div_PMI_Ratio2,RotatableBonds_div_LogP,RotatableBonds_x_LogP,partial_charge_max_div_RotatableBonds,LogP_div_TopologicalRadius,Largest_ring_size_div_Eccentricity,BertzCTIndex_div_Asphericity,CovalentRadiusSum_div_HBA,DoubleBondCount_div_StereocenterCount,FractionCSP3_x_LogP,MolarRefractivity_div_LogP,TPSA_div_Min_EState,StereocenterCount_x_Carbonyl,DoubleBondCount_div_RotatableBonds,Chi0_div_MolWt,Hydroxyl_x_Spiro_atom_count,DoubleBondCount_div_HeteroatomCount,HeteroatomCount_div_Carbonyl,Chi3_div_BertzCTIndex,Aromatic_ring_count_div_Hydroxyl,Ketone_x_Bridged_ring_count,StereocenterCount_x_Phenol,AtomInformationContent_div_Avg_EState,partial_charge_min_div_Max_EState,AtomInformationContent_div_partial_charge_max,DoubleBondCount_x_SpherocityIndex,partial_charge_max_div_PMI_Ratio2,ZagrebIndex_div_Hydroxyl,Max_EState_div_Chi3,RotatableBonds_x_FractionCSP3,LogP_div_WienerIndex,AtomInformationContent_x_BondInformationContent,Phenol_x_Fused_ring_count,PathComplexityIndex_div_DoubleBondCount,ShapeIndex_x_Min_EState,FractionCSP3_div_AtomInformationContent,Avg_EState_x_AtomInformationContent,BridgeheadAtomCount_x_PMI2,BridgeheadAtomCount_x_Aromatic_ring_count,DoubleBondCount_x_BertzCTIndex,Spiro_atom_count_div_Carbonyl,Min_EState_div_DoubleBondCount,FractionCSP3_div_RotatableBonds,Min_EState_x_Phenol,AtomInformationContent_div_partial_charge_min,Ether_x_Phenol,Quaternary_Carbons_div_Ester,DoubleBondCount_x_Phenol,SpherocityIndex_div_Largest_ring_size,InertialShapeFactor_x_Ether,TotalPathCount_div_RingCount,Largest_ring_size_div_StereocenterCount,FractionCSP3_div_Eccentricity,Carbonyl_div_StereocenterCount,Ester_x_SSSR_count,Hydroxyl_div_StereocenterCount,BalabanIndex_div_Ether,Min_EState_div_HBD,Asphericity_div_HBD,AtomInformationContent_div_HeteroatomCount,LogP_x_Spiro_atom_count,Ether_x_BondInformationContent,Amine_x_Fused_ring_count,BondInformationContent_div_RotatableBonds,SpherocityIndex_x_BondInformationContent,Aromatic_ring_count_x_Spiro_atom_count,HeavyAtomCount_div_Chi1,PMI_Ratio1_div_Fused_ring_count,RotatableBonds_div_Min_EState,BridgeheadAtomCount_x_Min_EState,BridgeheadAtomCount_x_Ether,LogP_div_SpherocityIndex,partial_charge_min_div_partial_charge_max,Ketone_x_Quaternary_Carbons"
