BalabanIndex_div_PathComplexityIndex,RingCount_div_PMI_Ratio1,Max_EState_div_BalabanIndex,BalabanIndex_div_ZagrebIndex,Largest_ring_size_div_BalabanIndex,TotalPathCount_div_Largest_ring_size,SSSR_count_div_AtomInformationContent,Fused_ring_count_div_PMI_Ratio1,PMI2_div_Largest_ring_size,SSSR_count_div_SpherocityIndex,SSSR_count_div_partial_charge_max,BalabanIndex_div_partial_charge_max,RingCount_div_FractionCSP3,ZagrebIndex_div_Chi0,TPSA_div_BalabanIndex,MolarRefractivity_div_TotalPathCount,GraphDistanceDistributionEntropy_div_TotalPathCount,PMI2_div_Fused_ring_count,SSSR_count_div_BondInformationContent,Fused_ring_count_div_FragmentComplexityScore,AtomInformationContent_div_BalabanIndex,TotalPathCount_div_RadiusOfGyration,GraphDistanceDistributionEntropy_div_BertzCTIndex,Fused_ring_count_div_InertialShapeFactor,StereocenterCount_div_BalabanIndex,BalabanIndex_div_Asphericity,RadiusOfGyration_div_Largest_ring_size,ZagrebIndex_div_CovalentRadiusSum,MolarRefractivity_div_BertzCTIndex,PMI1_div_Largest_ring_size,BalabanIndex_div_HBA,RingCount_div_Fused_ring_count,Fused_ring_count_div_FractionCSP3,Largest_ring_size_div_PMI_Ratio1,Chi4_div_FractionCSP3,PMI1_div_WienerIndex,SSSR_count_div_DoubleBondCount,RingCount_div_SSSR_count,Chi4_div_RadiusOfGyration,Fused_ring_count_div_Bridged_ring_count,HBD_div_BalabanIndex,BalabanIndex_div_TopologicalRadius,TopologicalDiameter_div_BertzCTIndex,HeteroatomCount_div_Largest_ring_size,WienerIndex_div_RingCount,Chi2_div_Chi4,Chi4_div_Bridged_ring_count,Fused_ring_count_div_BondInformationContent,TotalPathCount_div_FractionCSP3,StereocenterCount_div_PMI_Ratio1,partial_charge_max_div_BertzCTIndex,PMI1_div_Bridged_ring_count,Fused_ring_count_div_DoubleBondCount,SSSR_count_div_Min_EState,Asphericity_div_Largest_ring_size,PathComplexityIndex_div_Largest_ring_size,WienerIndex_div_RotatableBonds,RingCount_div_RotatableBonds,Bridged_ring_count_div_Fused_ring_count,RotatableBonds_div_WienerIndex,StereocenterCount_div_Fused_ring_count,BondInformationContent_div_BalabanIndex,Avg_EState_div_PathComplexityIndex,RingCount_div_Asphericity,PMI_Ratio1_div_BertzCTIndex,Max_EState_div_Largest_ring_size,BalabanIndex_div_BondInformationContent,WienerIndex_div_PMI3,SSSR_count_div_ZagrebIndex,TPSA_div_Fused_ring_count,RotatableBonds_div_BertzCTIndex,Asphericity_div_Bridged_ring_count,RotatableBonds_div_Chi4,HBD_div_Fused_ring_count,Min_EState_div_BalabanIndex,Fused_ring_count_div_Min_EState,BertzCTIndex_div_Max_EState,LogP_div_Chi4,FragmentComplexityScore_div_TotalPathCount,FractionCSP3_div_Chi3
0.0,0.041843437840911435,0.08016043939993228,0.0,0.0,0.0,0.0,0.0,0.0,0.0,0.0,0.0,0.0,0.11719838629535462,0.0,0.0,0.0,0.0,0.0,0.0,0.05319477010339473,0.0,0.0,0.0,0.0,0.0,0.0,0.0,0.0,0.0,0.0,0.0,0.0,0.0,0.0,-0.09866592770264825,0.0,0.0,0.0,0.0,0.06659520013327275,0.0,0.0,0.0,0.0,0.0,0.0,0.0,0.0,0.0,0.0,0.0,0.0,0.0,0.0,0.0,0.0,0.0,0.0,0.07426476322645133,0.0,0.0,-0.21628796107921472,0.0,0.0,0.0,-0.1447883063120112,0.0,0.0,0.0,0.0,0.0,0.29863420301914645,0.0,0.0,0.0,0.0,0.0,0.0,0.0
-0.06958240227124142,0.0,0.0,0.0,0.0,0.0,0.0,0.0,0.0,0.0,0.0,0.0,0.0,0.0,0.0,0.0,0.0,0.0,0.0,0.0,-0.017548702563718613,-0.008837260833000626,0.0,0.0,0.0,0.0,0.0,0.0,0.0,0.0,0.0,0.0,0.0,0.0,0.0,-0.10655864169378775,0.0,0.0,0.0,0.0,0.0,0.0,-0.018451970933001365,-0.0411049104776747,0.0,0.0,0.0,0.0,0.0,0.0,0.0,0.0,0.0,0.0,0.0,0.0,0.0,0.0,0.0,0.0,0.0,0.0,0.0,0.0,0.0,0.0,-0.06344048570790786,0.0,0.0,0.0,-0.32194756111451445,0.0,-0.32336686153914374,0.0,0.0,0.0,0.0,0.0,0.0,-0.026051072309953346
0.0,0.0,0.18276716841333596,0.2792777984347122,0.0,0.0,0.0,0.0,0.0,0.0,0.0,0.0,0.0,0.0,0.0,0.0,0.0,0.0,0.0,0.0,0.0,0.0,0.0,0.0,0.0,0.0,0.0,0.20546160113775552,0.0,0.0735755999059376,0.0,0.0,0.0,0.0,0.0,0.0,0.0,0.0,0.07250702909673068,0.0,0.0,0.16787103949012178,0.0,0.0,0.0,0.0,0.0,0.0,0.0,0.0,0.0,0.0,0.0,0.0,0.0,0.0,0.0,0.0,0.0,0.2536379204737408,0.0,0.0,0.0,0.0,0.0,0.0,0.0,0.0,0.18334786443651183,0.0,0.0,0.0,0.0,0.0,0.12667400693148687,0.0,0.0,0.0,0.4330371529885258,0.0
0.0,0.0,0.15934477937510033,0.2787439345911524,0.0,0.0,0.0,0.0,0.0,0.0,0.0,0.0,0.0,0.0,0.0,0.0,0.0,0.0,0.0,0.0,0.0,0.0,0.0,0.0,0.0,0.0,0.0,0.18600995602902345,0.0,0.0,0.0,0.0,0.0,0.0,0.0,0.0,0.0,0.0,0.09709548315784669,0.0,0.0,0.16602468863099684,0.0,0.0,0.0,0.0,0.0,0.0,0.0,0.0,0.0,0.0,0.0,0.0,0.08262774773873494,0.0,0.0,0.0,0.0,0.26312246641061704,0.0,0.0,0.0,0.0,0.0,0.0,0.0,0.0,0.23009314015606425,0.0,0.0,0.0,0.0,0.0,0.11932188796564856,0.0,0.0,0.0,0.5426460455933643,0.0
0.0,0.0,0.23506057945617384,0.36847627539131267,0.0,0.0,0.0,0.0,0.0,0.0,0.0,0.15909010592251516,0.0,0.0,0.0,0.0,0.0,0.0,0.0,0.0,0.0,0.0,0.0,0.0,0.0,0.0,0.0,0.28448479008369626,0.0,0.13467339260411443,0.0,0.0,0.0,0.0,0.0,0.12794974659612782,0.0,0.0,0.0,0.0,0.0,0.2743090837301266,0.0,0.0,0.0,0.0,0.0,0.0,0.0,0.0,0.0,0.0,0.0,0.0,0.0,0.0,0.0,0.0,0.0,0.3205222629357135,0.0,0.0,0.0,0.0,0.0,0.0,0.0,0.0,0.2653479708847619,0.0,0.0,0.0,0.0,0.0,0.0,0.0,0.0,0.0,0.5285517566497738,0.0
0.0,0.0,0.1658598949920058,0.2831579216255068,0.0,0.0,0.0,0.0,0.0,0.0,0.0,0.0,0.0,0.0,0.0,0.0,0.09738371395052159,0.0,0.0,0.0,0.0,0.0,0.0,0.0,0.0,0.0,0.0,0.19109454570907128,0.0,0.0,0.0,0.0,0.0,0.0,0.0,0.0,0.0,0.0,0.10413923967659024,0.0,0.0,0.17495084938487004,0.0,0.0,0.0,0.0,0.0,0.0,0.0,0.0,0.0,0.0,0.0,0.0,0.0,0.0,0.0,0.0,0.0,0.2877077245150868,0.0,0.0,0.0,0.0,0.0,0.0,0.0,0.0,0.22607895062703715,0.0,0.0,0.0,0.0,0.0,0.13963476633154473,0.0,0.0,0.0,0.5245439903668747,0.0
-0.15248716159608425,0.0,-0.2534505407302899,-0.10474536923909371,0.0,0.0,-0.12319282389011676,0.0,0.0,0.0,0.0,0.0,0.0,-0.1549609029105037,0.0,0.0,0.0,0.0,0.0,0.0,0.0,0.0,0.0,0.0,0.0,0.0,0.0,0.0,0.0,0.0,0.0,0.0,0.0,0.0,0.0,-0.13845287178422258,0.0,0.0,0.0,0.0,0.0,0.0,0.0,-0.1583091371979535,0.0,0.0,0.0,0.0,0.0,0.0,0.0,0.0,0.0,0.0,0.0,0.0,0.0,0.0,0.0,0.0,0.0,0.0,0.0,0.0,0.0,0.0,-0.11842284593692787,0.0,0.0,0.0,-0.33086882087885494,0.0,-0.4572073107501943,0.0,0.0,0.0,0.0,0.0,0.0,0.0
0.0,0.0,0.0,0.0,0.0,0.0,0.0,0.0,0.0841042106040253,0.0,0.0,0.0,0.0,0.07792300222190784,0.0,0.0,0.0,0.0,0.0,0.0,0.0,0.0,0.0,0.0,0.0,0.0,-0.2832368857072975,0.0,0.0,-0.11069572886151953,0.0,0.0,0.0,0.0,0.0,0.0,0.0,0.0,0.0,0.0,-0.11169350797318098,0.0,0.0,0.19073743787779968,0.07257667607678278,0.0,0.0,0.0,0.0,0.0,0.0,0.0,0.0,0.0,0.0,0.0,0.0,0.0,0.0,0.0,0.0,0.0,-0.09819695143294194,0.0,0.0,0.0,0.0,0.0,0.0,0.0,0.15291007264625853,0.0,0.2656602193127389,0.0,0.0,0.0,0.0,0.0,0.0,0.0
0.0,0.0,0.0,0.0,0.0,0.0,0.0,0.0,0.0,0.0,0.0,0.0,0.0,0.0,-0.05365373860161745,0.0,0.0,0.0,0.0,0.0,0.0,0.0,0.0,0.0,0.0,0.0,-0.2769069665041738,0.0,0.0,-0.23452702717214313,0.0,0.0,0.0,0.0,0.0,0.0,0.0,0.0,0.0,0.0,-0.09757610297316609,0.0,0.0,0.19191230415184535,0.09115426309296251,-0.05582162282613706,0.0,0.0,0.0,0.0,0.0,0.0,0.0,0.0,0.0,0.0,0.0,0.0,0.0,0.0,0.0,0.0,-0.06158799811144017,0.0,0.0,0.0,0.0,0.0,0.0,0.0,0.13128853176751168,0.0,0.26129773636544507,0.0,0.0,0.0,0.0,0.0,0.0,0.0
0.0,0.0,0.047533990031725336,0.3311247896244981,0.0,0.0,0.0,0.0,0.0,0.0,0.0,0.0,0.0,0.0,0.0,0.0,0.08371593538816935,0.0,0.0,0.0,0.0,0.0,0.0,0.0,0.0,0.0,0.05902552462925724,0.1218133948673627,0.0,0.0,0.0,0.0,0.0,0.0,0.0,0.0,0.0,0.0,0.07412867725235227,0.0,0.0,0.16824148089721816,0.0,0.0,0.0,0.0,0.0,0.0,0.0,0.04212091763769399,0.0,0.0,0.0,0.0,0.0,0.0,0.0,0.0,0.0,0.0,0.0,0.0,0.0,0.0,0.0,0.0,0.0,0.0,0.17784638128453276,0.0,0.0,0.0,0.0,0.0,0.0,0.0,0.0,0.0,0.5912445361267179,0.0
0.0,0.0,0.13130692058065987,0.35226767231809614,0.0,0.0,0.0,0.0,0.0,0.13466352793123373,0.0,0.0,0.0,0.0,0.0,0.0,0.11070334895994399,0.0,0.0,0.0,0.0,0.0,0.0,0.0,0.0,0.0,0.11657820881154388,0.163317984027433,0.0,0.0,0.0,0.0,0.0,0.0,0.0,0.0,0.0,0.0,0.0,0.0,0.0,0.2465302056969359,0.0,0.0,0.0,0.0,0.0,0.0,0.0,0.0,0.0,0.0,0.0,0.0,0.0,0.0,0.0,0.0,0.0,0.0,0.0,0.0,0.0,0.0,0.0,0.0,0.0,0.0,0.20412945136106192,0.0,0.0,0.0,0.0,0.0,0.10862642288216229,0.0,0.0,0.0,0.6358459349576119,0.0
0.0,0.0,0.19787810485381507,0.3631376464294952,0.0,0.0,0.0,0.0,0.0,0.1054289797349039,0.0,0.0,0.0,0.0,0.0,0.0,0.0833107992832125,0.0,0.0,0.0,0.0,0.0,0.0,0.0,0.0,0.0,0.0,0.1855183021393425,0.0,0.0,0.0,0.0,0.0,0.0,0.0,0.0,0.0,0.0,0.09587922249482192,0.0,0.0,0.24725473325519462,0.0,0.0,0.0,0.0,0.0,0.0,0.0,0.0,0.0,0.0,0.0,0.0,0.0,0.0,0.0,0.0,0.0,0.0,0.0,0.0,0.0,0.0,0.0,0.0,0.0,0.0,0.2552907214797606,0.0,0.0,0.0,0.0,0.0,0.12779411253603884,0.0,0.0,0.0,0.6287255522694524,0.0
0.0,0.0,0.2351171454679709,0.3462408021326618,0.0,0.0,0.0,0.0,0.0,0.0,0.0,0.0,0.0,0.0,0.0,0.0,0.14241177630314333,0.0,0.0,0.0,0.0,0.0,0.0,0.0,0.0,0.0,0.0,0.20969148785263447,0.0,0.0,0.0,0.0,0.0,0.0,0.0,0.0,0.0,0.0,0.0,0.0,0.09377744843820013,0.2239785769710998,0.0,0.0,0.0,0.0,0.0,0.0,0.0,0.0,0.0,0.0,0.0,0.0,0.0,0.0,0.0,0.0,0.0,0.27033648116473813,0.0,0.0,0.0,0.0,0.0,0.0,0.0,0.0,0.2960538928604779,0.0,0.0,0.0,0.0,0.0,0.14797016076310954,0.0,0.0,0.0,0.6492364891700442,0.0
0.2103723986973336,0.0,0.10335442273012918,0.0,0.0,0.0,0.0,0.0,0.0,0.0,0.0,0.04613937633434522,0.0,0.06736682532286004,0.0,0.0,0.0,0.0,0.0,0.0,0.03412831018756523,0.0,0.0,0.0,0.0,0.0,0.1282604211784516,0.0,0.0,0.020952232545728755,0.0,0.0,0.0,0.0,0.0,0.0,0.0,0.0,0.0,0.0,0.0,0.0,0.0,0.0,0.0,0.0,0.0,0.0,0.0,0.0,0.0,0.0,0.0,0.0,0.0,0.0,0.0,0.0,0.0,0.0,0.0,0.0,0.0,0.0,0.0,0.0,0.0,0.0,0.0,0.0,0.14835961373447898,0.0,0.5334055772773204,0.0,0.0,0.0,0.0,0.04324765086233195,0.0,0.0
0.1623171049042584,0.0,0.058544863839886864,0.0,0.0,0.0,0.0,0.0,0.0,0.0,0.0,0.0,0.0,0.09718881312791941,0.0,0.0,0.0,0.0,0.0,0.0,0.0,0.0,0.0,0.0,0.0,0.0,0.09061502170377908,0.0,0.0,0.03908106999994354,0.0,0.0,0.0,0.0,0.0,0.07494001690129533,0.0,0.0,0.0,0.0,0.0,0.0,0.0,0.0,0.0,0.0,0.0,0.0,0.0,0.0,0.0,0.0,0.0,0.0,0.0,0.04695876764643087,0.0,0.0,0.0,0.0,0.0,0.0,0.0,0.0,0.0,0.0,0.0,0.0,0.0,0.0,0.03631728066428666,0.0,0.552119576867564,0.0,0.0,0.0,0.0,0.077112234209643,0.0,0.0
0.0,0.0,0.0,0.27073013392656997,0.0,0.0,0.0,0.0,0.0,0.0,0.0,0.0,0.0,0.0,0.0,0.13564498554922455,0.2589936324591375,0.0,0.0,0.0,0.0,0.0,0.0,0.0,0.0,0.0,0.0,0.0,0.0,0.0,0.0,0.0,0.0,0.0,0.0,0.0,0.0,0.0,0.0,0.0,0.0,0.0,0.0,0.0,0.0,0.0,0.0,0.0,0.0,0.0,0.1799872850405224,0.0,0.0,0.0,0.0,0.0,0.0,0.0,0.0,0.18480969203534783,0.0,0.0,0.0,0.0,0.0,0.0,0.0,0.0,0.0,0.0,0.19422525420102174,0.0,0.2959498828228483,0.0,0.0,0.0,0.0,0.14710480298539128,0.3346514961804846,0.2269732740866023
-0.18123532849727483,0.0,-0.22969150465449797,0.0,0.0,0.0,0.0,0.0,0.0,0.0,0.0,0.0,0.0,-0.11334077723708035,0.0,0.0,0.0,0.0,0.0,0.0,0.0,0.0,0.0,0.0,0.0,0.0,-0.14195119859934507,0.0,0.0,0.0,0.0,0.0,0.0,0.0,0.0,-0.1203137669493984,0.0,0.0,0.0,0.0,-0.10504008248867003,0.0,0.0,0.0,0.0,0.0,0.0,0.0,0.0,0.0,0.0,0.0,0.0,0.0,0.0,-0.12716460183797662,0.0,0.0,0.0,0.0,0.0,0.0,0.0,0.0,0.0,0.0,0.0,0.0,0.0,0.0,-0.37920060805196826,0.0,-0.49429536544981684,-0.07627811894222836,0.0,0.0,0.0,0.0,0.0,0.0
-0.18920091488588797,0.0,-0.35706560695338974,0.0,0.0,0.0,0.0,0.0,0.0,0.0,0.0,0.0,0.0,0.0,-0.28337942421933254,-0.18965066411950107,0.0,-0.2489660314287839,0.0,0.0,-0.2449258131032195,0.0,0.0,0.0,-0.24388957313139425,0.0,0.0,0.0,0.0,0.0,0.0,0.0,0.0,0.0,0.0,0.0,0.0,0.0,0.0,0.0,-0.3013103935575238,0.0,0.0,0.0,0.0,0.0,0.0,0.0,0.0,0.0,0.0,-0.19686681208469514,0.0,0.0,0.0,0.0,0.0,0.0,0.0,0.0,-0.2699297121517775,0.0,0.0,0.0,0.0,0.0,0.0,0.0,0.0,0.0,0.0,0.0,0.0,0.0,0.0,0.0,0.0,0.0,0.0,0.0
0.0,0.0,0.0,0.0,0.0,0.0,0.0,0.0,0.0,0.0,0.0,0.0,0.0,0.0,0.0,0.0,0.0,0.0,0.0,0.0,0.0,0.0,0.0,0.0,0.0,0.0,0.0,0.07006571316836592,0.0,0.0,0.0,0.0,0.0,0.0,0.0,0.0,0.0,0.0,0.0,0.0,0.04427728859510244,0.0,0.0,0.0,0.0,0.07614697174967561,0.0,0.0,0.0,0.0,0.0,0.0,0.0,0.0,0.0,0.0,0.0,0.0,0.0,0.18585056676024286,0.0,0.0,0.09403682868209098,0.0,0.0,0.0,0.0,0.0,0.04409166885903171,0.0,0.0,0.0,-0.30569491700513435,0.0,0.06882085843581741,0.0,0.0,0.0,0.058543859691898535,0.09580150619485069
-0.13025403440164304,0.0,-0.14009853775705827,0.0,0.0,0.0,0.0,0.0,0.0,0.0,0.0,0.0,0.0,-0.067446006192323,0.0,0.0,0.0,0.0,0.0,0.0,-0.18164764911771056,0.0,0.0,0.0,0.0,0.0,0.0,0.0,-0.07079245276656444,0.0,0.0,0.0,0.0,0.0,0.0,-0.05808263958055627,0.0,0.0,0.0,0.0,0.0,0.0,0.0,0.0,0.0,0.0,0.0,0.0,0.0,0.0,0.0,0.0,0.0,0.0,0.0,0.0,0.0,0.0,0.0,0.0,0.0,0.0,0.0,0.0,0.0,0.0,-0.10571547149110933,0.0,0.0,0.0,-0.2991712081661773,0.0,-0.2740560251985545,0.0,-0.17301678950670468,0.0,0.0,0.0,0.0,0.0
-0.0958316413672069,0.0,-0.03289712502185617,0.0,0.0,0.0,0.0,0.0,0.0,0.0,0.0,0.0,0.0,0.0,0.0,-0.04673815925323266,0.0,0.0,0.0,0.0,-0.08522140184768329,0.0,0.0,0.0,0.0,0.0,0.0,0.0,0.0,0.0,0.0,0.0,0.0,0.0,0.0,-0.04227339752625908,0.0,0.0,0.0,0.0,0.0,0.0,0.0,0.0,0.0,0.0,0.0,0.0,0.0,0.0,0.0,0.0,0.0,0.0,0.0,0.0,0.0,0.0,0.0,0.0,0.0,0.0,0.0,0.0,0.0,0.0,-0.07558377231778823,0.0,0.0,0.0,-0.22213013271276763,0.0,-0.23533159046551938,-0.023738790876337457,0.0,0.0,0.0,-0.07387289956986762,0.0,0.0
0.0,0.0,0.0,0.0,0.0,0.0,0.0,0.0,0.0,0.0,0.0,0.0,0.0,0.0,0.0,0.0,0.0,0.0,0.0,0.0,-0.10929937908711776,0.0,0.0,0.0,0.0,0.0,0.0,0.0,0.0,0.0,0.0,0.0,0.0,0.0,0.0,-0.0819559335420364,0.0,0.0,0.0,0.0,0.0,0.0,0.0,0.0,0.0,-0.06787928209047837,0.0,0.0,0.0,0.0,0.29348479881996997,0.0,0.0,0.0,0.0,0.0,0.0,0.0,0.0,0.27477369625412285,0.0,0.0,-0.08770274421026987,0.0,0.0,0.0,0.0,0.0,0.0,0.0,-0.08720769514241039,0.0,0.0,0.0,-0.11645300886226213,0.0,0.0,-0.1478683218347752,0.0,0.1634897064972231
0.0,0.0,0.13163725040922705,0.32739488943341505,0.0,0.0,0.0,0.0,0.0,0.0,0.0,0.0,0.0,0.0,0.0,0.0,0.2721296702887668,0.0,0.0,0.0,0.0,0.0,0.0,0.0,0.0,0.0,0.0,0.0,0.0,0.0,0.0,0.0,0.0,0.0,0.0,0.0,0.0,0.0,0.0,0.0,0.0,0.13096809724439634,0.0,0.0,0.0,0.0,0.0,0.0,0.0,0.0,0.1834335391696216,0.0,0.0,0.0,0.1211631618104062,0.0,0.0,0.0,0.0,0.3103736360629732,0.0,0.0,0.0,0.0,0.0,0.0,0.0,0.0,0.0,0.0,0.0,0.0,0.0,0.0,0.1087681214625853,0.0,0.0,0.0,0.5547796331481762,0.19208155562604637
-0.12536233347151468,0.0,-0.16618968768745093,0.0,0.0,0.0,0.0,0.0,0.0,0.0,0.0,0.0,0.0,-0.07105825903886932,0.0,-0.047453257449080244,0.0,0.0,0.0,0.0,-0.11177187365430297,0.0,0.0,0.0,0.0,0.0,0.0,0.0,0.0,0.0,0.0,0.0,0.0,0.0,0.0,-0.11882852349478609,0.0,0.0,0.0,0.0,0.0,0.0,-0.05793204012568037,0.0,0.0,0.0,0.0,0.0,0.0,0.0,0.0,0.0,0.0,0.0,0.0,0.0,0.0,0.0,0.0,0.0,0.0,0.0,0.0,0.0,0.0,0.0,-0.0865035960619399,0.0,0.0,0.0,-0.3348062203782716,0.0,-0.3481020855460707,0.0,0.0,0.0,0.0,0.0,0.0,0.0
-0.14096188578783997,0.0,-0.12419578457795166,0.0,0.0,0.0,0.0,0.0,0.0,0.0,0.0,0.0,0.0,-0.060876135700824556,0.0,-0.05464468088877972,0.0,0.0,0.0,0.0,-0.07001577927617571,0.0,0.0,0.0,0.0,0.0,0.0,0.0,0.0,0.0,0.0,0.0,0.0,0.0,0.0,-0.08032250033428769,0.0,0.0,0.0,0.0,0.0,0.0,0.0,0.0,0.0,0.0,0.0,0.0,0.0,0.0,0.0,0.0,0.0,0.0,0.0,0.0,0.0,0.0,0.0,0.0,0.0,0.0,0.0,0.0,0.0,0.0,-0.08281435905374097,0.0,0.0,0.0,-0.3173280781190039,0.0,-0.44303143483851054,0.0,0.0,0.0,0.0,-0.0687595788677151,0.0,0.0
-0.1269917719416699,0.0,-0.14303520993649751,0.0,0.0,0.0,0.0,0.0,0.0,0.0,0.0,0.0,0.0,0.0,0.0,0.0,0.0,0.0,0.0,0.0,-0.13496833300150685,-0.11561208408528419,0.0,0.0,0.0,0.0,0.0,0.0,0.0,0.0,0.0,0.0,0.0,0.0,0.0,-0.1536722170665551,0.0,0.0,0.0,0.0,0.0,0.0,0.0,0.0,0.0,0.0,0.0,0.0,0.0,0.0,0.0,0.0,0.0,0.0,0.0,0.0,0.0,0.0,0.0,0.0,0.0,0.0,0.0,0.0,0.0,0.0,-0.09349413900947745,0.0,0.0,0.0,-0.1760473957527022,0.0,-0.10292650920098259,-0.11577434492917216,0.0,0.0,0.0,-0.09787538979271675,0.0,0.0
-0.12712881447854096,0.0,-0.21644873833488196,0.0,0.0,0.0,0.0,0.0,0.0,0.0,0.0,0.0,0.0,-0.16967358251741244,0.0,-0.10591847156864631,0.0,0.0,0.0,0.0,0.0,0.0,0.0,0.0,-0.16352540550715636,0.0,-0.10485547771654743,0.0,0.0,0.0,0.0,0.0,0.0,0.0,0.0,0.0,0.0,0.0,0.0,0.0,-0.11562692877593125,0.0,0.0,0.0,0.0,0.0,0.0,0.0,0.0,0.0,0.0,0.0,0.0,0.0,0.0,-0.12488648521639031,0.0,0.0,0.0,0.0,0.0,0.0,0.0,0.0,0.0,0.0,0.0,0.0,0.0,0.0,-0.22475904300045996,0.0,-0.3834057970176595,0.0,0.0,0.0,0.0,0.0,0.0,0.0
-0.18649602861373624,0.0,-0.2275965165415185,0.0,0.0,0.0,0.0,0.0,0.0,0.0,0.0,0.0,0.0,-0.19015166069548028,0.0,0.0,0.0,0.0,0.0,0.0,-0.21987462725279316,0.0,0.0,0.0,0.0,0.0,0.0,0.0,0.0,0.0,0.0,0.0,0.0,0.0,0.0,-0.1705548782349837,0.0,0.0,0.0,0.0,0.0,-0.10224136443349488,0.0,0.0,0.0,0.0,0.0,0.0,0.0,0.0,0.0,0.0,0.0,0.0,0.0,-0.10278123211076995,0.0,0.0,0.0,0.0,0.0,0.0,0.0,0.0,0.0,0.0,-0.13350048322637012,0.0,0.0,0.0,-0.3556507097813269,0.0,-0.3753268043678756,0.0,0.0,0.0,0.0,0.0,0.0,0.0
0.14523306993436355,0.0,0.12581930749727077,0.16997386832166464,0.0,0.0,0.0,0.0,0.0,0.0,0.0,0.0,0.0,0.10762975947739531,0.0,0.10154944674440486,0.0,0.0,0.0,0.0,0.0,0.0,0.0,0.0,0.0,0.0,0.0,0.0,0.0,0.0,0.0,0.0,0.0,0.0,0.0,0.0,0.0,0.0,0.0,0.0,0.0,0.0,0.09526610318376427,0.0,0.0,0.0,0.0,0.0,0.0,0.0,0.10392392424637809,0.0,0.0,0.0,0.0,0.0,0.0,0.0,0.0,0.13591022410282333,0.0,0.0,0.0,0.0,0.0,0.0,0.0,0.0,0.0,0.0,0.3552729171754358,0.0,0.2440883406467099,0.0,0.0,0.0,0.0,0.0,0.0,0.0
-0.1318281062406748,0.0,-0.20223328514229993,-0.05575932771912371,-0.08352992211539147,0.0,0.0,0.0,0.0,0.0,0.0,0.0,0.0,-0.12196717139621518,0.0,-0.03723655925217151,0.0,0.0,0.0,0.0,-0.13514969667306437,0.0,0.0,0.0,0.0,0.0,0.0,0.0,0.0,0.0,0.0,0.0,0.0,0.0,0.0,0.0,0.0,0.0,0.0,0.0,0.0,0.0,0.0,0.0,0.0,0.0,0.0,0.0,0.0,0.0,0.0,0.0,0.0,0.0,0.0,0.0,0.0,0.0,0.0,0.0,0.0,0.0,0.0,0.0,0.0,0.0,-0.07290683136402609,0.0,0.0,0.0,-0.320990685149738,0.0,-0.3891178299845057,0.0,0.0,0.0,0.0,0.0,0.0,0.0
-0.11705173834677518,0.0,0.19253320579179597,0.0,0.0,0.0,0.0,0.0,0.0,0.0,0.0,0.0,0.0,0.0,0.0,0.0,0.0,0.0,0.0,0.0,-0.15866788586743105,0.0,0.0,0.0,0.0,0.0,0.0,0.1381478098343617,0.0,0.0,0.0,0.0,0.0,0.0,0.0,0.0,0.0,0.0,0.0,0.0,0.0,0.0,0.0,0.0,0.0,-0.113182552940761,0.0,0.0,0.0,0.0,0.0,0.0,0.0,0.0,0.0,0.0,0.0,0.0,0.0,0.17154877832247403,0.0,0.0,0.0,0.0,0.0,0.0,-0.08305080905778293,0.0,0.0,0.0,-0.24683891563101026,0.0,-0.11523602770150508,0.0,0.0,0.0,0.0,0.0,0.12989198141686153,0.0
-0.12328038724204045,0.0,-0.05720227517433773,0.0,0.0,0.0,0.0,0.0,0.0,0.0,0.0,0.0,0.0,0.0,0.0,-0.04376235698530806,0.0,0.0,0.0,0.0,0.0,0.0,0.0,0.0,0.0,0.0,0.0,0.0,0.0,0.0,0.0,0.0,0.0,0.0,0.0,-0.13246899457655734,0.0,0.0,0.0,0.0,0.0,0.0,-0.04169712290517932,0.0,0.0,-0.07139438713286939,0.0,0.0,0.0,0.0,0.0,0.0,0.0,0.0,0.0,0.0,0.0,0.0,0.0,0.0,0.0,0.0,0.0,0.0,0.0,0.0,-0.11804053538501623,0.0,0.0,0.0,-0.28491765776763955,0.0,-0.12242184654216147,0.0,0.0,0.0,0.0,0.0,0.0,-0.055249373138756545
-0.38453606414636987,-0.3982663515711092,-0.6313180920355745,0.0,0.0,0.0,-0.28883420890309797,0.0,0.0,0.0,0.0,0.0,0.0,-0.40940530459385793,0.0,0.0,0.0,0.0,0.0,0.0,-0.42699179094804673,0.0,0.0,0.0,0.0,0.0,0.0,0.0,0.0,0.0,0.0,0.0,0.0,0.0,0.0,-0.3232105826004233,0.0,0.0,0.0,0.0,0.0,0.0,0.0,0.0,0.0,0.0,0.0,0.0,0.0,0.0,0.0,0.0,0.0,0.0,0.0,0.0,0.0,0.0,0.0,0.0,0.0,-0.35505334641891884,0.0,0.0,0.0,0.0,0.0,0.0,0.0,0.0,-0.5706396099867956,0.0,-0.7022539190949754,0.0,0.0,0.0,0.0,0.0,0.0,0.0
-0.04883850620749649,0.0,0.0,0.0,0.0,0.0,0.0,0.0,0.0,0.0,0.0,0.0,0.0,0.09844289335862703,0.0,0.0,0.0,0.0,0.0,0.0,0.0,0.0,0.0,0.0,0.0,0.0,-0.0705677747028276,0.07602677654016515,0.0,0.0,0.0,0.0,0.0,0.0,0.0,-0.08278379175757042,0.0,0.0,0.0,0.0,0.0,0.0,0.0,0.0,0.0,-0.05558968552687555,0.0,0.0,0.0,0.0,0.0,0.0,0.0,0.0,0.0,0.0,0.0,0.0,0.0,0.094607777797122,0.0,0.0,0.0,0.0,0.0,0.0,-0.13901965950393716,0.0,0.0,0.0,-0.07035921733483495,0.0,0.24672141709445736,0.0,0.0,0.0,0.0,0.0,0.0,0.0
-0.11409380257414276,0.0,-0.4144979822319584,0.0,0.0,0.0,0.0,0.0,0.0,0.0,0.0,0.0,0.0,0.0,-0.101251541836715,0.0,0.0,0.0,0.0,0.0,-0.17075214877508446,0.0,0.0,0.0,0.0,0.0,0.0,0.0,0.0,0.0,0.0,0.0,0.0,0.0,0.0,-0.05272724527531114,0.0,0.0,0.0,0.0,-0.10741707722703678,-0.04964006611041587,0.0,0.0,0.0,0.0,0.0,0.0,0.0,0.0,0.0,0.0,0.0,0.0,0.0,0.0,0.0,0.0,0.0,0.0,0.0,0.0,0.0,0.0,0.0,0.0,-0.08454208851626005,0.0,0.0,0.0,-0.21799837608571693,0.0,-0.16175072723269468,0.0,0.0,0.0,0.0,0.0,0.0,0.0
-0.1355729583512762,0.0,-0.08681353344971969,0.0,0.0,0.0,0.0,0.0,0.0,0.0,0.0,0.0,0.0,0.0,0.0,0.0,0.0,0.0,0.0,0.0,0.0,0.0,0.0,0.0,0.054403088967580504,0.0,0.0,0.10479856507220255,0.0,0.0,0.0,0.0,0.0,0.0,0.0,0.0,0.0,0.0,0.0,0.0,0.0,0.0,0.0,0.0,0.0,0.07932736903617355,0.0,0.0,0.0,0.0,0.0,0.0,0.0,0.0,0.0,0.0,0.0,0.0,0.0,0.09075895409190148,0.0,0.0,0.10479831289459181,0.0,0.0,0.0,-0.1255166709436599,0.0,0.0,0.0,-0.3262939223657581,0.0,-0.20467645307163013,0.0,0.0,0.0,0.0,0.0,0.0,0.0
-0.22738323659315332,-0.262982417982026,0.0,-0.1427908488512486,0.0,0.0,0.0,0.0,0.0,0.0,0.0,0.0,0.0,-0.1801899865538064,0.0,0.0,0.0,0.0,0.0,0.0,-0.15495073570596582,0.0,0.0,0.0,0.0,0.0,0.0,0.0,0.0,0.0,0.0,0.0,0.0,-0.17927710368863664,0.0,-0.2109205654988758,0.0,0.0,0.0,0.0,0.0,0.0,0.0,0.0,0.0,0.0,0.0,0.0,0.0,0.0,0.0,0.0,0.0,0.0,0.0,0.0,0.0,0.0,0.0,0.0,0.0,0.0,0.0,0.0,0.0,0.0,-0.17662961511768294,0.0,0.0,0.0,-0.3619237244390572,0.0,-0.3166325980449606,0.0,0.0,0.0,0.0,0.0,0.0,0.0
-0.21333444825415038,0.0,-0.3006558580787647,0.0,0.0,0.0,0.0,0.0,0.0,0.0,0.0,0.0,0.0,-0.19310752143044776,0.0,0.0,0.0,0.0,0.0,0.0,0.0,0.0,0.0,0.0,0.0,0.0,-0.10148184454845222,0.0,0.0,0.0,0.0,0.0,0.0,0.0,0.0,-0.20934399832685244,0.0,0.0,0.0,0.0,0.0,-0.10693199772920428,0.0,0.0,0.0,0.0,0.0,0.0,0.0,0.0,0.0,0.0,0.0,0.0,0.0,0.0,0.0,0.0,0.0,0.0,0.0,0.0,0.0,0.0,0.0,0.0,-0.15676118222761107,0.0,0.0,0.0,-0.3838861025664997,0.0,-0.5540706093134223,0.0,0.0,0.0,0.0,-0.09405526873956165,0.0,0.0
-0.1331703340365601,0.0,-0.11827203572147525,0.0,0.0,0.0,0.0,0.0,0.0,0.0,0.0,0.0,0.0,-0.07384189373575943,0.0,0.0,0.0,0.0,0.0,0.0,-0.14443666897449145,0.0,0.0,0.0,0.0,0.0,0.0,0.0,-0.03593696698639477,0.0,0.0,0.0,0.0,0.0,0.0,0.0,0.0,0.0,0.0,0.0,0.0,0.0,0.0,0.0,0.0,-0.08014114903889472,0.0,0.0,0.0,0.0,0.0,0.0,0.0,0.0,0.0,0.0,0.0,0.0,0.0,0.0,0.0,0.0,0.0,0.0,0.0,0.0,-0.10478993715738968,0.0,0.0,0.0,-0.33833464423582293,0.0,-0.37216872351665575,-0.030992773450735367,0.0,0.0,0.0,0.0,0.0,0.0
-0.20661775625652734,0.0,-0.37422805115704505,-0.12267059309256512,0.0,0.0,0.0,0.0,0.0,0.0,0.0,0.0,0.0,-0.17350836206760062,0.0,-0.1316329621397751,0.0,0.0,0.0,0.0,-0.3256128345482465,0.0,0.0,0.0,0.0,0.0,-0.1484674198724836,0.0,0.0,0.0,0.0,0.0,0.0,0.0,0.0,0.0,0.0,0.0,0.0,0.0,0.0,0.0,0.0,0.0,0.0,0.0,0.0,0.0,0.0,0.0,0.0,0.0,0.0,0.0,0.0,0.0,0.0,0.0,0.0,0.0,0.0,0.0,0.0,0.0,0.0,0.0,-0.1441970592448354,0.0,0.0,0.0,-0.34988508249318706,0.0,-0.2633910143704604,0.0,0.0,0.0,0.0,0.0,0.0,0.0
-0.1178704087144487,0.0,-0.06820751776033288,0.0,0.0,0.0,0.0,0.0,0.0,0.0,0.0,0.0,0.0,-0.07790501430059112,0.0,0.0,0.0,0.0,0.0,0.0,-0.16673990473326697,0.0,0.0,0.0,0.0,0.0,0.0,0.0,-0.039106633149120835,0.0,0.0,0.0,0.0,0.0,0.0,-0.0378461555996108,0.0,0.0,0.0,0.0,0.0,0.0,0.0,0.0,0.0,0.0,0.0,0.0,0.0,0.0,0.0,0.0,0.0,0.0,0.0,0.0,0.0,0.0,0.0,0.0,0.0,0.0,0.0,0.0,0.0,0.0,-0.06661512886429034,0.0,0.0,0.0,-0.28803650990840096,0.0,-0.2705702441327937,0.0,-0.12525787881430261,0.0,0.0,0.0,0.0,0.0
0.0,0.0,0.0,0.0,0.0,0.0,0.0,0.0,0.0,0.0,0.0,0.0,0.0,0.0,0.04245598351697029,0.0,0.0,0.0,0.0,0.0,0.0,0.0,0.0,0.0,0.0,0.0,0.0,0.05291109511813991,0.0,0.0,0.0,0.0,0.0,0.0,0.0,0.0,0.0,0.0,0.0,0.0,0.04511192179634935,0.03686225871676303,0.0,0.0,0.0,0.0,0.0,0.0,0.0,0.0,0.0,0.0,0.0,0.0,0.0,0.0,0.0,0.0,0.0,0.1262141679442072,0.0,0.04652042613717123,0.04091969745546435,0.0,0.0,0.0,0.0,0.0,0.0,0.0,-0.2454077727031355,0.0,-0.2593521808629292,0.0,0.0,0.0,0.0,0.0,0.05466465798041572,0.0
-0.1438687859290887,0.0,0.06953191495787377,0.0,0.0,0.0,0.0,0.0,0.0,0.0,0.0,0.0,0.0,0.0,0.0,0.0,0.0,0.0,0.0,0.0,0.0,0.0,0.0,0.0,0.0,0.0,0.0,0.06602183391880802,0.0,0.0,0.0,0.0,0.0,0.0,0.0,0.0,0.0,0.0,0.0,0.0,0.0,0.0,0.0,0.0,0.0,0.0,0.0,0.0,0.0,0.0,0.0,0.0,0.0,0.0,0.0,0.0,0.0,0.0,0.0,0.10128359954081351,0.0,0.04144883660610443,0.11704874961596234,0.0,0.0,0.0,-0.12944238839367947,0.0,0.0,0.0,-0.1831111549089948,0.0,-0.2673285516452054,0.0,0.06497913770446037,0.0,0.0,0.0,0.0,0.0
-0.16854148821841564,0.0,-0.12201520095467737,0.0,0.0,0.0,0.0,0.0,-0.03795873865428123,0.0,0.0,0.0,0.0,-0.08784635768076955,0.0,0.0,0.0,0.0,0.0,0.0,-0.06553313377962802,0.0,0.0,0.0,0.0,0.0,0.0,0.0,0.0,0.0,0.0,0.0,0.0,0.0,0.0,-0.13989723975278795,0.0,0.0,0.0,0.0,0.0,0.0,0.0,-0.05351537316998506,0.0,0.0,0.0,0.0,0.0,0.0,0.0,0.0,0.0,0.0,0.0,0.0,0.0,0.0,0.0,0.0,0.0,0.0,0.0,0.0,0.0,0.0,-0.10201227891121388,0.0,0.0,0.0,-0.3511134451006318,0.0,-0.48884889717750424,0.0,0.0,0.0,0.0,0.0,0.0,0.0
-0.16799735269102592,0.0,0.210067680507023,0.0,0.0,0.0,0.0,0.0,0.0,0.0,0.0,0.0,0.0,-0.09077463105349572,0.0,0.0,0.0,0.0,0.0,0.0,-0.0823852371096565,0.0,0.0,0.0,0.0,0.0,0.0,0.0,0.0,0.0,0.0,0.0,0.0,0.0,0.0,-0.11557725865662391,0.0,0.0,0.0,0.0,0.0,0.0,0.0,0.0,0.0,0.13518100578571646,0.0,0.0,0.0,0.0,0.0,0.0,0.0,0.0,0.0,0.0,0.0,0.0,0.0,0.0,0.0,0.0,0.1930803505008322,0.0,0.0,0.0,-0.12056622021244745,0.0,0.0,0.0,-0.29012299148769727,0.0,-0.3443914473783437,0.0,0.0,0.0,0.0,0.0,0.0,0.0
-0.1967833729488262,-0.21181602525190613,-0.32643331902401934,0.0,0.0,0.0,0.0,0.0,0.0,0.0,0.0,0.0,0.0,-0.18782658642681233,0.0,0.0,0.0,0.0,0.0,0.0,-0.2131013228273074,0.0,0.0,0.0,0.0,0.0,-0.11149905530596138,0.0,0.0,0.0,0.0,0.0,0.0,0.0,0.0,-0.21030810773835143,0.0,0.0,0.0,0.0,0.0,0.0,0.0,0.0,0.0,0.0,0.0,0.0,0.0,0.0,0.0,0.0,0.0,0.0,0.0,0.0,0.0,0.0,0.0,0.0,0.0,0.0,0.0,0.0,0.0,0.0,-0.14336840759873629,0.0,0.0,0.0,-0.35597487708908254,0.0,-0.39325334863918265,0.0,0.0,0.0,0.0,0.0,0.0,0.0
-0.22418997811994418,0.0,-0.3040687909498293,0.0,0.0,0.0,0.0,0.0,0.0,0.0,0.0,0.0,0.0,-0.19337723053999978,0.0,-0.12191156588327937,0.0,0.0,0.0,0.0,-0.1375684559058656,0.0,0.0,0.0,0.0,0.0,0.0,0.0,-0.12028246936403653,0.0,0.0,0.0,0.0,0.0,0.0,-0.21642075989766096,0.0,0.0,0.0,0.0,0.0,0.0,0.0,0.0,0.0,0.0,0.0,0.0,0.0,0.0,0.0,0.0,0.0,0.0,0.0,0.0,0.0,0.0,0.0,0.0,0.0,0.0,0.0,0.0,0.0,0.0,-0.1348082311897908,0.0,0.0,0.0,-0.421578997204564,0.0,-0.5421591514179769,0.0,0.0,0.0,0.0,0.0,0.0,0.0
-0.08230466983501541,0.0,0.0,0.0,0.0,0.0,0.0,0.0,0.0,0.0,0.0,0.0,0.0,0.0,0.0,0.0,0.0,0.0,0.0,0.0,0.0,0.0,0.0,0.0,0.0,0.0,0.0,0.1394801891907758,0.0,0.0,0.0,0.0,0.0,0.0,0.0,-0.06882507614603815,0.0,0.0,0.10263667618908415,0.0,0.0,0.0,0.0,-0.06467614644476939,0.0,-0.09178454219238648,0.0,0.0,0.0,0.0,0.0,0.0,0.0,0.0,0.0,0.0,0.0,0.0,0.0,0.18605919465396162,0.0,0.0,0.0,0.0,0.0,0.0,-0.07783784556612065,0.0,0.0,0.0,-0.195025943416659,0.0,0.0,0.0,0.0,0.0,0.0,0.0,0.1684308959691652,0.0
-0.1465926093752067,0.0,0.19134070409931772,-0.043977277130378266,0.0,0.0,0.0,0.0,0.0,0.0,0.0,0.0,0.0,-0.06163372480859504,0.0,0.0,0.0,0.0,0.0,0.0,-0.12196062200799077,0.0,0.0,0.0,0.0,0.0,0.0,0.0,0.0,0.0,0.0,0.0,0.0,0.0,0.0,0.0,0.0,0.0,0.0,0.0,0.0,0.0,0.0,0.0,0.0,0.0,0.0,0.0,0.0,0.0,-0.044917579246508084,0.0,0.0,0.0,0.0,0.0,0.0,0.0,0.0,0.0,0.0,0.0,0.14907996057821216,0.0,0.0,0.0,-0.1123486820772701,0.0,0.0,0.0,-0.3047335575626027,0.0,-0.25336394858176425,0.0,0.0,0.0,0.0,0.0,0.0,0.0
0.0,0.0,0.0,0.0,0.0,0.0,0.0,0.0,0.0,0.0,0.0,0.0,0.0,0.0,0.0,0.0,0.0,0.0,0.0,0.0,0.0,0.09251302311038061,0.0,0.0,0.0,0.0,0.0,0.05172998454451862,0.0,0.010081051867879998,0.026924010887821065,0.0,0.0,0.0,0.0,0.014236755764024845,0.0,0.0,0.0,0.0,0.014188468280022948,0.0,0.0,0.015783445071827544,0.0,0.05127286500868918,0.0,0.0,0.0,0.0,0.0,0.0,0.0,0.0,0.0,0.0,0.0,0.0,0.0,0.012681609446558498,0.0,0.0,0.02280788789831334,0.0,0.0,0.0,0.0,0.0,0.0,0.0,0.0,0.0,0.0,0.0,0.0,0.0,0.0,0.0,0.0,0.0
0.13518737298053227,0.0,0.041303304240576565,0.0,0.0,0.0,0.0,0.0,0.0,0.0,0.0,0.0,0.0,0.06260009319995939,0.0,0.05858507385374594,0.0,0.0,0.0,0.0,0.0628053704197004,0.0,0.0,0.0,0.0,0.0,0.0850988027732909,0.0,0.0,0.0,0.0,0.0,0.0,0.0,0.0,0.0,0.0,0.0,0.0,0.0,0.0,0.0,0.08268338547435446,0.0,0.0,0.0,0.0,0.0,0.0,0.0,0.0,0.0,0.0,0.0,0.0,0.0,0.0,0.0,0.0,0.0,0.0,0.0,0.0,0.0,0.0,0.0,0.031222353160897942,0.0,0.0,0.0,0.4245347184977205,0.0,0.3872159422136354,0.0,0.0,0.0,0.0,0.0,0.0,0.0
-0.21188560843168633,0.0,-0.35906135628205454,0.0,0.0,0.0,0.0,0.0,0.0,0.0,0.0,0.0,0.0,-0.1727823512753201,0.0,0.0,0.0,0.0,0.0,0.0,-0.3526051641634343,0.0,0.0,0.0,0.0,0.0,-0.16307763820914614,0.0,0.0,0.0,0.0,0.0,0.0,0.0,0.0,0.0,0.0,0.0,0.0,0.0,0.0,-0.14907824746779585,0.0,0.0,0.0,0.0,0.0,0.0,0.0,0.0,0.0,0.0,0.0,0.0,0.0,0.0,0.0,0.0,0.0,0.0,0.0,0.0,0.0,0.0,0.0,0.0,-0.17744628660788292,0.0,0.0,0.0,-0.37608240572731,0.0,-0.33476885861767997,0.0,-0.17190219144665722,0.0,0.0,0.0,0.0,0.0
-0.16614832520090675,-0.11642634244089314,-0.16639628730501785,0.0,0.0,0.0,0.0,0.0,0.0,0.0,0.0,0.0,0.0,0.0,0.0,-0.06855320385024566,0.0,0.0,0.0,0.0,-0.2177646699319507,0.0,0.0,0.0,0.0,0.0,0.0,0.0,0.0,0.0,0.0,0.0,0.0,0.0,0.0,-0.18321391407698026,0.0,0.0,0.0,0.0,0.0,-0.06581946197832672,0.0,0.0,0.0,0.0,0.0,0.0,0.0,0.0,0.0,0.0,0.0,0.0,0.0,0.0,0.0,0.0,0.0,0.0,0.0,0.0,0.0,0.0,0.0,0.0,-0.10195854042018808,0.0,0.0,0.0,-0.27525610718830457,0.0,-0.1699204205642666,0.0,0.0,0.0,0.0,0.0,0.0,0.0
0.0,0.0,0.06992368337442452,0.0,0.0,0.0,0.0,0.0,0.0,0.0,0.0,0.0,0.0,0.07927076140309644,0.0,0.0,0.0,0.0,0.0,0.0,0.0,0.0,0.0,0.0,0.0,0.0,-0.29090904932852885,0.0,0.0,-0.06677179685390311,0.0,0.0,0.0,0.0,0.0,0.0,0.0,0.0,0.0,0.0,0.0,0.0,0.0,0.18410406402013227,0.11097694099432309,-0.08711967395573991,0.0,0.0,0.0,0.0,0.0,0.0,0.0,0.0,0.0,0.0,0.0,0.0,0.0,0.0,0.0,0.0,-0.1453636800874593,0.0,0.0,0.0,0.0,0.0,0.0,0.0,0.10723101759913722,0.0,0.3344282826623064,0.0,0.0,0.0,0.0,0.0,0.0,0.0
-0.19309968804705677,0.0,-0.2627408845032444,0.0,0.0,0.0,0.0,0.0,0.0,0.0,0.0,0.0,0.0,0.0,0.0,-0.12439788511962203,0.0,0.0,0.0,0.0,0.0,0.0,0.0,0.0,0.0,0.0,-0.13850166437733885,0.0,0.0,0.0,0.0,0.0,0.0,0.0,0.0,-0.22173580677954718,0.0,0.0,0.0,0.0,0.0,-0.12763269591884896,0.0,0.0,0.0,-0.1565814548033506,0.0,0.0,0.0,0.0,0.0,0.0,0.0,0.0,0.0,0.0,0.0,0.0,0.0,0.0,0.0,0.0,0.0,0.0,0.0,0.0,-0.19455164460754043,0.0,0.0,0.0,-0.3810053266102405,0.0,-0.3400235527923216,0.0,0.0,0.0,0.0,0.0,0.0,0.0
-0.12650159603902622,0.0,-0.06350451395148764,0.0,0.0,0.0,0.0,0.0,0.0,0.0,0.0,0.0,0.0,0.0,0.0,-0.06090316237273541,0.0,0.0,0.0,-0.05152181321594658,0.0,0.0,0.0,0.0,0.0,0.0,-0.060251197391125666,0.0,0.0,0.0,0.0,0.0,0.0,0.0,0.0,0.0,0.0,0.0,0.0,0.0,0.0,0.0,-0.05207882179000112,0.0,0.0,0.0,0.0,0.0,0.0,0.0,0.0,0.0,0.0,0.0,0.0,0.0,0.0,0.0,0.0,0.0,0.0,0.0,0.0,0.0,0.0,0.0,-0.09304419262519484,0.0,0.0,0.0,-0.3078021915942229,0.0,-0.3903138393970265,0.0,0.0,0.0,0.0,-0.09715562775469065,0.0,0.0
-0.07732052390280131,0.0,0.0,0.0,0.0,0.0,0.0,0.0,0.0,0.0,0.0,0.0,0.0,0.0,0.0,0.0,0.0,0.0,0.0,0.0,0.0,-0.026792720919238976,0.0,0.0,0.0,0.0,0.0,0.0,0.0,0.0,0.0,0.0,0.0,0.0,0.0,-0.10228321244587997,0.0,0.0,0.0,0.0,0.0,0.0,0.0,0.0,0.0,-0.045998665429372004,0.0,0.0,0.0,0.0,-0.029309297057670235,0.0,0.0,0.0,0.0,0.0,0.0,0.0,0.0,0.0,0.0,0.0,0.0,0.0,0.0,0.0,-0.06538648081937809,0.0,0.0,0.0,-0.24801013601377817,0.0,-0.0752611207555765,0.0,0.0,0.0,0.0,0.0,0.1674095662736742,-0.07708732038812639
0.0,0.0,0.05084435858537408,0.1992099488559608,0.0,0.0,0.0,0.0,0.0,0.0,0.0,0.0,0.0,0.0,0.0,0.0,0.059063928925234176,0.0,0.0,0.0,0.0,0.0,0.0,0.0,0.0,0.0,0.0,0.06073297603404922,0.0,0.0,0.0,0.0,0.0,0.0,0.0,0.0,0.0,0.0,0.04175606908721319,0.0,0.060156963406404,0.0,0.0,0.0,0.0,0.0,0.0,0.0,0.0,0.0,0.2526147074714301,0.0,0.0,0.0,0.0,0.0,0.0,0.0,0.0,0.04999061357295556,0.0,0.0,0.0,0.0,0.0,0.0,0.0,0.0,0.0,0.0,0.0,0.0,0.0,0.0,0.0,0.0,0.0,0.07473586348122295,0.3009856567009531,0.0
0.0,-0.35396996193851715,-0.5054142145174226,0.0,0.0,0.0,0.0,0.0,0.0,0.0,0.0,0.0,0.0,0.0,0.0,0.0,0.0,0.0,0.0,0.0,-0.3156073164747467,0.0,0.0,0.0,-0.30314087953576146,0.0,-0.3032391286873428,0.0,0.0,0.0,0.0,0.0,0.0,0.0,0.0,-0.27728567863361797,0.0,0.0,0.0,0.0,-0.3229228683951119,0.0,0.0,0.0,0.0,0.0,0.0,0.0,0.0,0.0,0.0,0.0,0.0,0.0,-0.24175600747276782,0.0,0.0,0.0,0.0,0.0,0.0,0.0,0.0,0.0,0.0,0.0,0.0,0.0,0.0,0.0,-0.38082032435863955,0.0,-0.5348890681619062,0.0,0.0,0.0,0.0,0.0,0.0,0.0
-0.2648043997962376,-0.23893674250928829,-0.3720720390340717,0.0,0.0,0.0,0.0,0.0,0.0,0.0,0.0,0.0,0.0,-0.2741643846170516,0.0,-0.2028897507112397,0.0,0.0,0.0,0.0,-0.21200624517699881,0.0,0.0,0.0,0.0,0.0,0.0,0.0,0.0,0.0,0.0,0.0,0.0,0.0,0.0,-0.28592123508589967,0.0,0.0,0.0,0.0,0.0,0.0,0.0,0.0,0.0,0.0,0.0,0.0,0.0,0.0,0.0,0.0,0.0,0.0,0.0,0.0,0.0,0.0,0.0,0.0,0.0,0.0,0.0,0.0,0.0,0.0,-0.21466753374358127,0.0,0.0,0.0,-0.5176401832811272,0.0,-0.6025975048111,0.0,0.0,0.0,0.0,0.0,0.0,0.0
0.0,0.0,0.0,0.0,0.0,0.0,0.0,0.0,0.0,0.0,0.0,0.0,0.0,0.0,0.0,0.0,0.0,0.0,0.0,0.0,0.0,-0.05266247686217931,0.0,0.0,0.0,0.0,-0.2752199497468959,0.0,0.0,0.0,-0.06382480655618633,0.0,0.0,-0.12794159825964024,0.0,-0.11002220897925266,0.0,0.0,0.0,0.0,0.0,0.0,0.0,-0.06603828771877676,0.0,-0.15649443967121401,0.0,0.0,0.0,0.0,-0.0347266107791873,0.0,0.0,0.0,0.0,0.0,0.0,0.0,0.0,0.0,0.0,0.0,0.0,0.0,0.0,0.0,-0.07525694344448489,0.0,0.0,0.0,0.0,0.0,0.0,0.0,0.0,0.0,0.0,0.0,-0.02606273068696985,0.0
-0.11200325006066997,0.0,0.06730463256974414,0.0,0.0,0.0,0.0,0.0,0.0,0.0,0.0,0.0,0.0,0.0,0.0,0.0,0.0,0.0,0.0,0.0,0.0,0.0,0.0,0.0,0.0,0.0,0.0,0.09828715064264477,0.0,0.0,0.0,0.0,0.0,0.0,0.0,-0.07275187731959873,0.0,0.0,0.05355005323533757,0.0,0.0,0.0,0.0,0.0,0.0,0.0,0.0,0.0,0.06433631405548924,0.0,0.0,0.0,0.0,0.0,0.0,0.0,0.0,0.0,0.0,0.10020655601780425,0.0,0.0,0.0,0.0,0.0,0.0,-0.1074687598723336,0.0,0.0,0.0,-0.3231684123609273,0.0,-0.3085763977878126,0.0,0.0,0.0,0.0,0.0,0.0,0.0
0.19044455712042624,0.0,0.08163775560482968,0.0,0.0,0.0,0.0,0.0,0.0,0.0,0.0,0.0,0.0,0.08199960389511432,0.0,0.06507939568454407,0.0,0.0,0.0,0.0,0.0,0.0,0.0,0.0,0.0,0.0,0.12194415724263684,0.0,0.0,0.0,0.0,0.0,0.0,0.0,0.0,0.06679664361594295,0.0,0.0,0.0,0.0,0.0,0.0,0.0,0.0,0.0,0.0,0.0,0.0,0.0,0.0,0.0,0.0,0.0,0.0,0.0,0.06863660085992707,0.0,0.0,0.0,0.0,0.0,0.0,0.0,0.0,0.0,0.0,0.0,0.0,0.0,0.0,0.11284781713746148,0.0,0.5494088735150987,0.0,0.0,0.0,0.0,0.06403519868125707,0.0,0.0
-0.12747192367599958,0.0,-0.04833075072197429,0.0,0.0,0.0,0.0,0.0,0.0,0.0,0.0,0.0,0.0,0.0,0.0,-0.04125621907095603,0.0,0.0,0.0,0.0,-0.11306354402519742,0.0,0.0,0.0,0.0,0.0,0.0,0.0,0.0,0.0,0.0,0.0,0.0,0.0,0.0,-0.04253786155711836,0.0,0.0,0.0,0.0,0.0,0.0,0.0,0.0,0.0,-0.04360842224469176,0.0,0.0,0.0,0.0,0.0,0.0,0.0,0.0,0.0,0.0,0.0,0.0,0.0,0.0,0.0,0.0,0.0,0.0,0.0,0.0,-0.07826715511926131,0.0,0.0,0.0,-0.2840333705006646,0.0,-0.24002877137532527,0.0,-0.05414329538559245,0.0,0.0,0.0,0.0,0.0
-0.22437891515584096,0.0,-0.2511619122477907,0.0,0.0,0.0,0.0,0.0,0.0,0.0,0.0,0.0,0.0,-0.2686937445725993,0.0,0.0,0.0,0.0,0.0,0.0,0.0,0.0,0.0,0.0,0.0,0.0,0.0,0.0,0.0,0.0,0.0,0.0,0.0,0.0,0.0,-0.250928383535675,0.0,0.0,0.0,0.0,0.0,0.0,0.0,0.0,0.0,0.0,0.0,0.0,0.0,0.0,0.0,0.0,0.0,0.0,0.0,-0.21532321539716665,-0.21670979837680937,0.0,0.0,-0.21616472968823758,0.0,0.0,0.0,0.0,0.0,0.0,-0.1998992562629671,0.0,0.0,0.0,-0.5301508365096503,0.0,-0.6227967566514008,0.0,0.0,0.0,0.0,0.0,0.0,0.0
-0.11373270220352551,0.0,0.24194381063269707,0.0,0.0,0.0,0.0,0.0,0.0,0.0,0.0,0.0,0.0,0.0,0.0,0.0,0.0,0.0,0.0,0.0,0.0,0.11262900327724121,0.0,0.0,0.0,0.0,0.0,0.0,0.0,0.0,0.0,0.0,0.0,0.0,0.0,-0.09323445816422916,0.0,0.0,0.0,0.0,0.0,0.0,0.0,0.0,0.0,0.18293942509450545,0.0,0.0,0.0,0.0,-0.05846611464207285,0.0,0.0,0.0,0.0,0.0,0.0,0.0,0.0,0.0,0.0,0.0,0.1624183388009689,0.0,0.0,0.0,-0.11382415133116676,0.0,0.0,0.0,-0.34491666778019514,0.0,-0.3350763980811896,0.0,0.0,0.0,0.0,0.0,0.0,0.0
-0.0868970642194175,0.0,0.0,0.0,0.0,0.0,0.0,0.0,0.0,0.0,0.0,0.0,0.0,0.0,0.0,-0.09341966750982222,0.0,0.0,0.0,0.0,0.0,0.0,0.0,0.0,0.0,0.0,0.0,0.0,0.0,0.0,0.0,0.0,0.0,0.0,0.0,0.0,0.0,0.0,0.0,0.0,0.0,0.0,0.0,0.1714663996593715,0.0,0.0,0.0,0.0,0.0,0.0,0.26847967603099615,0.0,0.0,0.0,0.0,0.0,0.0,0.0,0.0,0.0,0.0,0.0,-0.12547011164484106,0.0,0.0,0.0,0.0,0.0,0.0,0.0,-0.15795169695465835,0.0,-0.14799834497475298,-0.17275217856851693,-0.21857994242872192,0.0,0.0,-0.234184876366943,0.0,0.0
0.0,0.0,0.15839644372758202,0.1311240635243744,0.0,0.0,0.0,0.0,0.0,0.0,0.0,0.13040910769266928,0.0,0.0,0.0,0.0,0.0,0.0,0.0,0.0,0.0,0.0,0.0,0.0,0.0,0.0,0.0,0.14961207340348934,0.0,0.0,0.0,0.0,0.0,0.0,0.0,0.3314013745492306,0.0,0.0,0.0,0.0,0.0,0.2185382748761601,0.0,0.0,0.0,0.0,0.0,0.0,0.0,0.0,0.0,0.0,0.0,0.0,0.0,0.0,0.0,0.0,0.0,0.0,0.0,0.0,0.20312574044451817,0.0,0.2306771533157908,0.0,0.0,0.0,0.12289934629003935,0.0,0.0,0.0,0.0,0.0,0.0,0.0,0.0,0.0,0.10046729414100386,0.0
-0.19409835126241018,0.0,-0.2888896926839248,-0.1243746904422558,0.0,0.0,0.0,0.0,0.0,0.0,0.0,0.0,0.0,-0.21574930778286272,0.0,-0.11350451862449004,0.0,0.0,0.0,0.0,-0.23804586797935315,0.0,0.0,0.0,0.0,0.0,0.0,0.0,0.0,0.0,0.0,0.0,0.0,0.0,0.0,-0.1939978664629901,0.0,0.0,0.0,0.0,0.0,0.0,0.0,0.0,0.0,0.0,0.0,0.0,0.0,0.0,0.0,0.0,0.0,0.0,0.0,0.0,0.0,0.0,0.0,0.0,0.0,0.0,0.0,0.0,0.0,0.0,0.0,0.0,0.0,0.0,-0.4036983845493638,0.0,-0.47141355304193716,0.0,-0.1488567647319697,0.0,0.0,0.0,0.0,0.0
-0.18899691139111363,-0.19317320156152507,-0.22614906593156683,0.0,0.0,0.0,0.0,0.0,0.0,0.0,0.0,0.0,0.0,-0.18238163590374795,0.0,0.0,0.0,0.0,0.0,0.0,-0.2581759800031904,0.0,0.0,0.0,0.0,0.0,0.0,0.0,0.0,0.0,0.0,0.0,0.0,0.0,0.0,-0.21250631485950602,0.0,0.0,0.0,0.0,0.0,0.0,0.0,0.0,0.0,0.0,0.0,0.0,0.0,0.0,0.0,0.0,0.0,0.0,0.0,0.0,0.0,0.0,0.0,0.0,0.0,0.0,0.0,0.0,0.0,0.0,-0.13370431368005653,0.0,0.0,0.0,-0.41702111056968505,0.0,-0.4921469473751712,0.0,-0.17166410919930586,0.0,0.0,0.0,0.0,0.0
-0.15364983877920704,0.0,-0.10952122096959122,0.0,0.0,0.0,0.0,0.0,0.0,0.0,0.0,0.0,0.0,0.0,0.0,0.0,-0.056482804127829134,0.0,0.0,0.0,-0.10549562089295744,-0.0828951871063412,0.0,0.0,0.0,0.0,0.0,0.0,0.0,0.0,0.0,0.0,0.0,0.0,0.0,-0.11247174571437034,0.0,0.0,0.0,0.0,-0.0771163820037166,0.0,0.0,0.0,0.0,0.0,0.0,0.0,0.0,0.0,0.0,0.0,0.0,0.0,0.0,0.0,0.0,0.0,0.0,0.0,0.0,0.0,0.0,0.0,0.0,0.0,-0.12774668808213285,0.0,0.0,0.0,-0.22708320114623196,0.0,-0.07090710769061642,0.0,0.0,0.0,0.0,0.0,0.0,0.0
0.0,0.0,0.0,0.0,0.0,0.0,0.0,0.0,0.0,0.0,0.0,0.0,0.0,-0.12179373366460158,0.0,0.0,0.0,0.0,0.0,0.0,0.0,0.074583818091846,0.0,0.0,0.0,0.09385211839665786,0.0,0.1181058650786336,0.0,0.0,0.0,0.0,0.0,0.0,0.0,0.12086709259990341,0.0,0.0,0.0,0.0,0.0,0.10493161662766139,0.0,0.0,0.0,0.0,0.0,0.0,0.0,0.0,0.0,0.0,0.0,0.0,0.0,0.0,0.0,0.0,0.0,0.0,0.0,0.0,0.11312021489797479,-0.19254199371143008,0.0,0.0,0.0,0.0,0.0,0.0,-0.2924616175227145,0.0,-0.30841541483267243,0.0,0.0,0.0,0.0,0.0,0.0,0.0
-0.1271379599337689,0.0,-0.08330923758393971,-0.05833369789622392,0.0,0.0,0.0,0.0,0.0,0.0,0.0,0.0,0.0,0.0,0.0,0.0,0.0,0.0,0.0,0.0,0.0,0.0,0.0,0.0,0.0,0.0,0.0,0.0,0.0,0.0,0.0,0.0,0.0,0.0,0.0,-0.05950606194208758,0.0,0.0,0.0,0.0,0.0,0.0,-0.04456609695443887,-0.03124885510338027,0.0,0.0,0.0,0.0,0.0,0.0,0.0,0.0,0.0,0.0,0.0,0.0,0.0,0.0,0.0,0.0,0.0,0.0,0.0,0.0,0.0,0.0,-0.10043550710241651,0.0,0.0,0.0,-0.23616982936719344,0.0,-0.30681407951585865,0.0,0.0,0.0,0.0,-0.05790493225321324,0.0,0.0
-0.2414540624390584,0.0,-0.33601297782177647,0.0,0.0,0.0,0.0,0.0,0.0,0.0,0.0,0.0,0.0,-0.2019657222929362,0.0,0.0,0.0,0.0,0.0,0.0,-0.27687767209348835,0.0,0.0,0.0,0.0,0.0,0.0,0.0,-0.17899019861361234,0.0,0.0,0.0,0.0,0.0,0.0,0.0,0.0,0.0,0.0,0.0,0.0,-0.15139873920961344,0.0,0.0,0.0,0.0,0.0,0.0,0.0,0.0,0.0,0.0,0.0,0.0,0.0,0.0,0.0,0.0,0.0,0.0,0.0,-0.17931768916095242,0.0,0.0,0.0,0.0,-0.22075987383312828,0.0,0.0,0.0,-0.49207752438890745,0.0,-0.5196122780814517,0.0,0.0,0.0,0.0,0.0,0.0,0.0
-0.20387004938269934,-0.18482218794328734,0.0,0.0,0.0,0.0,-0.33923128717993273,0.0,0.0,0.0,0.0,0.0,0.0,-0.2806323076942334,0.0,0.0,0.0,0.0,0.0,0.0,0.0,0.0,0.0,0.0,0.0,0.0,0.0,0.0,0.0,0.0,-0.13475566504213043,0.0,0.0,0.0,0.0,-0.22792737813793687,0.0,0.0,-0.14881342180144203,0.0,0.0,0.0,0.0,-0.23134641016088597,0.0,0.0,0.0,0.0,0.0,0.0,0.0,0.0,0.0,0.0,0.0,0.0,0.0,0.0,0.0,0.0,0.0,0.0,0.0,0.0,0.0,0.0,0.0,0.0,0.0,0.0,-0.4389523114875143,0.0,-0.5869547122939596,0.0,0.0,0.0,0.0,0.0,0.0,0.0
-0.10009295112253759,0.0,-0.03586741358446517,0.0,0.0,0.0,0.0,0.0,0.0,0.0,0.0,0.0,0.0,0.0,0.0,0.0,0.0,0.0,0.0,0.0,0.0,0.0,0.0,0.0,0.0,0.0,0.0,0.12214619357145039,-0.0498894978300033,0.0,0.0,0.0,0.0,0.0,0.0,0.0,0.0,0.0,0.0,0.0,0.11323296543541889,0.0,0.0,0.0,0.0,-0.03652858892224775,0.0,0.0,0.0,0.0,0.0,0.0,0.0,0.0,0.0,0.0,0.0,0.0,0.0,0.0,0.0,0.0,0.0,0.0,0.0,0.0,-0.1015482760123881,0.0,0.0,0.0,-0.31793676026644463,0.0,-0.14360836702956517,0.0,0.0,0.0,0.0,0.0,0.0,-0.01757328120331808
-0.11650548814908994,0.0,0.0,0.0,0.0,0.0,0.0,0.0,0.0,0.0,0.0,0.0,-0.32529460222377343,0.0,0.0,0.0,0.0,0.0,0.0,0.0,0.0,0.0,0.0,0.0,0.0,0.0,0.0,0.0,0.0,0.0,0.0,0.0,-0.10628645073298693,0.0,-0.12638120216684345,0.0,0.0,0.0,0.0,0.0,0.0,0.0,0.0,-0.11045077708440147,0.0,0.0,0.0,0.0,-0.15489832716936147,0.0,0.0,0.0,0.0,0.0,0.0,0.0,0.0,0.0,0.0,0.0,0.0,0.0,0.0,0.0,0.0,0.0,-0.10918061826679311,0.0,0.0,0.0,-0.19031775985367552,0.0,-0.17936414813266033,0.0,0.0,0.0,0.0,0.0,0.0,-0.08442127235627028
0.0,0.0,0.0,0.20623853141971255,0.0,0.0,0.0,0.0,0.0,0.0,0.0,0.0,0.0,0.13081233156093308,0.0,0.0,0.23480365007440393,0.0,0.0,0.0,0.0,0.0,0.0,0.0,0.0,0.0,0.0,0.0,0.0,0.0,0.0,0.0,0.0,0.0,0.0,0.0,0.0,0.0,0.0,0.0,0.0,0.0,0.2656374106694483,0.0,0.0,0.0,0.0,0.0,0.0,0.0,0.1589177881925093,0.0,0.0,0.0,0.0,0.0,0.0,0.0,0.0,0.16389768835030433,0.0,0.0,0.0,0.0,0.0,0.0,0.0,0.0,0.0,0.0,0.36435168598383444,0.0,0.32153764099147203,0.0,0.0,0.0,0.0,0.0,0.2503489428317599,0.18666106925840187
-0.08210354584685887,0.0,0.0,0.0,0.0,0.0,0.0,0.0,0.0,0.0,0.0,0.0,0.0,-0.07631666105446439,0.0,-0.04019440925229358,0.0,0.0,0.0,0.0,0.0,0.0,0.0,0.0,0.0,0.0,0.0,0.0,0.0,0.0,0.0,0.0,0.0,0.0,0.0,-0.08823168211272486,0.0,0.0,-0.06009502803105007,0.0,0.0,0.0,0.0,-0.039511562895983676,0.0,0.0,0.0,0.0,0.0,0.0,0.0,0.0,0.0,0.0,0.0,0.0,0.0,0.0,0.0,0.0,0.0,0.0,0.0,0.0,0.0,0.0,-0.029680537494582993,0.0,0.0,0.0,-0.2702989645797194,0.0,-0.3893110216340678,0.0,-0.19856019976199596,0.0,0.0,0.0,0.0,0.0
0.0,0.0,0.1154216490593555,0.31186253409721865,0.0,0.0,0.0,0.0,0.0,0.0,0.0,0.0,0.0,0.0,0.0,0.0,0.0,0.0,0.0,0.0,0.0,0.0,0.0,0.0,0.0,0.0,0.0,0.0,0.0,0.0,0.0,0.0,0.0,0.0,0.0,0.1895166322543223,0.0,0.0,0.0,0.0,0.0,0.20185157148113317,0.0,0.0,0.0,0.0,0.0,0.0,0.0,0.0,0.3434695578656599,0.0,0.0,0.0,0.0,0.0,0.0,0.0,0.0,0.0,0.0,0.0,0.1302075341533957,0.0,0.15465391855542748,0.0,0.0,0.0,0.16407987418718842,0.0,0.0,0.0,0.0,0.0,0.0,0.0,0.0,0.0,0.5128598393673097,0.23964604257826447
