dataset,MAE_mean,MAE_ci,MSE_mean,MSE_ci,RMSE_mean,RMSE_ci,R2_mean,R2_ci,MAPE_mean,MAPE_ci,model
descriptors_only.csv,0.6159298223086406,0.009387558609268,0.6414868033995975,0.0218364544356215,0.8008078363288973,0.0136361875883217,0.7815105391308996,0.007929663749509,7.363847090395135,0.1275792322755641,polynomial_regression
raw_descs_and_ratios.csv,0.5296059693416002,0.0084332780857649,0.4841997340582573,0.0174076090099396,0.6957268532586113,0.0125455201760689,0.8350037254544688,0.0079228342009957,6.3068419995765925,0.100836784543718,polynomial_regression
raw_descs_and_interactions.csv,0.5390982964952004,0.0571110380519939,0.6671885260122228,0.1920950845331065,0.8087432845146723,0.1122638047830324,0.7715838061257747,0.0704723304555938,6.427582328839078,0.7649083132987838,polynomial_regression
transforms_and_interactions.csv,0.5390982964952004,0.0571110380519939,0.6671885260122228,0.1920950845331065,0.8087432845146723,0.1122638047830324,0.7715838061257747,0.0704723304555938,6.427582328839078,0.7649083132987838,polynomial_regression
transforms_and_ratios.csv,0.525462403108633,0.008032719880645,0.4793053572312792,0.013235911138154,0.6922500964871782,0.0095599562466961,0.8367248042848644,0.0056636257123168,6.2628227607571585,0.1198284687975793,polynomial_regression
raw_descs_and_transforms.csv,0.5607806097078064,0.0077422323454694,0.5425512944956714,0.0179145364121263,0.7364755461480078,0.0122034368342306,0.8152651400949639,0.0048363382413658,6.580872464454157,0.1211446252173777,polynomial_regression
ratios_only.csv,0.524034005126729,0.007520773971283,0.4753206631310095,0.0138828772167555,0.6893582436359121,0.0100837696203373,0.8380447324026408,0.0067083283030244,6.258333753767315,0.0862066815357508,polynomial_regression
interactions_only.csv,0.5390982964952004,0.0571110380519939,0.6671885260122228,0.1920950845331065,0.8087432845146723,0.1122638047830324,0.7715838061257747,0.0704723304555938,6.427582328839078,0.7649083132987838,polynomial_regression
transformations_only.csv,0.5631641188445243,0.005383678560443,0.6107703079283341,0.1381637991368771,0.7769927154898693,0.0823003276728241,0.7917077182276521,0.0486515674337814,6.634754926665279,0.0774050966858316,polynomial_regression
all_4_combined.csv,0.510560968213188,0.0045872336891862,0.4547091405018398,0.0074195834032835,0.6742977189152949,0.0055199988657494,0.8451171546206281,0.0036971716907629,6.060186867314149,0.0799966549775459,polynomial_regression
interactions_and_ratios.csv,0.5109012484176789,0.0047320965096529,0.4548529488182746,0.0062398123009541,0.6744112369719748,0.0046415457062197,0.8450698829140556,0.0033669482767977,6.062208909881192,0.0856548816802195,polynomial_regression
descriptors_only.csv,0.5229567439645741,0.0081526319498404,0.4768169329106579,0.0194511319408898,0.6903682504632114,0.0141545272321943,0.8376293951061031,0.0062197834911349,6.13337994945215,0.1308581008989877,stacked_model
raw_descs_and_ratios.csv,0.4644192521991858,0.007653244435015,0.3798053336286409,0.0165016414684054,0.6161324715800949,0.0133694088856616,0.8706010907323964,0.0065298492605356,5.486662655010075,0.0942459838347393,stacked_model
raw_descs_and_interactions.csv,0.4805346765075575,0.0092027195527388,0.4015998048780392,0.0146068359171905,0.6336095666969928,0.0115424642997956,0.8632132538201425,0.0053493161672644,5.671244425535939,0.129897942747509,stacked_model
transforms_and_interactions.csv,0.4805346765075575,0.0092027195527388,0.4015998048780392,0.0146068359171905,0.6336095666969928,0.0115424642997956,0.8632132538201425,0.0053493161672644,5.671244425535939,0.1298979427475089,stacked_model
transforms_and_ratios.csv,0.46319215975485,0.0081417063743368,0.3786080120858024,0.0166927114118978,0.6151553596440305,0.0135755855041243,0.8709951648129032,0.0068206354994619,5.461850853666778,0.0996058722372338,stacked_model
raw_descs_and_transforms.csv,0.5279011984959676,0.0063752805358026,0.4840452037426108,0.0156766272183857,0.6956383284997172,0.0112814842111762,0.8351293360993413,0.0058786323460322,6.190515178037442,0.1032484633493771,stacked_model
ratios_only.csv,0.4622394203955646,0.0087931166130829,0.3775435900678599,0.0170647549539762,0.6142826260787262,0.0138747154638464,0.8713676501390492,0.0067544508856766,5.4524431436071215,0.1079042100377305,stacked_model
interactions_only.csv,0.4805346765075576,0.0092027195527388,0.4015998048780392,0.0146068359171905,0.6336095666969928,0.0115424642997956,0.8632132538201425,0.0053493161672644,5.671244425535939,0.1298979427475089,stacked_model
transformations_only.csv,0.5262786787446312,0.0073608291954552,0.482221538742947,0.0182540646993419,0.6942921725362977,0.0131450807918025,0.8357674995348839,0.0062719123241444,6.172659775836899,0.1122003652514848,stacked_model
all_4_combined.csv,0.4663860413550441,0.0082606265977098,0.3845870963610017,0.0132354872891064,0.6200551298497522,0.010678506853089,0.8689574783226206,0.0059775303342872,5.499503594081017,0.1152735816057705,stacked_model
interactions_and_ratios.csv,0.4665186433908774,0.0083161848528076,0.3845493306378433,0.0124406038728616,0.620035769122852,0.0100408471003286,0.8689760778366192,0.0056639390787537,5.5000417119008045,0.1177206375872436,stacked_model
descriptors_only.csv,0.5167726090674549,0.0091226629130273,0.4639504667490611,0.0170419691397226,0.6810187144751769,0.0125492542888648,0.8420174344961625,0.0051772675860679,6.053619636633336,0.1452024340737895,xgboost
raw_descs_and_ratios.csv,0.447898447544899,0.008665482013447,0.3569597576337504,0.0156451673979041,0.5973116985374822,0.0130929035751138,0.8784053439238353,0.0057984726530151,5.285839388725145,0.1204180085260737,xgboost
raw_descs_and_interactions.csv,0.4577753306934209,0.0087053614078886,0.3734961487099476,0.0158966789552307,0.6109987803109398,0.013024755560826,0.8727591584912462,0.0062044203565516,5.414538918301591,0.1246762788157045,xgboost
transforms_and_interactions.csv,0.4577753306934209,0.0087053614078886,0.3734961487099476,0.0158966789552307,0.6109987803109398,0.013024755560826,0.8727591584912462,0.0062044203565516,5.414538918301591,0.1246762788157045,xgboost
transforms_and_ratios.csv,0.4458006840338382,0.0082489326103655,0.3533971761266653,0.0149843411940447,0.5943336072907415,0.0125783819440786,0.8796319649091098,0.0053381750453073,5.258657194225991,0.1135921627886602,xgboost
raw_descs_and_transforms.csv,0.519958199423694,0.0087322917620565,0.4710235914991946,0.0159787167382464,0.6862076701188172,0.0117037182346023,0.8395786112054017,0.0056230383612659,6.096073942927136,0.133941733184438,xgboost
ratios_only.csv,0.4449787198917552,0.0066895840789276,0.3537555250619925,0.0127862220919783,0.5946728008390323,0.0107257409107602,0.8794999225746792,0.0048667922238104,5.248863926844522,0.0980121356617123,xgboost
interactions_only.csv,0.4577753306934209,0.0087053614078886,0.3734961487099476,0.0158966789552307,0.6109987803109398,0.013024755560826,0.8727591584912462,0.0062044203565516,5.414538918301591,0.1246762788157045,xgboost
transformations_only.csv,0.5177666385247808,0.0071917853911011,0.4678802467899514,0.0125630559383458,0.6839530248085968,0.0092196410979717,0.8406538246879895,0.0043384690070886,6.070523067272414,0.1191854089570206,xgboost
all_4_combined.csv,0.4470290563026542,0.0080016776261803,0.3601181405143122,0.0125212571378094,0.6000035986953278,0.0104553676700655,0.8773155257939876,0.0051869653315316,5.26923286793973,0.1197822541153886,xgboost
interactions_and_ratios.csv,0.4478395282360144,0.0080465899990153,0.3606615231647876,0.0131497594738264,0.6004468954973237,0.0109588739320313,0.8771288372604541,0.0053808109519639,5.279459978941206,0.1184722068278596,xgboost
descriptors_only.csv,0.508739735048608,0.0072902348801184,0.4511024452254419,0.0124652469629928,0.6715745669427056,0.0092994854275724,0.8463447584646857,0.0049936122098482,5.953467941944056,0.1195374449915743,catboost
raw_descs_and_ratios.csv,0.4489628589979585,0.006946610040219,0.3561632733800604,0.0127314331698792,0.5966948618722994,0.0106687390785301,0.878661887113356,0.0052726223829636,5.292823809250704,0.0962649893469688,catboost
raw_descs_and_interactions.csv,0.4596186717565758,0.0075600968208362,0.3716290944517585,0.012962770955614,0.6095172310138655,0.0106382847682494,0.8733905033344469,0.0054531231952487,5.436310970678477,0.1061213014950613,catboost
transforms_and_interactions.csv,0.4596186717565758,0.0075600968208362,0.3716290944517585,0.012962770955614,0.6095172310138655,0.0106382847682494,0.8733905033344469,0.0054531231952487,5.436310970678477,0.1061213014950613,catboost
transforms_and_ratios.csv,0.4486675170271003,0.0059388434806212,0.3576784136462409,0.0117922144482912,0.5979774109155486,0.0098698057534783,0.878161960342595,0.0046311790851936,5.284788029353409,0.0879391152234156,catboost
raw_descs_and_transforms.csv,0.5163626492329958,0.009400862756815,0.465562938242979,0.0160858409636705,0.6822148617136614,0.0118341117228645,0.8414084787182581,0.0063677842220409,6.048896524984682,0.1390079587810707,catboost
ratios_only.csv,0.4470607944359277,0.0066952936414801,0.3559998462751054,0.0145264967111541,0.5965281029327547,0.0121641919816579,0.8787251858018573,0.0056188354910496,5.275583117744627,0.0851310340052526,catboost
interactions_only.csv,0.4596186717565758,0.0075600968208362,0.3716290944517585,0.012962770955614,0.6095172310138655,0.0106382847682494,0.8733905033344469,0.0054531231952487,5.436310970678477,0.1061213014950613,catboost
transformations_only.csv,0.5139972123696553,0.0068126610698901,0.4621300891586042,0.0110518041629415,0.6797508798485847,0.0081304868079064,0.8425973102644703,0.0043400825884437,6.017527354046199,0.1046384561977351,catboost
all_4_combined.csv,0.4464986944882118,0.0095328605032735,0.3590208610309875,0.0141101042569678,0.5990624942122109,0.0118003174739729,0.8776974453054784,0.0054677593065718,5.264409237217491,0.1326503412094813,catboost
interactions_and_ratios.csv,0.4480109682870326,0.0073261815634406,0.3580955465934507,0.0112410273555535,0.5983342259746903,0.0093845232238231,0.8780306253329335,0.0041916844548159,5.287936350894272,0.116549885562894,catboost
descriptors_only.csv,0.5257519866779405,0.009125571485491,0.4771133831990359,0.0179496874249057,0.6906060242020328,0.0130270915601022,0.8374862407027198,0.0066863477734269,6.14853408158852,0.1428484496379856,gradient_boosting
raw_descs_and_ratios.csv,0.4550938494515942,0.0084260084085144,0.3651011771730684,0.0161820817024563,0.6040817882828413,0.0133787135646561,0.875620834973508,0.0061971403643304,5.3665918086133875,0.1058879357664334,gradient_boosting
raw_descs_and_interactions.csv,0.4688870274895585,0.007035411366693,0.3866681706021585,0.0132089399707855,0.6217316069792646,0.0106445994536329,0.8682939262002776,0.005038242048666,5.541731422730246,0.116649294745453,gradient_boosting
transforms_and_interactions.csv,0.4688870274895585,0.007035411366693,0.3866681706021585,0.0132089399707855,0.6217316069792646,0.0106445994536329,0.8682939262002776,0.005038242048666,5.541731422730246,0.116649294745453,gradient_boosting
transforms_and_ratios.csv,0.4547571621411096,0.0078840790433998,0.3658835107740176,0.0162886963991948,0.604727443997694,0.013445273211512,0.8753687538094393,0.0059623091488373,5.357892478869297,0.1099161876174943,gradient_boosting
raw_descs_and_transforms.csv,0.5294639813476709,0.0085977618887927,0.4866359309421724,0.0178987018148502,0.6974691385060536,0.0128798911312753,0.8342347988086415,0.0068631398406737,6.198734483321884,0.1242210708417407,gradient_boosting
ratios_only.csv,0.4546153269729059,0.0077495050860747,0.3654563402365297,0.0156012216075563,0.6043866126978183,0.0128959446381776,0.8755122509150354,0.005791338618147,5.355700685032805,0.1090204610567749,gradient_boosting
interactions_only.csv,0.4688870274895585,0.007035411366693,0.3866681706021585,0.0132089399707855,0.6217316069792646,0.0106445994536329,0.8682939262002776,0.005038242048666,5.541731422730246,0.116649294745453,gradient_boosting
transformations_only.csv,0.528858000893668,0.0095653818687189,0.4835085757965854,0.0148888842951321,0.6952606603871887,0.0107884565132997,0.8353245856632613,0.0053727961347281,6.195217258731234,0.1439439477343759,gradient_boosting
all_4_combined.csv,0.455778896948415,0.0085403998580272,0.3735663060884439,0.0149940497223563,0.6110726013008853,0.012263008583213,0.8727339708630195,0.00591992267883,5.3695536557035854,0.1247839859948449,gradient_boosting
interactions_and_ratios.csv,0.4558565854235982,0.0086979594938576,0.3736070364815596,0.0148120537299492,0.6111089302712359,0.0121184370305273,0.8727191940511565,0.0058874138226155,5.370584961440845,0.126982390896109,gradient_boosting
descriptors_only.csv,0.8007620298248993,0.0127612665256151,1.0543246489962197,0.0486951206635631,1.0265231523116485,0.0234968517147774,0.6408164581416622,0.0188523210304054,9.713956734412545,0.1148802489258632,elastic_net_regression
raw_descs_and_ratios.csv,0.5300379569251916,0.0080059005534749,0.4843809525382699,0.0164124375962561,0.6958704425072114,0.0118121422137322,0.8349489950490717,0.0075486014720024,6.3070369842808285,0.0966373938243694,elastic_net_regression
raw_descs_and_interactions.csv,0.6127803343727056,0.0102706133449443,0.639051503372998,0.0302899778842921,0.7991729059221151,0.018956600127799,0.7821040435036977,0.0145978693563983,7.43910782907612,0.0848905000322677,elastic_net_regression
transforms_and_interactions.csv,0.6127803343727056,0.0102706133449443,0.639051503372998,0.0302899778842921,0.7991729059221151,0.018956600127799,0.7821040435036977,0.0145978693563983,7.43910782907612,0.0848905000322677,elastic_net_regression
transforms_and_ratios.csv,0.5261730640500428,0.0082756064179743,0.4785708174290016,0.0140105277932524,0.6917110156491137,0.0101224208384006,0.8369734096081138,0.0059149698442697,6.265310353469232,0.1255035242474394,elastic_net_regression
raw_descs_and_transforms.csv,0.7247794750456995,0.0084981318978253,0.8620335540287382,0.0262685595758038,0.9283470442643867,0.0140423924142516,0.7063492874268575,0.0109659125757734,8.668402699166913,0.086342944888922,elastic_net_regression
ratios_only.csv,0.5245242947288752,0.0080702831337657,0.4748051521470219,0.014470732025857,0.6889777076722071,0.0105034092966495,0.8382314468886453,0.0066007514639014,6.2562418700393705,0.0983857628624744,elastic_net_regression
interactions_only.csv,0.6127803343727056,0.0102706133449443,0.639051503372998,0.0302899778842921,0.7991729059221151,0.018956600127799,0.7821040435036977,0.0145978693563983,7.43910782907612,0.0848905000322677,elastic_net_regression
transformations_only.csv,0.7164294306326097,0.0101076526305977,0.846621335673791,0.0299105472057979,0.919973246249951,0.0161197893452907,0.7115908398272206,0.0121121453193298,8.561929251669785,0.1232966110679398,elastic_net_regression
all_4_combined.csv,0.5113502947164013,0.0051800469520613,0.4556588771174571,0.0051426286886825,0.6750138872628728,0.0038118245738292,0.8447884340808285,0.0034419677899993,6.0711757242414635,0.0896974320271181,elastic_net_regression
interactions_and_ratios.csv,0.5118243059842605,0.0055011489375618,0.4557372135712411,0.0040627499505663,0.6750761196116308,0.0030120139128262,0.8447623018682295,0.0032526527670468,6.074282673467537,0.0977023214395119,elastic_net_regression
descriptors_only.csv,0.8008936719254155,0.012496338077271,1.0546899736899091,0.0484242957807466,1.026704222457647,0.023364590981999,0.6406931347947525,0.0187513360914573,9.715616482245228,0.1119180537930263,lasso_regression
raw_descs_and_ratios.csv,0.529840407424115,0.0082492177949228,0.4838245796128474,0.0171992112842612,0.6954603323222037,0.0123769685417603,0.8351407837869733,0.007698395740422,6.299665065202804,0.0998816384527293,lasso_regression
raw_descs_and_interactions.csv,0.6133866647687263,0.0101008087093503,0.6390554638751651,0.0294331764081557,0.799188080701672,0.0184353483334849,0.7821076208192779,0.014308444929991,7.450175170524055,0.0849292368719303,lasso_regression
transforms_and_interactions.csv,0.6133866647687263,0.0101008087093503,0.6390554638751651,0.0294331764081557,0.799188080701672,0.0184353483334849,0.7821076208192779,0.014308444929991,7.450175170524055,0.0849292368719303,lasso_regression
transforms_and_ratios.csv,0.5262868386870967,0.0082899934692114,0.4786468223529782,0.0134337048431819,0.6917721852623429,0.0097047738122795,0.8369504922846837,0.005688510827291,6.266655804279509,0.1257773899013774,lasso_regression
raw_descs_and_transforms.csv,0.7248854066020677,0.0085430941986584,0.8619051139535376,0.0265491662360951,0.9282754388302864,0.0141955839156112,0.7063945420257728,0.0110060447572427,8.670623577521335,0.085610200155941,lasso_regression
ratios_only.csv,0.5245843858284458,0.00810990802923,0.4746755802459927,0.0146324998116539,0.688881860068008,0.0106167573143058,0.838276226452549,0.00662763980132,6.255934840899468,0.0980398706118853,lasso_regression
interactions_only.csv,0.6133866647687263,0.0101008087093503,0.6390554638751651,0.0294331764081557,0.799188080701672,0.0184353483334849,0.7821076208192779,0.014308444929991,7.450175170524055,0.0849292368719303,lasso_regression
transformations_only.csv,0.7161708873621287,0.0102095321922936,0.8467489725662414,0.0303129207547085,0.9200386733791728,0.0163343409918301,0.7115497163220554,0.0121784712589206,8.554578166282731,0.1241574681740419,lasso_regression
all_4_combined.csv,0.5141945686820283,0.0049410575522547,0.4592853665976812,0.00526018158926,0.6776944001143371,0.0038789498522807,0.8435525799831531,0.0034931692096565,6.105294672314154,0.0890305448842039,lasso_regression
interactions_and_ratios.csv,0.5148853556905173,0.0048344695860375,0.4593767378331383,0.0047290552665639,0.6777640205370007,0.0034883455722628,0.8435139092721103,0.0037203069495524,6.108036827997988,0.0912506874819212,lasso_regression
descriptors_only.csv,0.5381875410969645,0.0058570505663153,0.501473702380893,0.0131705016677715,0.7080844897231744,0.0093000809516845,0.8292045708371703,0.0048074190696402,6.321110453987827,0.0956354372810008,support_vector_regression
raw_descs_and_ratios.csv,0.4638199224496634,0.0091137613593347,0.3935757323992987,0.0174860697705123,0.6271937801592888,0.0139867160355816,0.8658479251881331,0.00792166289011,5.511963322142298,0.1127614426705724,support_vector_regression
raw_descs_and_interactions.csv,0.4737680511594729,0.0073709494949367,0.3948734161243669,0.014924179904365,0.628272456843207,0.0118873675447332,0.8654396823348269,0.0067158680563863,5.638745170899972,0.0997549750670374,support_vector_regression
transforms_and_interactions.csv,0.4737680511594729,0.0073709494949367,0.3948734161243669,0.014924179904365,0.628272456843207,0.0118873675447332,0.8654396823348269,0.0067158680563863,5.638745170899972,0.0997549750670374,support_vector_regression
transforms_and_ratios.csv,0.4631455090791473,0.009264791754337,0.3959716868739812,0.0150567804478845,0.6291435438550057,0.0120060239381585,0.8650468403031862,0.0070911393614419,5.511597642462201,0.1161614496281341,support_vector_regression
raw_descs_and_transforms.csv,0.5264426368917985,0.0116598387345079,0.4875197490328653,0.0122408850528124,0.6981688471374634,0.0087659298875887,0.8339571177984988,0.004560609800312,6.160487383870824,0.1758866801860816,support_vector_regression
ratios_only.csv,0.4632485363445278,0.0088717377903679,0.3963262400764352,0.0140483832243073,0.629440048356911,0.0112365280709635,0.8649256218250617,0.0068514340102915,5.518670236355481,0.1130770618597207,support_vector_regression
interactions_only.csv,0.4737680511594729,0.0073709494949367,0.3948734161243669,0.014924179904365,0.628272456843207,0.0118873675447332,0.8654396823348269,0.0067158680563863,5.638745170899972,0.0997549750670374,support_vector_regression
transformations_only.csv,0.5221397799730408,0.0087250066591343,0.4920594559095675,0.0143965515102457,0.7013910335079168,0.0102817845193888,0.832395607879161,0.0056340568010208,6.100458573373684,0.122327768592666,support_vector_regression
all_4_combined.csv,0.4601163501948113,0.0109039111953902,0.3869077601258218,0.0176733032233929,0.6218504437177355,0.0141943036895685,0.8681257854192894,0.0078459830142022,5.475935247343611,0.1299696309770921,support_vector_regression
interactions_and_ratios.csv,0.4609026732469592,0.0112834562741462,0.388087503725375,0.0187965260676476,0.6227774540488538,0.0150469563112408,0.8677181115638852,0.0082370208199216,5.480582069488919,0.1316276524890316,support_vector_regression
descriptors_only.csv,0.5185922643462546,0.0082670093039821,0.4673377803345493,0.0150119391869012,0.6835289139102967,0.011000655321685,0.8408390590176719,0.0051354653148496,6.075301087213048,0.1352631788011589,lightgbm
raw_descs_and_ratios.csv,0.4496754468983973,0.0065477409655094,0.357945846963383,0.0154917735883995,0.5981403271079294,0.0129269411307679,0.878059864344954,0.0059371695681939,5.301505444523162,0.0835250356934109,lightgbm
raw_descs_and_interactions.csv,0.4626292310565817,0.0077486444791529,0.377683715616404,0.0133272898270179,0.6144598050930584,0.0108626951151721,0.8713300169438807,0.0055606094029147,5.4692196644596835,0.1160495073521208,lightgbm
transforms_and_interactions.csv,0.4626292310565817,0.0077486444791529,0.377683715616404,0.0133272898270179,0.6144598050930584,0.0108626951151721,0.8713300169438807,0.0055606094029147,5.4692196644596835,0.1160495073521208,lightgbm
transforms_and_ratios.csv,0.4467005365656601,0.0075629844172826,0.3553044180957486,0.0146731110349008,0.5959417410602856,0.0123129252095466,0.8789666427481035,0.0055582739433632,5.261380583355974,0.1063620690901911,lightgbm
raw_descs_and_transforms.csv,0.523083835914153,0.0078447004087682,0.4733628047441685,0.0116100327092684,0.6879593643613096,0.0084710630722459,0.8387727886911991,0.0045107016211155,6.130808434287518,0.1258697986109558,lightgbm
ratios_only.csv,0.4481875617269119,0.0078787565311918,0.3569569829186457,0.0142566968504026,0.5973343181844378,0.0119501843652033,0.8784016138780114,0.0054789360443571,5.279414117199397,0.1142448372825292,lightgbm
interactions_only.csv,0.4626292310565817,0.0077486444791529,0.377683715616404,0.0133272898270179,0.6144598050930584,0.0108626951151721,0.8713300169438807,0.0055606094029147,5.4692196644596835,0.1160495073521208,lightgbm
transformations_only.csv,0.5230120645676637,0.0082157016503933,0.4739816421833424,0.0122321578177881,0.6884033975167355,0.0088961370108513,0.8385530760189113,0.004952477642381,6.128384284436881,0.1294432122918724,lightgbm
all_4_combined.csv,0.4504244783174328,0.007391533759491,0.363757851238974,0.0117369182418373,0.6030416565026014,0.0097317385812736,0.876097472165295,0.0044757749507542,5.310985891806927,0.1148531482717108,lightgbm
interactions_and_ratios.csv,0.4507654120667753,0.0086882885004728,0.3637405084803835,0.0130411612818145,0.6030073416249391,0.0108534469872959,0.8761038109191549,0.0048800121295771,5.3159117430787255,0.1286193056072512,lightgbm
descriptors_only.csv,0.8007613156696616,0.0127718274120996,1.054318870251277,0.0487107519565191,1.026520160323379,0.0235042882296843,0.6408182513266414,0.0188600539248156,9.71393406648883,0.115039516576184,ridge_regression
raw_descs_and_ratios.csv,0.5297795132648881,0.0082011632993003,0.4843530543997727,0.016868152380292,0.6958443823332787,0.0121476514594812,0.8349550522731896,0.007725369236163,6.304874757226196,0.0980761127043338,ridge_regression
raw_descs_and_interactions.csv,0.6125288576588586,0.0100810565083337,0.6393528647280562,0.030656196606683,0.7993559336870588,0.0191778765627445,0.7819982992618048,0.0147358983996224,7.435886579515814,0.0828293262161624,ridge_regression
transforms_and_interactions.csv,0.6125288576588586,0.0100810565083337,0.6393528647280562,0.030656196606683,0.7993559336870588,0.0191778765627445,0.7819982992618048,0.0147358983996224,7.435886579515814,0.0828293262161624,ridge_regression
transforms_and_ratios.csv,0.5259335038028911,0.0084211557275155,0.479780502469234,0.0135231894212629,0.6925901765382388,0.009768089814258,0.8365604578101623,0.0058134178222505,6.268238439108525,0.1246448725434748,ridge_regression
raw_descs_and_transforms.csv,0.7247603174471877,0.0084346130166307,0.8620693045281176,0.0260297912064917,0.9283682902053092,0.0139153881555955,0.7063377855517963,0.0108822793687289,8.667875432497684,0.0856846851370536,ridge_regression
ratios_only.csv,0.5242498823518738,0.0078638771578528,0.4759153958472202,0.0144488960902853,0.6897831779107956,0.0104893570389827,0.8378459906906659,0.0067539303877736,6.260079727743458,0.0894026544734799,ridge_regression
interactions_only.csv,0.6125288576588586,0.0100810565083337,0.6393528647280562,0.030656196606683,0.7993559336870588,0.0191778765627445,0.7819982992618048,0.0147358983996224,7.435886579515814,0.0828293262161624,ridge_regression
transformations_only.csv,0.7164660998663298,0.0101728994733805,0.8466661263999675,0.0299939960780637,0.9199967894194908,0.0161635799570344,0.7115754688674045,0.012139074878664,8.561970047001132,0.1232678702809148,ridge_regression
all_4_combined.csv,0.5109882491356806,0.0048066114267321,0.4550280648179806,0.0065086707022465,0.674539634050938,0.0048355738724477,0.8450058733510684,0.0035989525879289,6.0668168509679266,0.0843055555401786,ridge_regression
interactions_and_ratios.csv,0.5113122068533165,0.0050070458008768,0.4550097991393532,0.0056162423426575,0.6745306905405165,0.0041746916795007,0.8450143647815042,0.0033286140324709,6.068192047382697,0.0909387899410649,ridge_regression
descriptors_only.csv,0.6568074648929273,0.0117182831117933,0.7049947008333712,0.0291877903909194,0.8394514338331709,0.0174206148708956,0.7599693664286907,0.0083464390969116,7.8940158788807056,0.1155544616763539,adaboost
raw_descs_and_ratios.csv,0.600601688460668,0.0080525656308694,0.5824026484331416,0.020412641947319,0.7630316488093085,0.013342092605331,0.8016520663893673,0.0070141181862787,7.242399234304462,0.0832655204610975,adaboost
raw_descs_and_interactions.csv,0.6074098904664142,0.0115285853913306,0.5973543614359831,0.0229914959063099,0.772739520960855,0.0147974866648692,0.7965385535361966,0.0084199514565467,7.2898426322386864,0.1232005617366482,adaboost
transforms_and_interactions.csv,0.6074098904664142,0.0115285853913306,0.5973543614359831,0.0229914959063099,0.772739520960855,0.0147974866648692,0.7965385535361966,0.0084199514565467,7.2898426322386864,0.1232005617366482,adaboost
transforms_and_ratios.csv,0.5975750367771987,0.0090160316765003,0.5764030215157012,0.0231076387918945,0.7590539345158799,0.0151867122709833,0.8037057386521363,0.0076769788401043,7.198408089862101,0.0965172553291027,adaboost
raw_descs_and_transforms.csv,0.6571760926155419,0.0096781517068322,0.7062810826026986,0.0267675759756706,0.8402477891722031,0.0159452774301437,0.7595128140969006,0.0078167488835505,7.873718389743873,0.0943687608656136,adaboost
ratios_only.csv,0.6008998143731267,0.0108369161849349,0.5814338316580134,0.0251911399972425,0.7623321122045589,0.016503105716903,0.8020103376678691,0.0080025497549888,7.248407234027035,0.1253151519833062,adaboost
interactions_only.csv,0.6074098904664142,0.0115285853913306,0.5973543614359831,0.0229914959063099,0.772739520960855,0.0147974866648692,0.7965385535361966,0.0084199514565467,7.2898426322386864,0.1232005617366482,adaboost
transformations_only.csv,0.653414384415742,0.0090025125674219,0.7009629075338176,0.0290032288742949,0.8370494168363599,0.0172875252115896,0.7612920154130277,0.0095347759462207,7.831625291971582,0.0814980291738858,adaboost
all_4_combined.csv,0.6078229189735385,0.0095879861261468,0.5893339569287621,0.0195616155038725,0.7675713790115681,0.0127073562561422,0.7992825270431992,0.0069793216519039,7.347229412565897,0.0965352936195095,adaboost
interactions_and_ratios.csv,0.6068149207253232,0.0089831412650443,0.5885158094345839,0.018606747162808,0.7670488958815548,0.0120743302637214,0.7995448856251959,0.0071079757568201,7.331073047265855,0.0912219371054851,adaboost
descriptors_only.csv,0.6031190167463845,0.0076758245636698,0.6255085971430342,0.0174986459606336,0.7908089684986204,0.0111639372431531,0.7869945357978311,0.0052559405136713,7.075810222022973,0.1307499989972891,decision_tree
raw_descs_and_ratios.csv,0.5651383492188076,0.0097494987142872,0.5563179004875576,0.0237474719045598,0.7456925647726731,0.015817191812395,0.8105174746882039,0.0085701385566726,6.691801421538164,0.1356134765254882,decision_tree
raw_descs_and_interactions.csv,0.5785019490562167,0.0102383076609945,0.5771966814356254,0.0251636486794385,0.7595473923427262,0.0165280485308804,0.803321854823327,0.0104756294826886,6.835861476590466,0.1133863428933703,decision_tree
transforms_and_interactions.csv,0.5785019490562167,0.0102383076609945,0.5771966814356254,0.0251636486794385,0.7595473923427262,0.0165280485308804,0.803321854823327,0.0104756294826886,6.835861476590466,0.1133863428933703,decision_tree
transforms_and_ratios.csv,0.5645666333724366,0.0092938130008568,0.5491920202711743,0.016734059720572,0.7409845455089303,0.0113410852218526,0.812969901986796,0.0055265519652614,6.683360601369381,0.132726677213696,decision_tree
raw_descs_and_transforms.csv,0.6049843131744134,0.0093851997362001,0.628743190600586,0.0188571540753381,0.7928387348553959,0.011999743388397,0.7858887433631008,0.005902464212735,7.112743816103436,0.1590928854757222,decision_tree
ratios_only.csv,0.5640013231126456,0.0089533685577163,0.5464303543604188,0.015891990647859,0.7391274140844044,0.0107808957415897,0.8139095698091161,0.0052697475460242,6.675468540683139,0.1283440367951818,decision_tree
interactions_only.csv,0.5785019490562167,0.0102383076609945,0.5771966814356254,0.0251636486794385,0.7595473923427262,0.0165280485308804,0.803321854823327,0.0104756294826886,6.835861476590466,0.1133863428933703,decision_tree
transformations_only.csv,0.6035245995555958,0.0064890757913692,0.6244235804169362,0.0150845421598293,0.7901442490285085,0.0095842869741933,0.7873322495363734,0.0055113567785134,7.094990318416154,0.1279275359442988,decision_tree
all_4_combined.csv,0.5723953505217294,0.0074534825510351,0.5705035933764135,0.0224019930680109,0.755165033930215,0.0148419020118527,0.8055346904814884,0.0109791362365599,6.749876079495282,0.1107059631232119,decision_tree
interactions_and_ratios.csv,0.5715242191295752,0.0082688672321561,0.5682226182995157,0.0226775354936886,0.753649462792761,0.0150264883669862,0.8063472842989412,0.010380923985602,6.74138459186423,0.1206465576378721,decision_tree
descriptors_only.csv,0.5573516385899717,0.0089307516271796,0.5301510803844898,0.020679505354349,0.7279673631364029,0.0143562003486477,0.8195232115460713,0.0049880896492472,6.605773998858838,0.1521833585593213,voting_regressor
raw_descs_and_ratios.csv,0.5818609790761944,0.0104976594589377,0.5549998378807732,0.0193464861963309,0.7448633987586334,0.0130878649793726,0.8110619991294541,0.0040757806974344,7.180299510202889,0.1593268745162058,voting_regressor
raw_descs_and_interactions.csv,0.5265932701796985,0.0097485952340347,0.4707399091992313,0.0145239233837376,0.6860188745692637,0.0106461082921292,0.839695121222585,0.0045343373683236,6.276849832147909,0.1534127845654188,voting_regressor
transforms_and_interactions.csv,0.5265932701796985,0.0097485952340347,0.4707399091992313,0.0145239233837376,0.6860188745692637,0.0106461082921292,0.839695121222585,0.0045343373683236,6.276849832147909,0.1534127845654187,voting_regressor
transforms_and_ratios.csv,0.5816850315544572,0.0102216866517278,0.5540342390393418,0.018839742102217,0.7442209814002739,0.0127539341220652,0.8113813914381458,0.0042159684791424,7.170886709829124,0.1592375586361003,voting_regressor
raw_descs_and_transforms.csv,0.533454264513483,0.0050999336717626,0.4910325874770986,0.0132772435401399,0.7006701468642298,0.0094980541507822,0.8327560785718158,0.004990458802907,6.250643383067333,0.0939597404936583,voting_regressor
ratios_only.csv,0.5814049929552951,0.010620949549067,0.5533069643483264,0.0197814739622418,0.7437204333941498,0.0133970444819258,0.8116355897239769,0.0044411571976256,7.167996372756806,0.1614427256761555,voting_regressor
interactions_only.csv,0.5265932701796985,0.0097485952340347,0.4707399091992313,0.0145239233837376,0.6860188745692637,0.0106461082921292,0.839695121222585,0.0045343373683236,6.276849832147909,0.1534127845654187,voting_regressor
transformations_only.csv,0.599457182690248,0.0088507459831436,0.5895635406993066,0.0203410531853288,0.7677103911806384,0.0133040539710181,0.7992861402395824,0.0045813845840631,7.148964371291808,0.1278450606281804,voting_regressor
all_4_combined.csv,0.584357121187216,0.0109738082426435,0.5580569031543551,0.0197272628237692,0.7469079457990465,0.0133446948186234,0.8100164455593737,0.0044790240385592,7.208782543171033,0.1720458407583681,voting_regressor
interactions_and_ratios.csv,0.5845398574799324,0.0110189097601351,0.5582690763500291,0.0200594386978074,0.7470456865037229,0.0135728629482748,0.809952214236932,0.0043257102933697,7.210255950730645,0.1762380229878739,voting_regressor
descriptors_only.csv,0.8007607678478781,0.0127740874085471,,,1.0265222296735494,0.0235007640516812,0.6408169072467814,0.0188572175768301,9.713964662315412,0.1150322129711419,linear_regression
raw_descs_and_ratios.csv,0.5296059693416002,0.008433278085765,,,0.6957268532586113,0.012545520176069,0.8350037254544688,0.0079228342009957,6.306841999576596,0.1008367845437166,linear_regression
raw_descs_and_interactions.csv,0.6124726211677425,0.0102867414862044,,,0.799280221561333,0.018889591969687,0.7820477441663206,0.014559032226661,7.433976116640944,0.0856935285193622,linear_regression
transforms_and_interactions.csv,0.6124726211677425,0.0102867414862044,,,0.799280221561333,0.018889591969687,0.7820477441663206,0.014559032226661,7.433976116640944,0.0856935285193622,linear_regression
transforms_and_ratios.csv,0.525462403108633,0.008032719880645,,,0.6922500964871782,0.009559956246696,0.8367248042848644,0.0056636257123167,6.26282276075716,0.1198284687975783,linear_regression
raw_descs_and_transforms.csv,0.724766133760545,0.0084241329879537,,,0.928383025217244,0.0138953942809759,0.7063289513088552,0.01086476879996,8.66794077528451,0.085663461764337,linear_regression
ratios_only.csv,0.5240340051267292,0.0075207739712831,,,0.689358243635912,0.0100837696203373,0.8380447324026408,0.0067083283030243,6.258333753767315,0.0862066815357503,linear_regression
interactions_only.csv,0.6124726211677425,0.0102867414862044,,,0.799280221561333,0.018889591969687,0.7820477441663206,0.014559032226661,7.433976116640944,0.0856935285193622,linear_regression
transformations_only.csv,0.7164465337299448,0.0100998517226955,,,0.9199738295124896,0.0161086806747563,0.7115904394491761,0.0121096250391414,8.562436672023287,0.1232312003761524,linear_regression
all_4_combined.csv,0.510560968213188,0.0045872336891862,,,0.6742977189152949,0.0055199988657493,0.8451171546206281,0.0036971716907629,6.060186867314144,0.0799966549775464,linear_regression
interactions_and_ratios.csv,0.5109012484176791,0.0047320965096529,,,0.6744112369719749,0.0046415457062196,0.8450698829140555,0.0033669482767977,6.06220890988119,0.0856548816802192,linear_regression
descriptors_only.csv,0.5651340900993098,0.008115438196225,0.5566425265787638,0.0196773479916916,0.7459645048032847,0.0131292261737224,0.8104841352883356,0.004868444725822,6.652030009671533,0.117491393065014,knn_regressor
raw_descs_and_ratios.csv,0.5050196273619085,0.0080096202166762,0.4487274927609225,0.0147259950039189,0.6697779059296204,0.0109589018461068,0.8471835796699583,0.004831197410118,5.990271278648693,0.1030433455446914,knn_regressor
raw_descs_and_interactions.csv,0.5184859223767202,0.0098927387766117,0.4690827005491026,0.0181710184984419,0.6847631852381384,0.0132238533050456,0.8401955455649052,0.0071968290313751,6.174205906305607,0.1332168425673141,knn_regressor
transforms_and_interactions.csv,0.5184859223767202,0.0098927387766117,0.4690827005491026,0.0181710184984419,0.6847631852381384,0.0132238533050456,0.8401955455649052,0.0071968290313751,6.174205906305607,0.1332168425673141,knn_regressor
transforms_and_ratios.csv,0.5030621521001756,0.0080581987440858,0.4449863965412555,0.0151220596586975,0.6669733022795319,0.0113023611835399,0.848456373713635,0.0050011872816746,5.962338985550952,0.1045375448813336,knn_regressor
raw_descs_and_transforms.csv,0.5673897639723384,0.005967024152939,0.5592947335569697,0.0137478528086726,0.7478013762550917,0.009184604125025,0.809506687740581,0.0052730290186577,6.669731960701521,0.0829726693793056,knn_regressor
ratios_only.csv,0.5018307987892671,0.0087442569743119,0.4427395293935195,0.0165463843913731,0.6652661083714028,0.0124168144800199,0.849218859619237,0.0055668087846094,5.946272510867514,0.1140260482659994,knn_regressor
interactions_only.csv,0.5184859223767202,0.0098927387766117,0.4690827005491026,0.0181710184984419,0.6847631852381384,0.0132238533050456,0.8401955455649052,0.0071968290313751,6.174205906305607,0.1332168425673141,knn_regressor
transformations_only.csv,0.5641751470575072,0.0063416274351844,0.557056323389465,0.014208320153758,0.7462994905006405,0.00947076928125,0.8102741713100592,0.0051712031106005,6.637583042153045,0.0974177348909156,knn_regressor
all_4_combined.csv,0.5102131271484446,0.0098432919179879,0.4521200812750063,0.0181814788574438,0.67225760997791,0.0135007974787982,0.8459990179751834,0.0066575743871615,6.046796473867054,0.1341647366168724,knn_regressor
interactions_and_ratios.csv,0.5103154189783409,0.0096332858981264,0.4523491686213985,0.0180014895333188,0.6724311823305934,0.0133464937082358,0.8459323222427019,0.0063603491370674,6.045196672353858,0.1289021584650062,knn_regressor
descriptors_only.csv,0.5146879225710083,0.0071835203348892,0.4628425964085007,0.0151456310260261,0.6802301676076054,0.0111528772889643,0.8423791637366502,0.0049108608899966,6.042250940495758,0.1169420245440473,random_forest
raw_descs_and_ratios.csv,0.4622593756606413,0.007602278163783,0.3801452340033242,0.0160560898789433,0.6164163562723175,0.0130052211915649,0.8704883569471968,0.0063492272840592,5.473848097622755,0.0969986453136163,random_forest
raw_descs_and_interactions.csv,0.4805606317389461,0.0091431701026356,0.4079686271603916,0.0164675141200585,0.6385880050655796,0.0129266029436747,0.861028186656187,0.0062709452895459,5.6770939386174755,0.1277160713168131,random_forest
transforms_and_interactions.csv,0.4805606317389462,0.0091431701026356,0.4079686271603916,0.0164675141200586,0.6385880050655796,0.0129266029436747,0.861028186656187,0.0062709452895459,5.677093938617475,0.1277160713168127,random_forest
transforms_and_ratios.csv,0.4600943182360976,0.008616950256025,0.3777365412444584,0.0163108391066869,0.6144538881930167,0.0132557644817669,0.8713074900792529,0.006446055577102,5.435028372876462,0.1132803164155302,random_forest
raw_descs_and_transforms.csv,0.519632876438689,0.0069634457957546,0.4709017725388015,0.0141211459673599,0.6861422956754246,0.0103027146008748,0.8396131137730919,0.005185246659961,6.106247764851638,0.1060942177834762,random_forest
ratios_only.csv,0.4598665603036815,0.0085222205095098,0.3775841980930968,0.0161326706861073,0.6143332325129596,0.013107020002771,0.87136292589602,0.0063327730484218,5.432492817985588,0.1123505648503624,random_forest
interactions_only.csv,0.4805606317389461,0.0091431701026356,0.4079686271603916,0.0164675141200585,0.6385880050655796,0.0129266029436747,0.861028186656187,0.0062709452895459,5.677093938617475,0.1277160713168131,random_forest
transformations_only.csv,0.5181518902697096,0.0074390314277036,0.4694169189457412,0.0142103573191632,0.6850580047102556,0.0103921192578833,0.8401253550455564,0.0050293126349221,6.08711303534372,0.1103571773060946,random_forest
all_4_combined.csv,0.4620196288497485,0.009229613738094,0.3828031852876529,0.0138170992263534,0.6186058652082436,0.0111723789962521,0.8695865051685013,0.0056922165224921,5.452007639848892,0.1265253380484197,random_forest
interactions_and_ratios.csv,0.4617303258134203,0.0092204820678579,0.3819905493495242,0.0138073851250367,0.6179485147339095,0.011181558977503,0.8698603579304951,0.0057443113328297,5.447930528909215,0.126580463238718,random_forest
