dataset,k,features
descriptors_only,10,"BalabanIndex,PathComplexityIndex,Fused_ring_count,BertzCTIndex,StereocenterCount,TotalPathCount,Largest_ring_size,HBD,Quaternary_Carbons,HeteroatomCount"
raw_descs_and_ratios,75,"BalabanIndex_div_PathComplexityIndex,RingCount_div_PMI_Ratio1,BalabanIndex_div_Max_EState,BalabanIndex_div_ZagrebIndex,Largest_ring_size_div_BalabanIndex,TotalPathCount_div_Largest_ring_size,RingCount_div_AtomInformationContent,Fused_ring_count_div_PMI_Ratio1,PMI2_div_Largest_ring_size,SSSR_count_div_SpherocityIndex,SSSR_count_div_partial_charge_max,BalabanIndex_div_partial_charge_max,RingCount_div_FractionCSP3,ZagrebIndex_div_Chi0,TPSA_div_BalabanIndex,MolarRefractivity_div_TotalPathCount,GraphDistanceDistributionEntropy_div_TotalPathCount,PMI2_div_Fused_ring_count,RingCount_div_BondInformationContent,Fused_ring_count,AtomInformationContent_div_BalabanIndex,RadiusOfGyration_div_TotalPathCount,GraphDistanceDistributionEntropy_div_BertzCTIndex,Fused_ring_count_div_InertialShapeFactor,StereocenterCount_div_BalabanIndex,Asphericity_div_BalabanIndex,RadiusOfGyration_div_Largest_ring_size,ZagrebIndex_div_CovalentRadiusSum,MolarRefractivity_div_BertzCTIndex,PMI1_div_Largest_ring_size,BalabanIndex_div_HBA,RingCount_div_Fused_ring_count,Fused_ring_count_div_FractionCSP3,Largest_ring_size_div_PMI_Ratio1,Chi4_div_FractionCSP3,WienerIndex_div_PMI1,SSSR_count_div_DoubleBondCount,RingCount_div_SSSR_count,Chi4_div_RadiusOfGyration,Fused_ring_count_div_Bridged_ring_count,HBD_div_BalabanIndex,BalabanIndex_div_TopologicalRadius,TopologicalDiameter_div_BertzCTIndex,HeteroatomCount_div_Largest_ring_size,WienerIndex_div_SSSR_count,Chi2_div_Chi4,Chi4_div_Bridged_ring_count,Fused_ring_count_div_BondInformationContent,TotalPathCount_div_FractionCSP3,StereocenterCount_div_PMI_Ratio1,partial_charge_max_div_BertzCTIndex,PMI1_div_Bridged_ring_count,Fused_ring_count_div_DoubleBondCount,RingCount_div_Min_EState,Asphericity_div_Largest_ring_size,PathComplexityIndex_div_Largest_ring_size,WienerIndex_div_RotatableBonds,SSSR_count_div_RotatableBonds,Bridged_ring_count_div_Fused_ring_count,RotatableBonds_div_WienerIndex,StereocenterCount_div_Fused_ring_count,BondInformationContent_div_BalabanIndex,Avg_EState_div_PathComplexityIndex,RingCount_div_Asphericity,BertzCTIndex_div_PMI_Ratio1,Max_EState_div_Largest_ring_size,BalabanIndex_div_BondInformationContent,WienerIndex_div_PMI3,SSSR_count_div_ZagrebIndex,TPSA_div_Fused_ring_count,RotatableBonds_div_BertzCTIndex,Asphericity_div_Bridged_ring_count,RotatableBonds_div_Chi4,HBD_div_Fused_ring_count,Min_EState_div_BalabanIndex"
raw_descs_and_interactions,30,"RadiusOfGyration_x_SSSR_count,Asphericity_x_SSSR_count,Avg_EState_x_BalabanIndex,TPSA_x_SSSR_count,PMI2_x_Fused_ring_count,PMI_Ratio2_x_BalabanIndex,Asphericity_x_Fused_ring_count,Eccentricity_x_PathComplexityIndex,Largest_ring_size_x_TotalPathCount,BertzCTIndex_x_PathComplexityIndex,partial_charge_min_x_BalabanIndex,SSSR_count_x_BalabanIndex,Max_EState_x_PathComplexityIndex,RingCount_x_StereocenterCount,BalabanIndex_x_GraphDistanceDistributionEntropy,BalabanIndex_x_PathComplexityIndex,RadiusOfGyration_x_Largest_ring_size,Max_EState_x_Bridged_ring_count,RingCount_x_HBD,Min_EState_x_SSSR_count,RingCount_x_BondInformationContent,StereocenterCount_x_Fused_ring_count,partial_charge_max_x_BalabanIndex,DoubleBondCount_x_SSSR_count,partial_charge_min_x_PathComplexityIndex,Asphericity_x_Largest_ring_size,HBD_x_Fused_ring_count,PMI_Ratio2_x_TotalPathCount,RotatableBonds_x_SSSR_count,PMI_Ratio1_x_BalabanIndex"
transforms_and_interactions,30,"RingCount_x_RadiusOfGyration,RingCount_x_Asphericity,Avg_EState_x_BalabanIndex,TPSA_x_SSSR_count,PMI2_x_Fused_ring_count,PMI_Ratio2_x_BalabanIndex,Asphericity_x_Fused_ring_count,Eccentricity_x_PathComplexityIndex,Largest_ring_size_x_TotalPathCount,BertzCTIndex_x_PathComplexityIndex,partial_charge_min_x_BalabanIndex,SSSR_count_x_BalabanIndex,Max_EState_x_PathComplexityIndex,RingCount_x_StereocenterCount,BalabanIndex_x_GraphDistanceDistributionEntropy,BalabanIndex_x_PathComplexityIndex,RadiusOfGyration_x_Largest_ring_size,Max_EState_x_Bridged_ring_count,HBD_x_SSSR_count,RingCount_x_Min_EState,RingCount_x_BondInformationContent,StereocenterCount_x_Fused_ring_count,partial_charge_max_x_BalabanIndex,RingCount_x_DoubleBondCount,partial_charge_min_x_PathComplexityIndex,Asphericity_x_Largest_ring_size,HBD_x_Fused_ring_count,PMI_Ratio2_x_TotalPathCount,RotatableBonds_x_SSSR_count,PMI_Ratio1_x_BalabanIndex"
transforms_and_ratios,80,"BalabanIndex_div_PathComplexityIndex,SSSR_count_div_PMI_Ratio1,Max_EState_div_BalabanIndex,BalabanIndex_div_ZagrebIndex,Largest_ring_size_div_BalabanIndex,TotalPathCount_div_Largest_ring_size,RingCount_div_AtomInformationContent,Fused_ring_count_div_PMI_Ratio1,PMI2_div_Largest_ring_size,SSSR_count_div_SpherocityIndex,SSSR_count_div_partial_charge_max,BalabanIndex_div_partial_charge_max,SSSR_count_div_FractionCSP3,ZagrebIndex_div_Chi0,TPSA_div_BalabanIndex,MolarRefractivity_div_TotalPathCount,GraphDistanceDistributionEntropy_div_TotalPathCount,PMI2_div_Fused_ring_count,RingCount_div_BondInformationContent,Fused_ring_count_cube,AtomInformationContent_div_BalabanIndex,TotalPathCount_div_RadiusOfGyration,GraphDistanceDistributionEntropy_div_BertzCTIndex,Fused_ring_count_div_InertialShapeFactor,StereocenterCount_div_BalabanIndex,BalabanIndex_div_Asphericity,RadiusOfGyration_div_Largest_ring_size,ZagrebIndex_div_CovalentRadiusSum,MolarRefractivity_div_BertzCTIndex,PMI1_div_Largest_ring_size,BalabanIndex_div_HBA,RingCount_div_Fused_ring_count,Fused_ring_count_div_FractionCSP3,Largest_ring_size_div_PMI_Ratio1,Chi4_div_FractionCSP3,PMI1_div_WienerIndex,SSSR_count_div_DoubleBondCount,SSSR_count_div_RingCount,Chi4_div_RadiusOfGyration,Fused_ring_count_div_Bridged_ring_count,HBD_div_BalabanIndex,BalabanIndex_div_TopologicalRadius,TopologicalDiameter_div_BertzCTIndex,HeteroatomCount_div_Largest_ring_size,WienerIndex_div_RingCount,Chi2_div_Chi4,Chi4_div_Bridged_ring_count,Fused_ring_count_div_BondInformationContent,TotalPathCount_div_FractionCSP3,StereocenterCount_div_PMI_Ratio1,partial_charge_max_div_BertzCTIndex,PMI1_div_Bridged_ring_count,Fused_ring_count_div_DoubleBondCount,SSSR_count_div_Min_EState,Asphericity_div_Largest_ring_size,PathComplexityIndex_div_Largest_ring_size,WienerIndex_div_RotatableBonds,SSSR_count_div_RotatableBonds,Bridged_ring_count_div_Fused_ring_count,RotatableBonds_div_WienerIndex,StereocenterCount_div_Fused_ring_count,BondInformationContent_div_BalabanIndex,Avg_EState_div_PathComplexityIndex,SSSR_count_div_Asphericity,BertzCTIndex_div_PMI_Ratio1,Max_EState_div_Largest_ring_size,BalabanIndex_div_BondInformationContent,WienerIndex_div_PMI3,SSSR_count_div_ZagrebIndex,TPSA_div_Fused_ring_count,RotatableBonds_div_BertzCTIndex,Asphericity_div_Bridged_ring_count,RotatableBonds_div_Chi4,HBD_div_Fused_ring_count,Min_EState_div_BalabanIndex,Fused_ring_count_div_Min_EState,BertzCTIndex_div_Max_EState,LogP_div_Chi4,TotalPathCount_log,FractionCSP3_div_Chi3"
raw_descs_and_transforms,10,"BalabanIndex_cuberoot,RingCount_log,PathComplexityIndex_log,Fused_ring_count_sqrt,StereocenterCount_log,BertzCTIndex_cuberoot,TotalPathCount_cuberoot,Largest_ring_size_cuberoot,Ester_log,HBD"
ratios_only,80,"BalabanIndex_div_PathComplexityIndex,RingCount_div_PMI_Ratio1,Max_EState_div_BalabanIndex,BalabanIndex_div_ZagrebIndex,Largest_ring_size_div_BalabanIndex,TotalPathCount_div_Largest_ring_size,SSSR_count_div_AtomInformationContent,Fused_ring_count_div_PMI_Ratio1,PMI2_div_Largest_ring_size,SSSR_count_div_SpherocityIndex,SSSR_count_div_partial_charge_max,BalabanIndex_div_partial_charge_max,RingCount_div_FractionCSP3,ZagrebIndex_div_Chi0,TPSA_div_BalabanIndex,MolarRefractivity_div_TotalPathCount,GraphDistanceDistributionEntropy_div_TotalPathCount,PMI2_div_Fused_ring_count,SSSR_count_div_BondInformationContent,Fused_ring_count_div_FragmentComplexityScore,AtomInformationContent_div_BalabanIndex,TotalPathCount_div_RadiusOfGyration,GraphDistanceDistributionEntropy_div_BertzCTIndex,Fused_ring_count_div_InertialShapeFactor,StereocenterCount_div_BalabanIndex,BalabanIndex_div_Asphericity,RadiusOfGyration_div_Largest_ring_size,ZagrebIndex_div_CovalentRadiusSum,MolarRefractivity_div_BertzCTIndex,PMI1_div_Largest_ring_size,BalabanIndex_div_HBA,RingCount_div_Fused_ring_count,Fused_ring_count_div_FractionCSP3,Largest_ring_size_div_PMI_Ratio1,Chi4_div_FractionCSP3,PMI1_div_WienerIndex,SSSR_count_div_DoubleBondCount,RingCount_div_SSSR_count,Chi4_div_RadiusOfGyration,Fused_ring_count_div_Bridged_ring_count,HBD_div_BalabanIndex,BalabanIndex_div_TopologicalRadius,TopologicalDiameter_div_BertzCTIndex,HeteroatomCount_div_Largest_ring_size,WienerIndex_div_RingCount,Chi2_div_Chi4,Chi4_div_Bridged_ring_count,Fused_ring_count_div_BondInformationContent,TotalPathCount_div_FractionCSP3,StereocenterCount_div_PMI_Ratio1,partial_charge_max_div_BertzCTIndex,PMI1_div_Bridged_ring_count,Fused_ring_count_div_DoubleBondCount,SSSR_count_div_Min_EState,Asphericity_div_Largest_ring_size,PathComplexityIndex_div_Largest_ring_size,WienerIndex_div_RotatableBonds,RingCount_div_RotatableBonds,Bridged_ring_count_div_Fused_ring_count,RotatableBonds_div_WienerIndex,StereocenterCount_div_Fused_ring_count,BondInformationContent_div_BalabanIndex,Avg_EState_div_PathComplexityIndex,RingCount_div_Asphericity,PMI_Ratio1_div_BertzCTIndex,Max_EState_div_Largest_ring_size,BalabanIndex_div_BondInformationContent,WienerIndex_div_PMI3,SSSR_count_div_ZagrebIndex,TPSA_div_Fused_ring_count,RotatableBonds_div_BertzCTIndex,Asphericity_div_Bridged_ring_count,RotatableBonds_div_Chi4,HBD_div_Fused_ring_count,Min_EState_div_BalabanIndex,Fused_ring_count_div_Min_EState,BertzCTIndex_div_Max_EState,LogP_div_Chi4,FragmentComplexityScore_div_TotalPathCount,FractionCSP3_div_Chi3"
interactions_only,30,"RadiusOfGyration_x_SSSR_count,RingCount_x_Asphericity,Avg_EState_x_BalabanIndex,TPSA_x_SSSR_count,PMI2_x_Fused_ring_count,PMI_Ratio2_x_BalabanIndex,Asphericity_x_Fused_ring_count,Eccentricity_x_PathComplexityIndex,Largest_ring_size_x_TotalPathCount,BertzCTIndex_x_PathComplexityIndex,partial_charge_min_x_BalabanIndex,SSSR_count_x_BalabanIndex,Max_EState_x_PathComplexityIndex,RingCount_x_StereocenterCount,BalabanIndex_x_GraphDistanceDistributionEntropy,BalabanIndex_x_PathComplexityIndex,RadiusOfGyration_x_Largest_ring_size,Max_EState_x_Bridged_ring_count,RingCount_x_HBD,RingCount_x_Min_EState,SSSR_count_x_BondInformationContent,StereocenterCount_x_Fused_ring_count,partial_charge_max_x_BalabanIndex,DoubleBondCount_x_SSSR_count,partial_charge_min_x_PathComplexityIndex,Asphericity_x_Largest_ring_size,HBD_x_Fused_ring_count,PMI_Ratio2_x_TotalPathCount,RotatableBonds_x_RingCount,PMI_Ratio1_x_BalabanIndex"
transformations_only,10,"BalabanIndex_cuberoot,SSSR_count_log,PathComplexityIndex_log,Fused_ring_count_sq,StereocenterCount_log,BertzCTIndex_cuberoot,TotalPathCount_log,Largest_ring_size_cube,Ester_log,HBD_cuberoot"
all_4_combined,100,"BalabanIndex_div_PathComplexityIndex,Asphericity_x_SSSR_count,Max_EState_div_BalabanIndex,RingCount_x_PMI2,PathComplexityIndex_x_GraphDistanceDistributionEntropy,RingCount_x_partial_charge_max,SSSR_count_x_Largest_ring_size,RingCount_x_TPSA,PMI2_x_Fused_ring_count,TotalPathCount_div_Largest_ring_size,PMI_Ratio2_x_BalabanIndex,SSSR_count_div_AtomInformationContent,Asphericity_x_Fused_ring_count,Eccentricity_x_PathComplexityIndex,RingCount_div_SpherocityIndex,RingCount_div_partial_charge_max,BertzCTIndex_x_PathComplexityIndex,BalabanIndex_div_partial_charge_max,partial_charge_min_x_BalabanIndex,Largest_ring_size_x_BertzCTIndex,SSSR_count_div_FractionCSP3,Max_EState_x_PathComplexityIndex,StereocenterCount_x_SSSR_count,Largest_ring_size_x_Chi3,BalabanIndex_x_PathComplexityIndex,RadiusOfGyration_x_Largest_ring_size,MolarRefractivity_div_TotalPathCount,Max_EState_x_Bridged_ring_count,PMI2_div_Fused_ring_count,RingCount_div_BondInformationContent,BoundingBoxVolume_div_Largest_ring_size,AtomInformationContent_div_BalabanIndex,TopologicalDiameter_div_Largest_ring_size,ZagrebIndex_div_MolWt,TotalPathCount_div_RadiusOfGyration,RingCount_x_HBD,BertzCTIndex_div_RadiusOfGyration,Min_EState_x_SSSR_count,BalabanIndex_div_HeteroatomCount,BalabanIndex_div_Asphericity,RingCount_x_BondInformationContent,ZagrebIndex_div_CovalentRadiusSum,StereocenterCount_x_Fused_ring_count,partial_charge_max_x_BalabanIndex,RingCount_x_DoubleBondCount,MolarRefractivity_div_BertzCTIndex,partial_charge_min_x_PathComplexityIndex,RingCount_div_Fused_ring_count,Fused_ring_count_div_FractionCSP3,Asphericity_x_Largest_ring_size,Chi4_div_FractionCSP3,HBD_x_Fused_ring_count,PMI_Ratio2_x_TotalPathCount,Min_EState_x_Fused_ring_count,AtomInformationContent_x_TotalPathCount,Largest_ring_size_x_PathComplexityIndex,PMI1_div_WienerIndex,SSSR_count_div_DoubleBondCount,RingCount_div_MolarRefractivity,RotatableBonds_x_Bridged_ring_count,HeteroatomCount_x_Largest_ring_size,RingCount_div_SSSR_count,Chi4_div_RadiusOfGyration,Fused_ring_count_div_Bridged_ring_count,BalabanIndex_div_TopologicalRadius,Avg_EState_x_PathComplexityIndex,Max_EState_x_Largest_ring_size,SpherocityIndex_x_WienerIndex,HeteroatomCount_div_Largest_ring_size,BalabanIndex_x_AtomInformationContent,RingCount_x_SpherocityIndex,PMI_Ratio2_x_Largest_ring_size,Chi2_div_Chi4,Chi4_x_AtomInformationContent,FractionCSP3_x_BalabanIndex,DoubleBondCount_x_Fused_ring_count,Chi4_x_PathComplexityIndex,Chi4_div_Bridged_ring_count,Fused_ring_count_div_BondInformationContent,StereocenterCount_x_Asphericity,TotalPathCount_div_FractionCSP3,TPSA_x_PathComplexityIndex,SpherocityIndex_x_BertzCTIndex,Ether_x_SSSR_count,partial_charge_max_div_BertzCTIndex,PMI2_div_RingCount,PMI1_div_Bridged_ring_count,Fused_ring_count_div_DoubleBondCount,StereocenterCount_x_BondInformationContent,RingCount_div_Min_EState,PMI_Ratio2_x_Max_EState,Asphericity_div_Largest_ring_size,PathComplexityIndex_div_Largest_ring_size,WienerIndex_div_RotatableBonds,RingCount_div_RotatableBonds,StereocenterCount_x_AtomInformationContent,HBD_x_WienerIndex,Asphericity_x_BertzCTIndex,Bridged_ring_count_div_Fused_ring_count,RotatableBonds_div_WienerIndex"
interactions_and_ratios,100,"BalabanIndex_div_PathComplexityIndex,RingCount_x_Asphericity,BalabanIndex_div_Max_EState,RingCount_x_PMI2,PathComplexityIndex_x_GraphDistanceDistributionEntropy,RingCount_x_partial_charge_max,SSSR_count_x_Largest_ring_size,TPSA_x_SSSR_count,PMI2_x_Fused_ring_count,TotalPathCount_div_Largest_ring_size,PMI_Ratio2_x_BalabanIndex,RingCount_div_AtomInformationContent,Asphericity_x_Fused_ring_count,Eccentricity_x_PathComplexityIndex,RingCount_div_SpherocityIndex,SSSR_count_div_partial_charge_max,BertzCTIndex_x_PathComplexityIndex,BalabanIndex_div_partial_charge_max,partial_charge_min_x_BalabanIndex,Largest_ring_size_x_BertzCTIndex,SSSR_count_div_FractionCSP3,Max_EState_x_PathComplexityIndex,StereocenterCount_x_SSSR_count,Largest_ring_size_x_Chi3,BalabanIndex_x_PathComplexityIndex,RadiusOfGyration_x_Largest_ring_size,MolarRefractivity_div_TotalPathCount,Max_EState_x_Bridged_ring_count,PMI2_div_Fused_ring_count,RingCount_div_BondInformationContent,BoundingBoxVolume_div_Largest_ring_size,AtomInformationContent_div_BalabanIndex,TopologicalDiameter_div_Largest_ring_size,ZagrebIndex_div_MolWt,TotalPathCount_div_RadiusOfGyration,HBD_x_SSSR_count,RadiusOfGyration_div_BertzCTIndex,Min_EState_x_SSSR_count,BalabanIndex_div_HeteroatomCount,BalabanIndex_div_Asphericity,SSSR_count_x_BondInformationContent,ZagrebIndex_div_CovalentRadiusSum,StereocenterCount_x_Fused_ring_count,partial_charge_max_x_BalabanIndex,DoubleBondCount_x_SSSR_count,MolarRefractivity_div_BertzCTIndex,partial_charge_min_x_PathComplexityIndex,SSSR_count_div_Fused_ring_count,Fused_ring_count_div_FractionCSP3,Asphericity_x_Largest_ring_size,Chi4_div_FractionCSP3,HBD_x_Fused_ring_count,PMI_Ratio2_x_TotalPathCount,Min_EState_x_Fused_ring_count,AtomInformationContent_x_TotalPathCount,Largest_ring_size_x_PathComplexityIndex,WienerIndex_div_PMI1,RingCount_div_DoubleBondCount,SSSR_count_div_MolarRefractivity,RotatableBonds_x_Bridged_ring_count,HeteroatomCount_x_Largest_ring_size,SSSR_count_div_RingCount,Chi4_div_RadiusOfGyration,Fused_ring_count_div_Bridged_ring_count,BalabanIndex_div_TopologicalRadius,Avg_EState_x_PathComplexityIndex,Max_EState_x_Largest_ring_size,SpherocityIndex_x_WienerIndex,HeteroatomCount_div_Largest_ring_size,BalabanIndex_x_AtomInformationContent,RingCount_x_SpherocityIndex,PMI_Ratio2_x_Largest_ring_size,Chi2_div_Chi4,Chi4_x_AtomInformationContent,FractionCSP3_x_BalabanIndex,DoubleBondCount_x_Fused_ring_count,Chi4_x_PathComplexityIndex,Chi4_div_Bridged_ring_count,Fused_ring_count_div_BondInformationContent,StereocenterCount_x_Asphericity,TotalPathCount_div_FractionCSP3,TPSA_x_PathComplexityIndex,SpherocityIndex_x_BertzCTIndex,Ether_x_SSSR_count,partial_charge_max_div_BertzCTIndex,PMI2_div_RingCount,PMI1_div_Bridged_ring_count,Fused_ring_count_div_DoubleBondCount,StereocenterCount_x_BondInformationContent,SSSR_count_div_Min_EState,PMI_Ratio2_x_Max_EState,Asphericity_div_Largest_ring_size,PathComplexityIndex_div_Largest_ring_size,WienerIndex_div_RotatableBonds,RingCount_div_RotatableBonds,StereocenterCount_x_AtomInformationContent,HBD_x_WienerIndex,Asphericity_x_BertzCTIndex,Bridged_ring_count_div_Fused_ring_count,RotatableBonds_div_WienerIndex"
