Ligand,actual_docking_score,predicted_docking_score
CNP0017240.4,-12.255,-12.567544
CNP0072566.1,-13.187,-12.487624
CNP0073589.1,-13.938,-12.595543
CNP0073590.1,-16.169,-12.738105
CNP0073590.2,-14.471,-12.722771
CNP0073635.1,-13.21,-12.673559
CNP0074376.1,-11.742,-13.090314
CNP0075927.1,-12.698,-12.725709
CNP0076125.1,-12.414,-13.036304
CNP0076447.1,-13.105,-12.769905
CNP0080815.0,-14.068,-12.768517
CNP0080816.0,-13.117,-12.684082
CNP0080817.0,-13.939,-13.121296
CNP0080938.1,-9.768,-12.47889
CNP0080945.1,-12.242,-12.562675
CNP0086353.1,-13.102,-12.764546
CNP0087101.1,-13.562,-12.495135
CNP0087101.4,-12.932,-12.490095
CNP0087250.1,-12.668,-12.512038
CNP0087291.1,-13.189,-12.648413
CNP0087291.2,-13.349,-12.829753
CNP0087291.3,-14.149,-12.768353
CNP0087291.4,-13.04,-12.589761
CNP0087783.1,-13.393,-12.497549
CNP0089516.1,-11.521,-12.520566
CNP0089617.1,-13.171,-12.522362
CNP0090222.1,-12.683,-12.654227
CNP0090698.1,-10.745,-12.485882
CNP0092795.1,-12.049,-13.004957
CNP0098022.1,-13.804,-12.759831
CNP0098938.1,-13.444,-12.805999
CNP0102500.2,-12.317,-12.520272
CNP0103092.1,-11.631,-12.573077
CNP0103758.1,-13.354,-12.986261
CNP0104406.1,-12.715,-12.645869
CNP0104581.1,-11.142,-12.928065
CNP0105597.1,-13.62,-12.808872
CNP0106519.1,-11.182,-13.042148
CNP0106519.2,-12.255,-13.147973
CNP0106801.1,-13.567,-12.616509
CNP0106801.2,-13.684,-12.661442
CNP0106801.3,-13.461,-12.637332
CNP0107000.1,-12.581,-12.59548
CNP0107153.1,-13.009,-12.862156
CNP0108140.0,-12.167,-12.82601
CNP0108681.1,-12.684,-12.636465
CNP0108681.2,-10.996,-12.812455
CNP0108851.1,-12.712,-12.622831
CNP0108851.2,-13.139,-12.647399
CNP0108851.3,-12.786,-12.816234
CNP0108955.3,-12.04,-12.484563
CNP0108955.4,-12.914,-12.471912
CNP0108955.5,-11.953,-12.484563
CNP0108955.6,-12.748,-12.472379
CNP0109837.1,-15.349,-12.61586
CNP0109945.1,-12.939,-12.803861
CNP0109978.3,-12.518,-12.513868
CNP0110279.1,-14.143,-12.587449
CNP0110279.3,-11.923,-12.648547
CNP0110784.1,-12.345,-12.699592
CNP0111592.1,-13.56,-12.679554
CNP0111955.0,-12.434,-12.54828
CNP0114877.1,-12.721,-12.557476
CNP0115315.1,-13.109,-12.987215
CNP0115791.1,-13.07,-12.968851
CNP0115974.1,-12.452,-12.487654
CNP0116318.1,-13.041,-12.881568
CNP0116318.2,-12.791,-12.7477865
CNP0116362.0,-13.011,-13.015971
CNP0116456.1,-12.667,-12.677858
CNP0116456.2,-12.961,-12.681572
CNP0116817.3,-13.042,-12.557279
CNP0117528.0,-12.475,-12.71509
CNP0119984.3,-13.966,-12.501536
CNP0120750.1,-10.867,-12.50892
CNP0121074.2,-11.21,-12.561177
CNP0121440.1,-11.874,-12.65849
CNP0122619.0,-12.741,-12.840755
CNP0123164.1,-13.188,-12.787078
CNP0123327.1,-13.965,-12.52489
CNP0123327.2,-13.84,-12.89667
CNP0123502.1,-13.274,-12.93158
CNP0123913.0,-11.188,-12.54892
CNP0124185.2,-12.896,-12.519484
CNP0124185.3,-12.358,-12.539067
CNP0125025.0,-13.79,-12.665471
CNP0125430.0,-12.997,-12.635036
CNP0125481.0,-11.339,-12.537194
CNP0125862.1,-12.592,-12.544878
CNP0125862.2,-13.372,-12.637593
CNP0126324.1,-13.086,-12.508228
CNP0126692.0,-12.009,-12.796026
CNP0127480.1,-13.726,-12.859754
CNP0127480.2,-14.073,-12.883179
CNP0127480.3,-13.73,-12.812983
CNP0127480.4,-15.72,-12.806334
CNP0127480.5,-14.664,-12.896275
CNP0128255.2,-13.569,-12.600295
CNP0128822.1,-12.504,-12.724793
CNP0130566.1,-14.431,-12.748366
CNP0130566.2,-14.071,-12.71958
CNP0130566.3,-12.862,-12.51925
CNP0132314.0,-12.703,-12.489585
CNP0132325.1,-12.012,-12.697467
CNP0134260.1,-13.452,-12.701842
CNP0134461.1,-12.958,-13.158873
CNP0134461.2,-13.656,-13.152039
CNP0134936.1,-13.567,-12.737098
CNP0134936.2,-13.002,-12.820195
CNP0134936.3,-13.884,-13.010799
CNP0136154.1,-14.426,-12.916979
CNP0136154.2,-13.072,-12.813929
CNP0136154.3,-14.015,-12.909906
CNP0136563.1,-12.987,-12.758577
CNP0136758.5,-12.711,-12.509208
CNP0136979.1,-13.333,-12.825848
CNP0136979.2,-12.371,-12.70436
CNP0136979.3,-12.388,-12.801178
CNP0137465.1,-13.766,-12.640361
CNP0137465.2,-13.883,-12.655039
CNP0137718.1,-13.307,-13.292562
CNP0137718.2,-12.971,-13.200947
CNP0138875.0,-13.258,-12.686171
CNP0139000.1,-12.373,-12.709095
CNP0140162.1,-13.077,-12.482753
CNP0140398.0,-11.672,-12.531896
CNP0140612.2,-12.305,-12.618714
CNP0140612.3,-13.625,-13.137961
CNP0140612.4,-13.562,-13.167
CNP0140612.6,-13.594,-13.168305
CNP0140612.7,-11.634,-12.937564
CNP0140612.8,-13.961,-13.188258
CNP0145057.1,-12.494,-12.847424
CNP0145160.1,-12.377,-12.536947
CNP0145307.1,-12.1,-12.650274
CNP0145485.1,-13.066,-12.64294
CNP0147317.1,-12.947,-12.534469
CNP0148135.2,-14.317,-12.980786
CNP0148179.0,-14.511,-12.771447
CNP0148484.1,-12.47,-12.762418
CNP0148737.1,-13.888,-13.277308
CNP0148962.1,-11.437,-12.484853
CNP0150930.3,-12.806,-12.575307
CNP0150930.4,-12.745,-12.571418
CNP0151900.2,-12.48,-12.506925
CNP0151984.1,-12.463,-13.004781
CNP0152201.1,-12.419,-12.938697
CNP0152201.2,-13.242,-13.077256
CNP0152935.1,-12.739,-12.5614605
CNP0153482.1,-12.746,-12.917318
CNP0153482.2,-14.338,-12.91223
CNP0153498.1,-11.982,-12.527412
CNP0155189.1,-12.253,-12.5279665
CNP0155820.2,-12.325,-12.551424
CNP0155833.1,-12.991,-13.005386
CNP0156119.1,-13.289,-12.476627
CNP0156536.1,-12.738,-12.574352
CNP0156536.2,-12.637,-12.564956
CNP0156791.1,-11.506,-12.67226
CNP0156791.2,-12.485,-12.560135
CNP0156791.3,-12.463,-12.594208
CNP0156791.4,-11.899,-12.739988
CNP0157323.1,-12.373,-12.583301
CNP0157339.1,-13.246,-12.922121
CNP0158320.1,-12.583,-12.636567
CNP0158365.1,-12.281,-12.523949
CNP0158529.1,-13.605,-12.97827
CNP0159069.1,-12.467,-12.486986
CNP0160065.1,-14.797,-12.923946
CNP0160065.2,-14.104,-12.950835
CNP0160065.3,-14.574,-12.851109
CNP0160065.4,-13.878,-12.673265
CNP0161786.1,-12.733,-12.522177
CNP0161969.1,-12.744,-12.636661
CNP0163701.1,-12.246,-12.77542
CNP0163701.2,-12.879,-12.551792
CNP0163980.1,-12.52,-12.723119
CNP0164648.3,-12.787,-12.746932
CNP0165067.1,-11.979,-12.56845
CNP0165067.2,-12.318,-12.526778
CNP0165424.1,-11.918,-12.529053
CNP0166055.2,-12.038,-12.645378
CNP0166169.1,-13.044,-12.690461
CNP0166169.10,-11.286,-12.478906
CNP0166169.11,-12.709,-12.861726
CNP0166169.13,-12.11,-12.844624
CNP0166169.14,-12.615,-12.866911
CNP0166169.15,-12.749,-12.71679
CNP0166169.2,-13.001,-12.844225
CNP0166169.3,-13.439,-12.871113
CNP0166169.4,-13.303,-12.939992
CNP0166169.5,-13.045,-12.8493
CNP0166169.6,-13.434,-12.864732
CNP0166169.8,-13.304,-12.917252
CNP0166169.9,-13.148,-12.626224
CNP0166209.1,-12.121,-12.602237
CNP0167093.3,-12.082,-12.493534
CNP0167093.4,-12.648,-12.488768
CNP0169870.1,-12.56,-12.92508
CNP0170620.2,-12.081,-12.706721
CNP0170620.3,-13.606,-12.6734495
CNP0171082.0,-11.186,-12.479093
CNP0171733.1,-13.361,-12.737151
CNP0172406.1,-12.499,-12.8700695
CNP0172406.2,-12.956,-12.704978
CNP0172890.3,-12.535,-12.472992
CNP0172930.1,-13.37,-12.7692175
CNP0172930.3,-13.648,-12.717832
CNP0174304.1,-14.022,-13.104027
CNP0174304.2,-14.392,-12.959482
CNP0174534.1,-13.062,-12.539347
CNP0175015.1,-13.926,-12.480075
CNP0175961.1,-13.444,-12.605318
CNP0175961.2,-14.062,-12.591645
CNP0175961.3,-12.986,-12.5945835
CNP0176052.1,-12.225,-12.5311165
CNP0176573.10,-12.31,-12.570183
CNP0176573.13,-12.123,-12.822982
CNP0176573.14,-11.688,-12.527
CNP0177268.0,-12.0,-12.621518
CNP0177728.1,-12.665,-12.96049
CNP0177797.1,-14.545,-12.4821
CNP0179112.2,-14.048,-12.496597
CNP0180142.1,-13.786,-12.855691
CNP0180197.1,-11.355,-12.659871
CNP0180671.2,-12.295,-12.503862
CNP0181001.1,-13.199,-12.6406975
CNP0181969.1,-12.559,-12.64341
CNP0181969.2,-12.823,-12.652356
CNP0181969.3,-12.197,-12.598682
CNP0183210.1,-12.093,-12.578489
CNP0183210.2,-12.538,-12.598705
CNP0183210.3,-12.442,-12.540712
CNP0183210.5,-12.596,-12.583514
CNP0183210.6,-12.049,-12.538329
CNP0183210.7,-12.489,-12.533803
CNP0183210.9,-12.385,-12.567093
CNP0183354.1,-12.856,-12.4771
CNP0183354.15,-12.496,-12.573604
CNP0183354.7,-12.575,-12.584664
CNP0183354.8,-12.103,-12.47471
CNP0184035.1,-14.565,-12.580135
CNP0186541.4,-13.016,-12.766361
CNP0186702.1,-12.333,-12.556967
CNP0188145.2,-13.172,-12.515516
CNP0188145.3,-12.666,-12.533455
CNP0188145.5,-13.064,-12.534093
CNP0188145.6,-11.926,-12.514091
CNP0188145.7,-13.427,-12.5540285
CNP0188206.17,-12.344,-12.485962
CNP0189407.2,-11.714,-12.733725
CNP0189407.3,-11.938,-12.6027565
CNP0189659.1,-12.78,-12.570613
CNP0192031.0,-12.907,-12.594848
CNP0192260.2,-12.651,-12.495594
CNP0192260.5,-12.572,-12.642382
CNP0193878.2,-12.883,-12.472859
CNP0193886.1,-13.762,-12.507642
CNP0194151.1,-13.06,-13.093504
CNP0195108.1,-11.723,-12.70602
CNP0195108.2,-12.808,-12.701171
CNP0195259.6,-12.625,-12.592313
CNP0196339.1,-12.933,-12.698672
CNP0197409.1,-12.722,-12.475527
CNP0197515.1,-12.782,-12.541231
CNP0197607.1,-13.163,-12.546933
CNP0197845.2,-11.539,-12.541826
CNP0197847.1,-14.36,-12.82603
CNP0197847.2,-15.812,-12.920633
CNP0197847.3,-13.873,-12.823023
CNP0197847.4,-14.162,-12.9975605
CNP0197847.5,-15.612,-12.910256
CNP0198476.1,-12.379,-12.902473
CNP0198595.2,-12.938,-12.543247
CNP0200093.1,-12.561,-12.500043
CNP0200896.5,-12.133,-12.54291
CNP0200896.7,-11.016,-12.659114
CNP0201047.1,-13.209,-12.503468
CNP0201578.2,-13.605,-12.959212
CNP0201578.3,-13.163,-12.476754
CNP0201697.1,-12.068,-12.746702
CNP0201697.2,-12.225,-12.676662
CNP0202293.1,-13.092,-12.7936735
CNP0202293.2,-13.021,-12.904588
CNP0202331.1,-12.54,-12.680155
CNP0202462.1,-12.703,-12.494071
CNP0202976.1,-11.525,-12.542761
CNP0202976.2,-11.992,-12.575795
CNP0203452.14,-12.874,-12.536066
CNP0203452.16,-12.178,-12.567287
CNP0204025.1,-15.291,-12.496652
CNP0204358.2,-12.856,-12.505113
CNP0204684.1,-12.398,-12.945574
CNP0204757.3,-12.679,-12.499297
CNP0204757.5,-12.854,-12.5364685
CNP0205219.3,-13.165,-12.908132
CNP0205219.4,-12.298,-12.685633
CNP0205219.5,-13.374,-12.817076
CNP0205250.3,-11.712,-12.546256
CNP0205250.4,-12.004,-12.562044
CNP0206403.2,-12.671,-12.676493
CNP0206403.4,-12.666,-12.677116
CNP0206403.5,-12.527,-12.652326
CNP0206403.6,-13.212,-12.582442
CNP0206403.8,-12.763,-12.606238
CNP0207261.2,-11.617,-12.610003
CNP0209031.2,-12.314,-12.494904
CNP0209217.1,-12.791,-12.589772
CNP0209411.0,-12.235,-12.832906
CNP0209594.1,-12.892,-12.480002
CNP0210147.1,-12.593,-12.479187
CNP0210147.2,-12.479,-12.513128
CNP0210147.3,-12.125,-12.499604
CNP0210563.1,-11.504,-13.003566
CNP0210563.2,-12.84,-13.190291
CNP0210563.3,-13.592,-13.195849
CNP0210563.4,-13.28,-12.990641
CNP0210563.5,-13.448,-13.171118
CNP0211194.0,-13.076,-13.100528
CNP0212184.1,-12.522,-12.697701
CNP0213055.1,-12.438,-12.58429
CNP0213332.1,-13.781,-12.638188
CNP0213332.11,-12.537,-12.860674
CNP0213332.12,-12.39,-12.8539095
CNP0213332.2,-14.135,-12.714544
CNP0213332.3,-12.724,-12.701874
CNP0213332.4,-12.588,-12.860436
CNP0213332.5,-12.773,-12.697504
CNP0213332.6,-13.209,-12.890627
CNP0213332.7,-13.148,-12.842869
CNP0213563.0,-12.887,-12.553737
CNP0214069.1,-13.693,-12.721375
CNP0214069.2,-13.522,-12.600881
CNP0214193.1,-12.845,-12.586313
CNP0214193.4,-11.922,-12.585764
CNP0376228.1,-13.042,-12.70441
CNP0376228.2,-13.021,-12.674358
CNP0380042.1,-13.326,-12.573683
CNP0383458.1,-12.282,-12.475751
CNP0384769.0,-12.198,-12.475982
CNP0386461.0,-11.863,-12.596205
CNP0387900.2,-11.456,-12.671048
CNP0389765.1,-12.601,-12.497042
CNP0389968.1,-13.092,-12.827834
CNP0394131.1,-11.731,-12.491407
CNP0398157.1,-12.901,-12.783185
CNP0398964.3,-13.013,-12.660815
CNP0400872.0,-13.317,-12.61477
CNP0403720.1,-11.407,-12.7092285
CNP0403720.2,-12.729,-12.773844
CNP0409471.1,-13.394,-12.995952
CNP0411203.4,-12.403,-12.5772085
CNP0411203.5,-12.514,-12.5772085
CNP0413252.1,-12.442,-12.67659
CNP0413252.10,-13.436,-12.6961355
CNP0413252.2,-11.267,-12.618056
CNP0413252.3,-12.831,-12.665209
CNP0413252.4,-12.47,-12.652442
CNP0413252.5,-12.925,-12.642408
CNP0413252.6,-13.318,-12.665493
CNP0413252.7,-11.906,-12.535637
CNP0413252.8,-12.612,-12.517761
CNP0413252.9,-12.414,-12.487581
CNP0413769.2,-12.285,-12.599454
CNP0413769.3,-13.832,-12.485395
CNP0414994.1,-12.867,-12.59883
CNP0417684.1,-13.01,-12.829426
CNP0417684.2,-11.784,-12.890658
CNP0418012.1,-12.099,-12.522721
CNP0418012.2,-12.166,-12.506306
CNP0418992.1,-12.336,-12.590629
CNP0420705.1,-13.221,-12.824021
CNP0424077.1,-14.42,-12.493682
CNP0424393.1,-12.851,-12.813673
CNP0424583.1,-10.725,-12.9068575
CNP0427395.1,-13.703,-12.5385475
CNP0427510.1,-14.156,-12.583091
CNP0429931.1,-14.178,-12.663197
CNP0430564.1,-10.934,-12.853969
CNP0430708.1,-14.261,-12.530663
CNP0431091.1,-12.633,-12.934033
CNP0436073.1,-14.473,-12.702345
CNP0437649.1,-11.904,-12.728884
CNP0439266.1,-13.649,-12.709277
CNP0439266.2,-13.443,-12.667098
CNP0443759.1,-15.765,-12.490199
CNP0455691.1,-13.517,-12.707972
CNP0461379.1,-13.162,-12.659895
CNP0461379.2,-13.926,-12.645111
CNP0480210.1,-14.034,-12.780005
CNP0481710.1,-14.229,-12.574086
CNP0481710.2,-14.229,-12.705865
CNP0484741.1,-13.859,-12.592866
CNP0484741.2,-14.428,-12.811974
CNP0486176.1,-14.438,-12.721305
CNP0490429.1,-12.223,-12.490407
CNP0493932.1,-13.566,-12.6497345
CNP0495063.1,-12.846,-12.555872
CNP0496129.1,-14.721,-12.481359
CNP0497568.1,-12.836,-12.584107
CNP0508227.1,-12.411,-12.5446615
CNP0515158.1,-14.818,-12.610732
CNP0515535.1,-13.847,-12.87781
CNP0518218.1,-11.975,-12.682837
CNP0524073.2,-12.653,-12.577114
CNP0528149.1,-12.592,-12.667926
CNP0528372.1,-14.513,-12.766198
CNP0529618.1,-14.327,-12.494859
CNP0531412.1,-13.091,-12.902454
CNP0531412.2,-13.603,-12.746701
CNP0531993.1,-11.848,-12.647986
CNP0534862.1,-14.406,-12.594437
CNP0535248.1,-10.913,-12.691273
CNP0535248.2,-11.791,-12.67403
CNP0538100.1,-12.188,-12.629652
CNP0539545.1,-10.713,-12.705487
CNP0540933.1,-12.024,-12.479283
CNP0545248.1,-13.918,-12.648933
CNP0547899.0,-12.32,-12.5269985
CNP0548649.1,-14.098,-12.857441
CNP0548649.2,-13.899,-12.723264
CNP0549660.1,-14.551,-12.727562
CNP0549660.2,-14.34,-12.820843
CNP0552121.1,-13.105,-12.697849
CNP0552121.2,-13.566,-12.857029
CNP0557905.1,-11.615,-12.526928
CNP0560411.1,-12.637,-12.474866
CNP0561828.1,-13.417,-12.525253
CNP0564211.1,-12.273,-12.8167515
CNP0569620.1,-13.737,-12.906339
CNP0569620.2,-12.965,-12.831862
CNP0572972.1,-13.848,-12.827302
CNP0572972.2,-13.514,-12.692732
CNP0572972.3,-12.427,-12.786613
CNP0572972.4,-12.215,-12.855476
CNP0576093.1,-14.602,-12.48921
CNP0576093.2,-13.775,-12.743229
CNP0579111.1,-13.97,-12.820181
CNP0582361.1,-14.297,-12.757457
CNP0582361.2,-13.101,-12.540741
CNP0586463.0,-13.228,-12.939731
CNP0586769.2,-13.819,-12.695317
CNP0588664.1,-13.214,-12.85048
CNP0589980.1,-14.605,-12.698196
CNP0590390.1,-12.699,-12.599052
CNP0590724.1,-14.495,-12.6957445
CNP0590724.2,-15.149,-12.729576
CNP0591331.1,-12.077,-12.62527
CNP0597014.1,-12.261,-12.504814
CNP0599667.1,-13.607,-12.836953
CNP0600437.0,-12.923,-12.536968
CNP0601335.1,-11.362,-12.514979
CNP0601926.1,-13.16,-12.630732
CNP0604312.1,-13.269,-12.517795
CNP0604312.2,-13.076,-12.695482
