Descriptor,adaboost_regressor,catboost_regressor,decision_tree_regressor,elastic_net_regressor,gradient_boosting_regressor,knn_regressor,lasso_regressor,lightgbm_regressor,linear_regressor,polynomial_regressor,random_forest_regressor,ridge_regressor,svr_regressor,xgboost_regressor
BalabanIndex,7,6,6,4,8,6,4,7,5,5,6,5,8,7
RingCount,3,2,2,2,2,1,2,2,2,2,2,2,1,1
RotatableBonds,3,4,2,2,3,1,2,3,2,2,2,2,3,3
WienerIndex,3,2,3,0,3,2,0,3,0,0,1,0,2,2
PathComplexityIndex,2,1,2,1,1,0,1,1,2,2,1,2,2,1
BertzCTIndex,2,3,2,2,2,2,2,2,1,1,3,1,2,3
MolarRefractivity,2,2,2,0,0,0,0,0,1,1,1,1,0,1
TotalPathCount,2,2,3,3,3,2,3,3,4,4,3,4,1,3
ZagrebIndex,2,1,2,3,1,3,3,1,3,3,2,3,4,1
Largest_ring_size,2,3,2,2,2,2,2,3,2,2,4,2,1,3
TPSA,1,0,0,1,1,0,1,0,1,1,0,1,0,0
FragmentComplexityScore,1,1,1,1,1,1,1,1,1,1,1,1,1,1
CovalentRadiusSum,1,0,1,0,0,0,0,0,0,0,0,0,1,0
Avg_EState,1,0,1,1,0,0,1,0,1,1,0,1,1,0
PMI1,1,1,2,0,2,1,0,2,0,0,1,0,1,2
Max_EState,1,1,1,2,1,1,2,1,2,2,1,2,1,1
Fused_ring_count,1,0,1,0,0,1,0,0,0,0,1,0,0,0
Chi4,1,3,0,4,2,1,4,2,3,3,0,3,1,2
Asphericity,1,0,1,0,1,2,0,1,0,0,1,0,0,1
PMI_Ratio1,1,1,2,0,1,3,0,1,0,0,3,0,1,1
HBD,1,1,1,0,1,0,0,1,0,0,0,0,1,1
PMI3,1,1,0,0,0,0,0,0,0,0,0,0,0,0
TopologicalRadius,0,1,0,1,0,1,1,0,1,1,1,1,1,0
Chi2,0,1,0,1,1,0,1,1,0,0,0,0,0,1
PMI2,0,1,0,0,0,0,0,1,0,0,1,0,0,1
TopologicalDiameter,0,1,0,1,1,0,1,1,0,0,0,0,0,1
FractionCSP3,0,1,0,2,0,0,2,0,2,2,1,2,0,0
InertialShapeFactor,0,0,1,0,0,0,0,0,0,0,0,0,0,0
AtomInformationContent,0,0,1,0,0,1,0,0,0,0,0,0,1,0
RadiusOfGyration,0,0,1,3,1,1,3,1,3,3,1,3,1,1
SSSR_count,0,0,0,2,0,1,2,0,2,2,1,2,1,0
GraphDistanceDistributionEntropy,0,0,0,1,1,2,1,1,1,1,0,1,0,1
Chi0,0,0,0,1,0,1,1,0,1,1,1,1,1,0
HBA,0,0,0,0,1,0,0,1,0,0,0,0,0,1
Min_EState,0,0,0,0,0,1,0,0,0,0,0,0,1,0
LogP,0,0,0,0,0,1,0,0,0,0,0,0,0,0
BondInformationContent,0,0,0,0,0,1,0,0,0,0,0,0,1,0
Bridged_ring_count,0,0,0,0,0,1,0,0,0,0,0,0,0,0
SpherocityIndex,0,0,0,0,0,0,0,0,0,0,1,0,0,0
partial_charge_max,0,0,0,0,0,0,0,0,0,0,0,0,1,0
