Feature,catboost_regressor,random_forest_regression,knn_regression,ridge_regression,lasso_regression,xgboost_regression,linear_regression,adaboost_regressor,decision_tree_regressor,svr_regression,elastic_net_regressor,lightgbm_regression,polynomial_regression,gradient_boosting_regression
Asphericity_div_Bridged_ring_count,NA,NA,0.021,NA,NA,NA,NA,NA,NA,NA,NA,NA,NA,NA
Asphericity_div_Largest_ring_size,NA,NA,0.057,NA,NA,NA,NA,NA,NA,NA,NA,NA,NA,NA
AtomInformationContent_div_BalabanIndex,NA,NA,0.045,NA,NA,NA,NA,NA,0.017,0.073,NA,NA,NA,NA
Avg_EState_div_PathComplexityIndex,NA,NA,NA,0.563,0.502,NA,0.571,0.034,0.014,0.025,0.502,NA,0.571,NA
BalabanIndex_div_Asphericity,NA,0.042,NA,NA,NA,0.049,NA,0.078,0.023,NA,NA,0.073,NA,0.045
BalabanIndex_div_BondInformationContent,NA,NA,NA,NA,NA,NA,NA,NA,NA,0.078,NA,NA,NA,NA
BalabanIndex_div_HBA,NA,NA,NA,NA,NA,0.034,NA,NA,NA,NA,NA,0.028,NA,0.04
BalabanIndex_div_PathComplexityIndex,0.146,0.122,NA,0.199,NA,0.234,0.204,0.16,0.309,0.112,NA,0.201,0.204,0.194
BalabanIndex_div_TopologicalRadius,0.047,0.032,0.058,0.279,0.26,NA,0.28,NA,NA,0.036,0.26,NA,0.28,NA
BalabanIndex_div_ZagrebIndex,0.125,0.172,0.041,0.245,0.15,0.497,0.251,0.127,0.807,0.055,0.15,0.486,0.251,0.494
BondInformationContent_div_BalabanIndex,NA,NA,0.044,NA,NA,NA,NA,NA,NA,NA,NA,NA,NA,NA
Chi2_div_Chi4,0.061,NA,NA,NA,0.118,0.05,NA,NA,NA,NA,0.118,0.043,NA,0.048
Chi4_div_FractionCSP3,0.044,NA,NA,0.463,0.337,NA,0.474,NA,NA,NA,0.337,NA,0.474,NA
Chi4_div_RadiusOfGyration,NA,NA,NA,0.257,0.153,NA,0.261,NA,NA,NA,0.153,NA,0.261,NA
FragmentComplexityScore_div_TotalPathCount,0.078,0.046,0.042,0.351,0.351,0.069,0.351,0.027,0.054,0.09,0.351,0.064,0.351,0.062
Fused_ring_count_div_InertialShapeFactor,NA,NA,NA,NA,NA,NA,NA,NA,0.017,NA,NA,NA,NA,NA
Fused_ring_count_div_PMI_Ratio1,NA,0.049,0.029,NA,NA,NA,NA,NA,NA,NA,NA,NA,NA,NA
GraphDistanceDistributionEntropy_div_BertzCTIndex,NA,NA,0.022,NA,NA,NA,NA,NA,NA,NA,NA,NA,NA,NA
GraphDistanceDistributionEntropy_div_TotalPathCount,NA,NA,0.027,0.444,0.239,0.05,0.459,NA,NA,NA,0.239,0.033,0.459,0.035
HBD_div_BalabanIndex,0.158,NA,NA,NA,NA,0.147,NA,0.088,0.057,0.023,NA,0.136,NA,0.139
Largest_ring_size_div_BalabanIndex,0.115,0.103,NA,NA,NA,0.09,NA,0.107,NA,NA,NA,0.127,NA,0.086
Largest_ring_size_div_PMI_Ratio1,NA,NA,NA,NA,NA,NA,NA,NA,0.025,NA,NA,NA,NA,NA
LogP_div_Chi4,NA,NA,0.023,NA,NA,NA,NA,NA,NA,NA,NA,NA,NA,NA
Max_EState_div_BalabanIndex,0.068,0.117,0.059,0.487,0.469,0.167,0.489,0.08,0.032,0.144,0.469,0.175,0.489,0.159
Max_EState_div_Largest_ring_size,NA,NA,NA,0.217,0.218,NA,0.219,NA,NA,NA,0.218,NA,0.219,NA
Min_EState_div_BalabanIndex,NA,NA,0.023,NA,NA,NA,NA,NA,NA,0.031,NA,NA,NA,NA
MolarRefractivity_div_BertzCTIndex,0.051,0.032,NA,NA,NA,0.032,NA,0.07,0.051,NA,NA,NA,NA,NA
MolarRefractivity_div_TotalPathCount,0.077,NA,NA,0.258,NA,NA,0.275,0.13,0.024,NA,NA,NA,0.275,NA
PMI1_div_Largest_ring_size,0.051,0.06,NA,NA,NA,0.124,NA,0.039,0.228,NA,NA,0.116,NA,0.134
PMI1_div_WienerIndex,NA,NA,0.042,NA,NA,0.034,NA,NA,0.038,0.069,NA,0.034,NA,0.048
PMI2_div_Largest_ring_size,0.065,0.063,NA,NA,NA,0.036,NA,NA,NA,NA,NA,0.035,NA,NA
PMI_Ratio1_div_BertzCTIndex,NA,0.037,0.029,NA,NA,NA,NA,NA,NA,NA,NA,NA,NA,NA
RadiusOfGyration_div_Largest_ring_size,NA,NA,0.023,0.217,0.241,NA,0.214,NA,NA,0.039,0.241,NA,0.214,NA
RingCount_div_FractionCSP3,NA,0.036,NA,0.461,0.327,NA,0.47,NA,NA,NA,0.327,NA,0.47,NA
RingCount_div_Fused_ring_count,NA,NA,NA,NA,NA,NA,NA,0.049,NA,NA,NA,NA,NA,NA
RingCount_div_PMI_Ratio1,0.184,0.1,0.046,NA,NA,0.153,NA,0.191,0.2,0.026,NA,0.138,NA,0.184
RingCount_div_RotatableBonds,0.04,NA,NA,NA,NA,NA,NA,NA,NA,NA,NA,NA,NA,NA
RingCount_div_SSSR_count,NA,NA,NA,0.301,0.305,NA,0.299,NA,NA,NA,0.305,NA,0.299,NA
RotatableBonds_div_BertzCTIndex,0.154,0.043,NA,0.493,0.468,0.154,0.493,0.148,0.147,0.232,0.468,0.161,0.493,0.202
RotatableBonds_div_Chi4,0.11,NA,NA,0.645,0.61,0.065,0.649,0.051,NA,0.27,0.61,0.064,0.649,0.057
RotatableBonds_div_WienerIndex,0.093,0.047,0.046,NA,NA,0.154,NA,0.033,0.093,0.058,NA,0.149,NA,0.137
SSSR_count_div_SpherocityIndex,NA,0.036,NA,NA,NA,NA,NA,NA,NA,NA,NA,NA,NA,NA
SSSR_count_div_ZagrebIndex,NA,NA,0.031,0.541,0.507,NA,0.545,NA,NA,0.029,0.507,NA,0.545,NA
TPSA_div_BalabanIndex,NA,NA,NA,0.19,0.176,NA,0.192,0.047,NA,NA,0.176,NA,0.192,0.029
TopologicalDiameter_div_BertzCTIndex,0.076,NA,NA,NA,0.146,0.039,NA,NA,NA,NA,0.146,0.038,NA,0.041
TotalPathCount_div_Largest_ring_size,NA,0.033,NA,NA,NA,NA,NA,NA,NA,NA,NA,NA,NA,NA
TotalPathCount_div_RadiusOfGyration,NA,0.042,NA,0.433,0.329,0.036,0.439,NA,0.028,NA,0.329,0.029,0.439,0.031
WienerIndex_div_PMI3,0.071,NA,NA,NA,NA,NA,NA,0.024,NA,NA,NA,NA,NA,NA
WienerIndex_div_RingCount,NA,NA,NA,NA,NA,NA,NA,0.078,0.032,NA,NA,0.025,NA,0.048
ZagrebIndex_div_Chi0,NA,0.039,0.022,0.992,0.956,NA,1.005,NA,NA,0.072,0.956,NA,1.005,NA
ZagrebIndex_div_CovalentRadiusSum,NA,NA,NA,NA,NA,NA,NA,0.029,0.02,0.037,NA,NA,NA,NA
partial_charge_max_div_BertzCTIndex,NA,NA,NA,NA,NA,NA,NA,NA,NA,0.024,NA,NA,NA,NA
